#2026 05 12 03:54:25.346#Z#DEBUG#2a4a60f1-4db6-11f1-b47b-eeee0a95f40c.location-tracker-db-deployer#flowable-async-job-executor-thread-14116#
[PollStageAppStatusExecution] d8f6db78-8920-425b-9739-2f3f31b01b5b [2026-05-12T03:45:45.062625] Updated app with guid d8f6db78-8920-425b-9739-2f3f31b01b5b ({"lifecycle"=>{"data"=>{"buildpacks"=>["nodejs_buildpack"]}, "type"=>"buildpack"}}) (STDOUT, API)#
#2026 05 12 03:54:25.346#Z#DEBUG#2a4a60f1-4db6-11f1-b47b-eeee0a95f40c.location-tracker-db-deployer#flowable-async-job-executor-thread-14116#
[PollStageAppStatusExecution] d8f6db78-8920-425b-9739-2f3f31b01b5b [2026-05-12T03:45:45.198780] Updating process: "web" (STDOUT, API)#
#2026 05 12 03:54:25.346#Z#DEBUG#2a4a60f1-4db6-11f1-b47b-eeee0a95f40c.location-tracker-db-deployer#flowable-async-job-executor-thread-14116#
[PollStageAppStatusExecution] d8f6db78-8920-425b-9739-2f3f31b01b5b [2026-05-12T03:45:45.321372] Scaling process: "web" (STDOUT, API)#
#2026 05 12 03:54:25.346#Z#DEBUG#2a4a60f1-4db6-11f1-b47b-eeee0a95f40c.location-tracker-db-deployer#flowable-async-job-executor-thread-14116#
[PollStageAppStatusExecution] d8f6db78-8920-425b-9739-2f3f31b01b5b [2026-05-12T03:46:03.744872] Uploading app package for app with guid d8f6db78-8920-425b-9739-2f3f31b01b5b (STDOUT, API)#
#2026 05 12 03:54:25.346#Z#DEBUG#2a4a60f1-4db6-11f1-b47b-eeee0a95f40c.location-tracker-db-deployer#flowable-async-job-executor-thread-14116#
[PollStageAppStatusExecution] d8f6db78-8920-425b-9739-2f3f31b01b5b [2026-05-12T03:46:03.999149] Updated app with guid d8f6db78-8920-425b-9739-2f3f31b01b5b ({"environment_variables"=>"[PRIVATE DATA HIDDEN]"}) (STDOUT, API)#
#2026 05 12 03:54:25.346#Z#DEBUG#2a4a60f1-4db6-11f1-b47b-eeee0a95f40c.location-tracker-db-deployer#flowable-async-job-executor-thread-14116#
[PollStageAppStatusExecution] d8f6db78-8920-425b-9739-2f3f31b01b5b [2026-05-12T03:46:13.937212] Scaling process: "web" (STDOUT, API)#
#2026 05 12 03:54:25.346#Z#DEBUG#2a4a60f1-4db6-11f1-b47b-eeee0a95f40c.location-tracker-db-deployer#flowable-async-job-executor-thread-14116#
[PollStageAppStatusExecution] d8f6db78-8920-425b-9739-2f3f31b01b5b [2026-05-12T03:46:14.305191] Creating build for app with guid d8f6db78-8920-425b-9739-2f3f31b01b5b (STDOUT, API)#
#2026 05 12 03:54:25.346#Z#DEBUG#2a4a60f1-4db6-11f1-b47b-eeee0a95f40c.location-tracker-db-deployer#flowable-async-job-executor-thread-14116#
[PollStageAppStatusExecution] d8f6db78-8920-425b-9739-2f3f31b01b5b [2026-05-12T03:46:14.633460] Downloading nodejs_buildpack... (STDOUT, STG)#
#2026 05 12 03:54:25.346#Z#DEBUG#2a4a60f1-4db6-11f1-b47b-eeee0a95f40c.location-tracker-db-deployer#flowable-async-job-executor-thread-14116#
[PollStageAppStatusExecution] d8f6db78-8920-425b-9739-2f3f31b01b5b [2026-05-12T03:46:14.661290] Downloaded nodejs_buildpack (STDOUT, STG)#
#2026 05 12 03:54:25.346#Z#DEBUG#2a4a60f1-4db6-11f1-b47b-eeee0a95f40c.location-tracker-db-deployer#flowable-async-job-executor-thread-14116#
[PollStageAppStatusExecution] d8f6db78-8920-425b-9739-2f3f31b01b5b [2026-05-12T03:46:14.661407] Cell 4401fcd0-006d-4ceb-9b51-aa22a1b186cf creating container for instance f0c6dd69-316e-43a9-a043-8c15cf3ccf0c (STDOUT, STG)#
#2026 05 12 03:54:25.346#Z#DEBUG#2a4a60f1-4db6-11f1-b47b-eeee0a95f40c.location-tracker-db-deployer#flowable-async-job-executor-thread-14116#
[PollStageAppStatusExecution] d8f6db78-8920-425b-9739-2f3f31b01b5b [2026-05-12T03:46:15.477111] Security group rules were updated (STDOUT, STG)#
#2026 05 12 03:54:25.346#Z#DEBUG#2a4a60f1-4db6-11f1-b47b-eeee0a95f40c.location-tracker-db-deployer#flowable-async-job-executor-thread-14116#
[PollStageAppStatusExecution] d8f6db78-8920-425b-9739-2f3f31b01b5b [2026-05-12T03:46:15.743696] Cell 4401fcd0-006d-4ceb-9b51-aa22a1b186cf successfully created container for instance f0c6dd69-316e-43a9-a043-8c15cf3ccf0c (STDOUT, STG)#
#2026 05 12 03:54:25.346#Z#DEBUG#2a4a60f1-4db6-11f1-b47b-eeee0a95f40c.location-tracker-db-deployer#flowable-async-job-executor-thread-14116#
[PollStageAppStatusExecution] d8f6db78-8920-425b-9739-2f3f31b01b5b [2026-05-12T03:46:16.883774] Downloading app package... (STDOUT, STG)#
#2026 05 12 03:54:25.346#Z#DEBUG#2a4a60f1-4db6-11f1-b47b-eeee0a95f40c.location-tracker-db-deployer#flowable-async-job-executor-thread-14116#
[PollStageAppStatusExecution] d8f6db78-8920-425b-9739-2f3f31b01b5b [2026-05-12T03:46:16.883846] Downloading build artifacts cache... (STDOUT, STG)#
#2026 05 12 03:54:25.346#Z#DEBUG#2a4a60f1-4db6-11f1-b47b-eeee0a95f40c.location-tracker-db-deployer#flowable-async-job-executor-thread-14116#
[PollStageAppStatusExecution] d8f6db78-8920-425b-9739-2f3f31b01b5b [2026-05-12T03:46:16.921242] Downloaded build artifacts cache (228B) (STDOUT, STG)#
#2026 05 12 03:54:25.346#Z#DEBUG#2a4a60f1-4db6-11f1-b47b-eeee0a95f40c.location-tracker-db-deployer#flowable-async-job-executor-thread-14116#
[PollStageAppStatusExecution] d8f6db78-8920-425b-9739-2f3f31b01b5b [2026-05-12T03:46:17.270982] Downloaded app package (2.3M) (STDOUT, STG)#
#2026 05 12 03:54:25.346#Z#DEBUG#2a4a60f1-4db6-11f1-b47b-eeee0a95f40c.location-tracker-db-deployer#flowable-async-job-executor-thread-14116#
[PollStageAppStatusExecution] d8f6db78-8920-425b-9739-2f3f31b01b5b [2026-05-12T03:46:17.400120] -----> Nodejs Buildpack version 1.8.44 (STDOUT, STG)#
#2026 05 12 03:54:25.346#Z#DEBUG#2a4a60f1-4db6-11f1-b47b-eeee0a95f40c.location-tracker-db-deployer#flowable-async-job-executor-thread-14116#
[PollStageAppStatusExecution] d8f6db78-8920-425b-9739-2f3f31b01b5b [2026-05-12T03:46:17.588563] -----> Bootstrapping python (STDOUT, STG)#
#2026 05 12 03:54:25.346#Z#DEBUG#2a4a60f1-4db6-11f1-b47b-eeee0a95f40c.location-tracker-db-deployer#flowable-async-job-executor-thread-14116#
[PollStageAppStatusExecution] d8f6db78-8920-425b-9739-2f3f31b01b5b [2026-05-12T03:46:17.588585] -----> Installing python 3.11.14 (STDOUT, STG)#
#2026 05 12 03:54:25.346#Z#DEBUG#2a4a60f1-4db6-11f1-b47b-eeee0a95f40c.location-tracker-db-deployer#flowable-async-job-executor-thread-14116#
[PollStageAppStatusExecution] d8f6db78-8920-425b-9739-2f3f31b01b5b [2026-05-12T03:46:17.588753] Copy [/tmp/buildpacks/ee597f2be8090397/dependencies/b5e0345ae0ae1932e7d56fffaa49a487/python_3.11.14_linux_x64_cflinuxfs4_66f53248.tgz] (STDOUT, STG)#
#2026 05 12 03:54:25.346#Z#DEBUG#2a4a60f1-4db6-11f1-b47b-eeee0a95f40c.location-tracker-db-deployer#flowable-async-job-executor-thread-14116#
[PollStageAppStatusExecution] d8f6db78-8920-425b-9739-2f3f31b01b5b [2026-05-12T03:46:22.878646] -----> Installing binaries (STDOUT, STG)#
#2026 05 12 03:54:25.346#Z#DEBUG#2a4a60f1-4db6-11f1-b47b-eeee0a95f40c.location-tracker-db-deployer#flowable-async-job-executor-thread-14116#
[PollStageAppStatusExecution] d8f6db78-8920-425b-9739-2f3f31b01b5b [2026-05-12T03:46:22.879714] engines.node (package.json): >=18 (STDOUT, STG)#
#2026 05 12 03:54:25.346#Z#DEBUG#2a4a60f1-4db6-11f1-b47b-eeee0a95f40c.location-tracker-db-deployer#flowable-async-job-executor-thread-14116#
[PollStageAppStatusExecution] d8f6db78-8920-425b-9739-2f3f31b01b5b [2026-05-12T03:46:22.879725] engines.npm (package.json): unspecified (use default) (STDOUT, STG)#
#2026 05 12 03:54:25.346#Z#DEBUG#2a4a60f1-4db6-11f1-b47b-eeee0a95f40c.location-tracker-db-deployer#flowable-async-job-executor-thread-14116#
[PollStageAppStatusExecution] d8f6db78-8920-425b-9739-2f3f31b01b5b [2026-05-12T03:46:22.879731] [31;1m**WARNING**[0m Dangerous semver range (>) in engines.node. See: http://docs.cloudfoundry.org/buildpacks/node/node-tips.html (STDOUT, STG)#
#2026 05 12 03:54:25.346#Z#DEBUG#2a4a60f1-4db6-11f1-b47b-eeee0a95f40c.location-tracker-db-deployer#flowable-async-job-executor-thread-14116#
[PollStageAppStatusExecution] d8f6db78-8920-425b-9739-2f3f31b01b5b [2026-05-12T03:46:22.879845] -----> Installing node 24.13.0 (STDOUT, STG)#
#2026 05 12 03:54:25.346#Z#DEBUG#2a4a60f1-4db6-11f1-b47b-eeee0a95f40c.location-tracker-db-deployer#flowable-async-job-executor-thread-14116#
[PollStageAppStatusExecution] d8f6db78-8920-425b-9739-2f3f31b01b5b [2026-05-12T03:46:22.880108] Copy [/tmp/buildpacks/ee597f2be8090397/dependencies/2f5692219fecc3eee6e6d507a6bfe7b9/node_24.13.0_linux_x64_cflinuxfs4_a816dee1.tgz] (STDOUT, STG)#
#2026 05 12 03:54:25.346#Z#DEBUG#2a4a60f1-4db6-11f1-b47b-eeee0a95f40c.location-tracker-db-deployer#flowable-async-job-executor-thread-14116#
[PollStageAppStatusExecution] d8f6db78-8920-425b-9739-2f3f31b01b5b [2026-05-12T03:46:26.093842] Using default npm version: 11.6.2 (STDOUT, STG)#
#2026 05 12 03:54:25.346#Z#DEBUG#2a4a60f1-4db6-11f1-b47b-eeee0a95f40c.location-tracker-db-deployer#flowable-async-job-executor-thread-14116#
[PollStageAppStatusExecution] d8f6db78-8920-425b-9739-2f3f31b01b5b [2026-05-12T03:46:26.093869] -----> Installing yarn 1.22.22 (STDOUT, STG)#
#2026 05 12 03:54:25.346#Z#DEBUG#2a4a60f1-4db6-11f1-b47b-eeee0a95f40c.location-tracker-db-deployer#flowable-async-job-executor-thread-14116#
[PollStageAppStatusExecution] d8f6db78-8920-425b-9739-2f3f31b01b5b [2026-05-12T03:46:26.093874] Copy [/tmp/buildpacks/ee597f2be8090397/dependencies/e3a39aedd1236924d69cc2d0637a8ed2/yarn_1.22.22_linux_noarch_any-stack_4911d0a6.tgz] (STDOUT, STG)#
#2026 05 12 03:54:25.346#Z#DEBUG#2a4a60f1-4db6-11f1-b47b-eeee0a95f40c.location-tracker-db-deployer#flowable-async-job-executor-thread-14116#
[PollStageAppStatusExecution] d8f6db78-8920-425b-9739-2f3f31b01b5b [2026-05-12T03:46:26.527618] Installed yarn 1.22.22 (STDOUT, STG)#
#2026 05 12 03:54:25.346#Z#DEBUG#2a4a60f1-4db6-11f1-b47b-eeee0a95f40c.location-tracker-db-deployer#flowable-async-job-executor-thread-14116#
[PollStageAppStatusExecution] d8f6db78-8920-425b-9739-2f3f31b01b5b [2026-05-12T03:46:26.527851] -----> Creating runtime environment (STDOUT, STG)#
#2026 05 12 03:54:25.346#Z#DEBUG#2a4a60f1-4db6-11f1-b47b-eeee0a95f40c.location-tracker-db-deployer#flowable-async-job-executor-thread-14116#
[PollStageAppStatusExecution] d8f6db78-8920-425b-9739-2f3f31b01b5b [2026-05-12T03:46:26.530084] NODE_ENV=production (STDOUT, STG)#
#2026 05 12 03:54:25.346#Z#DEBUG#2a4a60f1-4db6-11f1-b47b-eeee0a95f40c.location-tracker-db-deployer#flowable-async-job-executor-thread-14116#
[PollStageAppStatusExecution] d8f6db78-8920-425b-9739-2f3f31b01b5b [2026-05-12T03:46:26.530098] NODE_HOME=/tmp/contents2808410709/deps/0/node (STDOUT, STG)#
#2026 05 12 03:54:25.346#Z#DEBUG#2a4a60f1-4db6-11f1-b47b-eeee0a95f40c.location-tracker-db-deployer#flowable-async-job-executor-thread-14116#
[PollStageAppStatusExecution] d8f6db78-8920-425b-9739-2f3f31b01b5b [2026-05-12T03:46:26.530101] NODE_MODULES_CACHE=true (STDOUT, STG)#
#2026 05 12 03:54:25.346#Z#DEBUG#2a4a60f1-4db6-11f1-b47b-eeee0a95f40c.location-tracker-db-deployer#flowable-async-job-executor-thread-14116#
[PollStageAppStatusExecution] d8f6db78-8920-425b-9739-2f3f31b01b5b [2026-05-12T03:46:26.530105] NODE_VERBOSE=false (STDOUT, STG)#
#2026 05 12 03:54:25.346#Z#DEBUG#2a4a60f1-4db6-11f1-b47b-eeee0a95f40c.location-tracker-db-deployer#flowable-async-job-executor-thread-14116#
[PollStageAppStatusExecution] d8f6db78-8920-425b-9739-2f3f31b01b5b [2026-05-12T03:46:26.530109] NPM_CONFIG_LOGLEVEL=error (STDOUT, STG)#
#2026 05 12 03:54:25.346#Z#DEBUG#2a4a60f1-4db6-11f1-b47b-eeee0a95f40c.location-tracker-db-deployer#flowable-async-job-executor-thread-14116#
[PollStageAppStatusExecution] d8f6db78-8920-425b-9739-2f3f31b01b5b [2026-05-12T03:46:26.530112] NPM_CONFIG_PRODUCTION=true (STDOUT, STG)#
#2026 05 12 03:54:25.346#Z#DEBUG#2a4a60f1-4db6-11f1-b47b-eeee0a95f40c.location-tracker-db-deployer#flowable-async-job-executor-thread-14116#
[PollStageAppStatusExecution] d8f6db78-8920-425b-9739-2f3f31b01b5b [2026-05-12T03:46:26.530124] -----> Building dependencies (STDOUT, STG)#
#2026 05 12 03:54:25.346#Z#DEBUG#2a4a60f1-4db6-11f1-b47b-eeee0a95f40c.location-tracker-db-deployer#flowable-async-job-executor-thread-14116#
[PollStageAppStatusExecution] d8f6db78-8920-425b-9739-2f3f31b01b5b [2026-05-12T03:46:26.530132] Prebuild detected (node_modules already exists) (STDOUT, STG)#
#2026 05 12 03:54:25.346#Z#DEBUG#2a4a60f1-4db6-11f1-b47b-eeee0a95f40c.location-tracker-db-deployer#flowable-async-job-executor-thread-14116#
[PollStageAppStatusExecution] d8f6db78-8920-425b-9739-2f3f31b01b5b [2026-05-12T03:46:26.530219] Rebuilding any native modules (STDOUT, STG)#
#2026 05 12 03:54:25.346#Z#DEBUG#2a4a60f1-4db6-11f1-b47b-eeee0a95f40c.location-tracker-db-deployer#flowable-async-job-executor-thread-14116#
[PollStageAppStatusExecution] d8f6db78-8920-425b-9739-2f3f31b01b5b [2026-05-12T03:46:27.170814] rebuilt dependencies successfully (STDOUT, STG)#
#2026 05 12 03:54:25.346#Z#DEBUG#2a4a60f1-4db6-11f1-b47b-eeee0a95f40c.location-tracker-db-deployer#flowable-async-job-executor-thread-14116#
[PollStageAppStatusExecution] d8f6db78-8920-425b-9739-2f3f31b01b5b [2026-05-12T03:46:27.252093] Installing any new modules (package.json + package-lock.json) (STDOUT, STG)#
#2026 05 12 03:54:25.346#Z#DEBUG#2a4a60f1-4db6-11f1-b47b-eeee0a95f40c.location-tracker-db-deployer#flowable-async-job-executor-thread-14116#
[PollStageAppStatusExecution] d8f6db78-8920-425b-9739-2f3f31b01b5b [2026-05-12T03:46:27.771288] up to date in 432ms (STDOUT, STG)#
#2026 05 12 03:54:25.346#Z#DEBUG#2a4a60f1-4db6-11f1-b47b-eeee0a95f40c.location-tracker-db-deployer#flowable-async-job-executor-thread-14116#
[PollStageAppStatusExecution] d8f6db78-8920-425b-9739-2f3f31b01b5b [2026-05-12T03:46:27.771462] 4 packages are looking for funding (STDOUT, STG)#
#2026 05 12 03:54:25.346#Z#DEBUG#2a4a60f1-4db6-11f1-b47b-eeee0a95f40c.location-tracker-db-deployer#flowable-async-job-executor-thread-14116#
[PollStageAppStatusExecution] d8f6db78-8920-425b-9739-2f3f31b01b5b [2026-05-12T03:46:27.771588] run `npm fund` for details (STDOUT, STG)#
#2026 05 12 03:54:25.346#Z#DEBUG#2a4a60f1-4db6-11f1-b47b-eeee0a95f40c.location-tracker-db-deployer#flowable-async-job-executor-thread-14116#
[PollStageAppStatusExecution] d8f6db78-8920-425b-9739-2f3f31b01b5b [2026-05-12T03:46:28.537668] Contrast Security no credentials found. Will not write environment files. (STDOUT, STG)#
#2026 05 12 03:54:25.346#Z#DEBUG#2a4a60f1-4db6-11f1-b47b-eeee0a95f40c.location-tracker-db-deployer#flowable-async-job-executor-thread-14116#
[PollStageAppStatusExecution] d8f6db78-8920-425b-9739-2f3f31b01b5b [2026-05-12T03:46:40.916474] Exit status 0 (STDOUT, STG)#
#2026 05 12 03:54:25.346#Z#DEBUG#2a4a60f1-4db6-11f1-b47b-eeee0a95f40c.location-tracker-db-deployer#flowable-async-job-executor-thread-14116#
[PollStageAppStatusExecution] d8f6db78-8920-425b-9739-2f3f31b01b5b [2026-05-12T03:46:40.916576] Uploading droplet, build artifacts cache... (STDOUT, STG)#
#2026 05 12 03:54:25.346#Z#DEBUG#2a4a60f1-4db6-11f1-b47b-eeee0a95f40c.location-tracker-db-deployer#flowable-async-job-executor-thread-14116#
[PollStageAppStatusExecution] d8f6db78-8920-425b-9739-2f3f31b01b5b [2026-05-12T03:46:40.916662] Uploading droplet... (STDOUT, STG)#
#2026 05 12 03:54:25.346#Z#DEBUG#2a4a60f1-4db6-11f1-b47b-eeee0a95f40c.location-tracker-db-deployer#flowable-async-job-executor-thread-14116#
[PollStageAppStatusExecution] d8f6db78-8920-425b-9739-2f3f31b01b5b [2026-05-12T03:46:40.916714] Uploading build artifacts cache... (STDOUT, STG)#
#2026 05 12 03:54:25.346#Z#DEBUG#2a4a60f1-4db6-11f1-b47b-eeee0a95f40c.location-tracker-db-deployer#flowable-async-job-executor-thread-14116#
[PollStageAppStatusExecution] d8f6db78-8920-425b-9739-2f3f31b01b5b [2026-05-12T03:46:40.940679] Uploaded build artifacts cache (228B) (STDOUT, STG)#
#2026 05 12 03:54:25.346#Z#DEBUG#2a4a60f1-4db6-11f1-b47b-eeee0a95f40c.location-tracker-db-deployer#flowable-async-job-executor-thread-14116#
[PollStageAppStatusExecution] d8f6db78-8920-425b-9739-2f3f31b01b5b [2026-05-12T03:46:41.848417] Creating droplet for app with guid d8f6db78-8920-425b-9739-2f3f31b01b5b (STDOUT, API)#
#2026 05 12 03:54:25.346#Z#DEBUG#2a4a60f1-4db6-11f1-b47b-eeee0a95f40c.location-tracker-db-deployer#flowable-async-job-executor-thread-14116#
[PollStageAppStatusExecution] d8f6db78-8920-425b-9739-2f3f31b01b5b [2026-05-12T03:46:45.930973] Uploaded droplet (58.4M) (STDOUT, STG)#
#2026 05 12 03:54:25.346#Z#DEBUG#2a4a60f1-4db6-11f1-b47b-eeee0a95f40c.location-tracker-db-deployer#flowable-async-job-executor-thread-14116#
[PollStageAppStatusExecution] d8f6db78-8920-425b-9739-2f3f31b01b5b [2026-05-12T03:46:45.973121] Uploading complete (STDOUT, STG)#
#2026 05 12 03:54:25.346#Z#DEBUG#2a4a60f1-4db6-11f1-b47b-eeee0a95f40c.location-tracker-db-deployer#flowable-async-job-executor-thread-14116#
[PollStageAppStatusExecution] d8f6db78-8920-425b-9739-2f3f31b01b5b [2026-05-12T03:46:46.728100] Cell 4401fcd0-006d-4ceb-9b51-aa22a1b186cf stopping instance f0c6dd69-316e-43a9-a043-8c15cf3ccf0c (STDOUT, STG)#
#2026 05 12 03:54:25.346#Z#DEBUG#2a4a60f1-4db6-11f1-b47b-eeee0a95f40c.location-tracker-db-deployer#flowable-async-job-executor-thread-14116#
[PollStageAppStatusExecution] d8f6db78-8920-425b-9739-2f3f31b01b5b [2026-05-12T03:46:46.728187] Cell 4401fcd0-006d-4ceb-9b51-aa22a1b186cf destroying container for instance f0c6dd69-316e-43a9-a043-8c15cf3ccf0c (STDOUT, STG)#
#2026 05 12 03:54:25.346#Z#DEBUG#2a4a60f1-4db6-11f1-b47b-eeee0a95f40c.location-tracker-db-deployer#flowable-async-job-executor-thread-14116#
[PollStageAppStatusExecution] d8f6db78-8920-425b-9739-2f3f31b01b5b [2026-05-12T03:46:46.867695] Staging complete for build f0c6dd69-316e-43a9-a043-8c15cf3ccf0c (STDOUT, API)#
#2026 05 12 03:54:25.346#Z#DEBUG#2a4a60f1-4db6-11f1-b47b-eeee0a95f40c.location-tracker-db-deployer#flowable-async-job-executor-thread-14116#
[PollStageAppStatusExecution] d8f6db78-8920-425b-9739-2f3f31b01b5b [2026-05-12T03:46:50.737257] Cell 4401fcd0-006d-4ceb-9b51-aa22a1b186cf successfully destroyed container for instance f0c6dd69-316e-43a9-a043-8c15cf3ccf0c (STDOUT, STG)#
#2026 05 12 03:54:25.346#Z#DEBUG#2a4a60f1-4db6-11f1-b47b-eeee0a95f40c.location-tracker-db-deployer#flowable-async-job-executor-thread-14116#
[PollStageAppStatusExecution] d8f6db78-8920-425b-9739-2f3f31b01b5b [2026-05-12T03:46:53.907339] Updated app with guid d8f6db78-8920-425b-9739-2f3f31b01b5b ({:droplet_guid=>"ccb1e9d9-e8ca-480d-8fb3-dfc05e20b183"}) (STDOUT, API)#
#2026 05 12 03:54:25.346#Z#DEBUG#2a4a60f1-4db6-11f1-b47b-eeee0a95f40c.location-tracker-db-deployer#flowable-async-job-executor-thread-14116#
[PollStageAppStatusExecution] d8f6db78-8920-425b-9739-2f3f31b01b5b [2026-05-12T03:46:54.453177] Cell 4401fcd0-006d-4ceb-9b51-aa22a1b186cf creating container for instance e214d394-4a1b-4e2c-908e-db70c4786d77 (STDOUT, CELL)#
#2026 05 12 03:54:25.346#Z#DEBUG#2a4a60f1-4db6-11f1-b47b-eeee0a95f40c.location-tracker-db-deployer#flowable-async-job-executor-thread-14116#
[PollStageAppStatusExecution] d8f6db78-8920-425b-9739-2f3f31b01b5b [2026-05-12T03:46:55.275566] Security group rules were updated (STDOUT, CELL)#
#2026 05 12 03:54:25.346#Z#DEBUG#2a4a60f1-4db6-11f1-b47b-eeee0a95f40c.location-tracker-db-deployer#flowable-async-job-executor-thread-14116#
[PollStageAppStatusExecution] d8f6db78-8920-425b-9739-2f3f31b01b5b [2026-05-12T03:46:55.589441] Cell 4401fcd0-006d-4ceb-9b51-aa22a1b186cf successfully created container for instance e214d394-4a1b-4e2c-908e-db70c4786d77 (STDOUT, CELL)#
#2026 05 12 03:54:25.346#Z#DEBUG#2a4a60f1-4db6-11f1-b47b-eeee0a95f40c.location-tracker-db-deployer#flowable-async-job-executor-thread-14116#
[PollStageAppStatusExecution] d8f6db78-8920-425b-9739-2f3f31b01b5b [2026-05-12T03:47:01.372155] Invoking pre-start scripts. (STDOUT, APP/TASK/deploy)#
#2026 05 12 03:54:25.346#Z#DEBUG#2a4a60f1-4db6-11f1-b47b-eeee0a95f40c.location-tracker-db-deployer#flowable-async-job-executor-thread-14116#
[PollStageAppStatusExecution] d8f6db78-8920-425b-9739-2f3f31b01b5b [2026-05-12T03:47:01.652909] Invoking start command. (STDOUT, APP/TASK/deploy)#
#2026 05 12 03:54:25.346#Z#DEBUG#2a4a60f1-4db6-11f1-b47b-eeee0a95f40c.location-tracker-db-deployer#flowable-async-job-executor-thread-14116#
[PollStageAppStatusExecution] d8f6db78-8920-425b-9739-2f3f31b01b5b [2026-05-12T03:47:02.168228] > start (STDOUT, APP/TASK/deploy)#
#2026 05 12 03:54:25.346#Z#DEBUG#2a4a60f1-4db6-11f1-b47b-eeee0a95f40c.location-tracker-db-deployer#flowable-async-job-executor-thread-14116#
[PollStageAppStatusExecution] d8f6db78-8920-425b-9739-2f3f31b01b5b [2026-05-12T03:47:02.168257] > node node_modules/@sap/hdi-deploy/deploy.js --use-hdb (STDOUT, APP/TASK/deploy)#
#2026 05 12 03:54:25.346#Z#DEBUG#2a4a60f1-4db6-11f1-b47b-eeee0a95f40c.location-tracker-db-deployer#flowable-async-job-executor-thread-14116#
[PollStageAppStatusExecution] d8f6db78-8920-425b-9739-2f3f31b01b5b [2026-05-12T03:47:02.358488] VCAP_SERVICES: (STDOUT, APP/TASK/deploy)#
#2026 05 12 03:54:25.346#Z#DEBUG#2a4a60f1-4db6-11f1-b47b-eeee0a95f40c.location-tracker-db-deployer#flowable-async-job-executor-thread-14116#
[PollStageAppStatusExecution] d8f6db78-8920-425b-9739-2f3f31b01b5b [2026-05-12T03:47:02.358823] { (STDOUT, APP/TASK/deploy)#
#2026 05 12 03:54:25.346#Z#DEBUG#2a4a60f1-4db6-11f1-b47b-eeee0a95f40c.location-tracker-db-deployer#flowable-async-job-executor-thread-14116#
[PollStageAppStatusExecution] d8f6db78-8920-425b-9739-2f3f31b01b5b [2026-05-12T03:47:02.358842] "hana": [ (STDOUT, APP/TASK/deploy)#
#2026 05 12 03:54:25.347#Z#DEBUG#2a4a60f1-4db6-11f1-b47b-eeee0a95f40c.location-tracker-db-deployer#flowable-async-job-executor-thread-14116#
[PollStageAppStatusExecution] d8f6db78-8920-425b-9739-2f3f31b01b5b [2026-05-12T03:47:02.358847] { (STDOUT, APP/TASK/deploy)#
#2026 05 12 03:54:25.347#Z#DEBUG#2a4a60f1-4db6-11f1-b47b-eeee0a95f40c.location-tracker-db-deployer#flowable-async-job-executor-thread-14116#
[PollStageAppStatusExecution] d8f6db78-8920-425b-9739-2f3f31b01b5b [2026-05-12T03:47:02.358852] "name": "location-tracker-db", (STDOUT, APP/TASK/deploy)#
#2026 05 12 03:54:25.347#Z#DEBUG#2a4a60f1-4db6-11f1-b47b-eeee0a95f40c.location-tracker-db-deployer#flowable-async-job-executor-thread-14116#
[PollStageAppStatusExecution] d8f6db78-8920-425b-9739-2f3f31b01b5b [2026-05-12T03:47:02.358858] "label": "hana", (STDOUT, APP/TASK/deploy)#
#2026 05 12 03:54:25.347#Z#DEBUG#2a4a60f1-4db6-11f1-b47b-eeee0a95f40c.location-tracker-db-deployer#flowable-async-job-executor-thread-14116#
[PollStageAppStatusExecution] d8f6db78-8920-425b-9739-2f3f31b01b5b [2026-05-12T03:47:02.358863] "plan": "hdi-shared", (STDOUT, APP/TASK/deploy)#
#2026 05 12 03:54:25.347#Z#DEBUG#2a4a60f1-4db6-11f1-b47b-eeee0a95f40c.location-tracker-db-deployer#flowable-async-job-executor-thread-14116#
[PollStageAppStatusExecution] d8f6db78-8920-425b-9739-2f3f31b01b5b [2026-05-12T03:47:02.358868] "credentials": { (STDOUT, APP/TASK/deploy)#
#2026 05 12 03:54:25.347#Z#DEBUG#2a4a60f1-4db6-11f1-b47b-eeee0a95f40c.location-tracker-db-deployer#flowable-async-job-executor-thread-14116#
[PollStageAppStatusExecution] d8f6db78-8920-425b-9739-2f3f31b01b5b [2026-05-12T03:47:02.358872] "schema": "9005752B873E4CD3A96797040AFE8DB5", (STDOUT, APP/TASK/deploy)#
#2026 05 12 03:54:25.347#Z#DEBUG#2a4a60f1-4db6-11f1-b47b-eeee0a95f40c.location-tracker-db-deployer#flowable-async-job-executor-thread-14116#
[PollStageAppStatusExecution] d8f6db78-8920-425b-9739-2f3f31b01b5b [2026-05-12T03:47:02.358878] "database_id": "53f603be-4b09-445f-9155-a8d08900b8dd", (STDOUT, APP/TASK/deploy)#
#2026 05 12 03:54:25.347#Z#DEBUG#2a4a60f1-4db6-11f1-b47b-eeee0a95f40c.location-tracker-db-deployer#flowable-async-job-executor-thread-14116#
[PollStageAppStatusExecution] d8f6db78-8920-425b-9739-2f3f31b01b5b [2026-05-12T03:47:02.358883] "user": "9005752B873E4CD3A96797040AFE8DB5_4FMMJEOKWMEPXGBDLMYM8DMOV_RT", (STDOUT, APP/TASK/deploy)#
#2026 05 12 03:54:25.347#Z#DEBUG#2a4a60f1-4db6-11f1-b47b-eeee0a95f40c.location-tracker-db-deployer#flowable-async-job-executor-thread-14116#
[PollStageAppStatusExecution] d8f6db78-8920-425b-9739-2f3f31b01b5b [2026-05-12T03:47:02.358888] "hdi_user": "9005752B873E4CD3A96797040AFE8DB5_4FMMJEOKWMEPXGBDLMYM8DMOV_DT" (STDOUT, APP/TASK/deploy)#
#2026 05 12 03:54:25.347#Z#DEBUG#2a4a60f1-4db6-11f1-b47b-eeee0a95f40c.location-tracker-db-deployer#flowable-async-job-executor-thread-14116#
[PollStageAppStatusExecution] d8f6db78-8920-425b-9739-2f3f31b01b5b [2026-05-12T03:47:02.358897] }, (STDOUT, APP/TASK/deploy)#
#2026 05 12 03:54:25.347#Z#DEBUG#2a4a60f1-4db6-11f1-b47b-eeee0a95f40c.location-tracker-db-deployer#flowable-async-job-executor-thread-14116#
[PollStageAppStatusExecution] d8f6db78-8920-425b-9739-2f3f31b01b5b [2026-05-12T03:47:02.358902] "tags": [ (STDOUT, APP/TASK/deploy)#
#2026 05 12 03:54:25.347#Z#DEBUG#2a4a60f1-4db6-11f1-b47b-eeee0a95f40c.location-tracker-db-deployer#flowable-async-job-executor-thread-14116#
[PollStageAppStatusExecution] d8f6db78-8920-425b-9739-2f3f31b01b5b [2026-05-12T03:47:02.358907] "hana", (STDOUT, APP/TASK/deploy)#
#2026 05 12 03:54:25.347#Z#DEBUG#2a4a60f1-4db6-11f1-b47b-eeee0a95f40c.location-tracker-db-deployer#flowable-async-job-executor-thread-14116#
[PollStageAppStatusExecution] d8f6db78-8920-425b-9739-2f3f31b01b5b [2026-05-12T03:47:02.358912] "database", (STDOUT, APP/TASK/deploy)#
#2026 05 12 03:54:25.347#Z#DEBUG#2a4a60f1-4db6-11f1-b47b-eeee0a95f40c.location-tracker-db-deployer#flowable-async-job-executor-thread-14116#
[PollStageAppStatusExecution] d8f6db78-8920-425b-9739-2f3f31b01b5b [2026-05-12T03:47:02.358916] "relational" (STDOUT, APP/TASK/deploy)#
#2026 05 12 03:54:25.347#Z#DEBUG#2a4a60f1-4db6-11f1-b47b-eeee0a95f40c.location-tracker-db-deployer#flowable-async-job-executor-thread-14116#
[PollStageAppStatusExecution] d8f6db78-8920-425b-9739-2f3f31b01b5b [2026-05-12T03:47:02.358920] ] (STDOUT, APP/TASK/deploy)#
#2026 05 12 03:54:25.347#Z#DEBUG#2a4a60f1-4db6-11f1-b47b-eeee0a95f40c.location-tracker-db-deployer#flowable-async-job-executor-thread-14116#
[PollStageAppStatusExecution] d8f6db78-8920-425b-9739-2f3f31b01b5b [2026-05-12T03:47:02.358924] } (STDOUT, APP/TASK/deploy)#
#2026 05 12 03:54:25.347#Z#DEBUG#2a4a60f1-4db6-11f1-b47b-eeee0a95f40c.location-tracker-db-deployer#flowable-async-job-executor-thread-14116#
[PollStageAppStatusExecution] d8f6db78-8920-425b-9739-2f3f31b01b5b [2026-05-12T03:47:02.358929] ] (STDOUT, APP/TASK/deploy)#
#2026 05 12 03:54:25.347#Z#DEBUG#2a4a60f1-4db6-11f1-b47b-eeee0a95f40c.location-tracker-db-deployer#flowable-async-job-executor-thread-14116#
[PollStageAppStatusExecution] d8f6db78-8920-425b-9739-2f3f31b01b5b [2026-05-12T03:47:02.358932] } (STDOUT, APP/TASK/deploy)#
#2026 05 12 03:54:25.347#Z#DEBUG#2a4a60f1-4db6-11f1-b47b-eeee0a95f40c.location-tracker-db-deployer#flowable-async-job-executor-thread-14116#
[PollStageAppStatusExecution] d8f6db78-8920-425b-9739-2f3f31b01b5b [2026-05-12T03:47:02.831399] @sap/hdi-deploy, version 5.6.1 (mode default), server version 4.00.000.00.1777375411 (4.0.0.0), cloud version 2026.2.12, node version 24.13.0, HDI version 1016, container API version 1007 (STDOUT, APP/TASK/deploy)#
#2026 05 12 03:54:25.347#Z#DEBUG#2a4a60f1-4db6-11f1-b47b-eeee0a95f40c.location-tracker-db-deployer#flowable-async-job-executor-thread-14116#
[PollStageAppStatusExecution] d8f6db78-8920-425b-9739-2f3f31b01b5b [2026-05-12T03:47:02.831789] Deployment started at 2026-05-12 03:47:02 (STDOUT, APP/TASK/deploy)#
#2026 05 12 03:54:25.347#Z#DEBUG#2a4a60f1-4db6-11f1-b47b-eeee0a95f40c.location-tracker-db-deployer#flowable-async-job-executor-thread-14116#
[PollStageAppStatusExecution] d8f6db78-8920-425b-9739-2f3f31b01b5b [2026-05-12T03:47:02.832166] Using hdb@2.27.1 for connection (STDOUT, APP/TASK/deploy)#
#2026 05 12 03:54:25.347#Z#DEBUG#2a4a60f1-4db6-11f1-b47b-eeee0a95f40c.location-tracker-db-deployer#flowable-async-job-executor-thread-14116#
[PollStageAppStatusExecution] d8f6db78-8920-425b-9739-2f3f31b01b5b [2026-05-12T03:47:02.859349] No ignore file at /home/vcap/app/.hdiignore. (STDOUT, APP/TASK/deploy)#
#2026 05 12 03:54:25.347#Z#DEBUG#2a4a60f1-4db6-11f1-b47b-eeee0a95f40c.location-tracker-db-deployer#flowable-async-job-executor-thread-14116#
[PollStageAppStatusExecution] d8f6db78-8920-425b-9739-2f3f31b01b5b [2026-05-12T03:47:02.859940] Collecting files... (STDOUT, APP/TASK/deploy)#
#2026 05 12 03:54:25.347#Z#DEBUG#2a4a60f1-4db6-11f1-b47b-eeee0a95f40c.location-tracker-db-deployer#flowable-async-job-executor-thread-14116#
[PollStageAppStatusExecution] d8f6db78-8920-425b-9739-2f3f31b01b5b [2026-05-12T03:47:02.864314] Collecting files... ok (0s 4ms) (STDOUT, APP/TASK/deploy)#
#2026 05 12 03:54:25.347#Z#DEBUG#2a4a60f1-4db6-11f1-b47b-eeee0a95f40c.location-tracker-db-deployer#flowable-async-job-executor-thread-14116#
[PollStageAppStatusExecution] d8f6db78-8920-425b-9739-2f3f31b01b5b [2026-05-12T03:47:02.864416] 2 directories collected (STDOUT, APP/TASK/deploy)#
#2026 05 12 03:54:25.347#Z#DEBUG#2a4a60f1-4db6-11f1-b47b-eeee0a95f40c.location-tracker-db-deployer#flowable-async-job-executor-thread-14116#
[PollStageAppStatusExecution] d8f6db78-8920-425b-9739-2f3f31b01b5b [2026-05-12T03:47:02.864558] 12 files collected (STDOUT, APP/TASK/deploy)#
#2026 05 12 03:54:25.347#Z#DEBUG#2a4a60f1-4db6-11f1-b47b-eeee0a95f40c.location-tracker-db-deployer#flowable-async-job-executor-thread-14116#
[PollStageAppStatusExecution] d8f6db78-8920-425b-9739-2f3f31b01b5b [2026-05-12T03:47:02.864608] 0 reusable modules collected (STDOUT, APP/TASK/deploy)#
#2026 05 12 03:54:25.347#Z#DEBUG#2a4a60f1-4db6-11f1-b47b-eeee0a95f40c.location-tracker-db-deployer#flowable-async-job-executor-thread-14116#
[PollStageAppStatusExecution] d8f6db78-8920-425b-9739-2f3f31b01b5b [2026-05-12T03:47:02.864806] Target service: location-tracker-db (STDOUT, APP/TASK/deploy)#
#2026 05 12 03:54:25.347#Z#DEBUG#2a4a60f1-4db6-11f1-b47b-eeee0a95f40c.location-tracker-db-deployer#flowable-async-job-executor-thread-14116#
[PollStageAppStatusExecution] d8f6db78-8920-425b-9739-2f3f31b01b5b [2026-05-12T03:47:03.115848] Previous build with request ID 108 finished at 2026-05-04T08:31:04.134 with status Rolled back and message: Starting make in the container "9005752B873E4CD3A96797040AFE8DB5" with 0 files to deploy, 0 files to undeploy... ok. (STDOUT, APP/TASK/deploy)#
#2026 05 12 03:54:25.347#Z#DEBUG#2a4a60f1-4db6-11f1-b47b-eeee0a95f40c.location-tracker-db-deployer#flowable-async-job-executor-thread-14116#
[PollStageAppStatusExecution] d8f6db78-8920-425b-9739-2f3f31b01b5b [2026-05-12T03:47:03.115890] Processing revoke files... (STDOUT, APP/TASK/deploy)#
#2026 05 12 03:54:25.347#Z#DEBUG#2a4a60f1-4db6-11f1-b47b-eeee0a95f40c.location-tracker-db-deployer#flowable-async-job-executor-thread-14116#
[PollStageAppStatusExecution] d8f6db78-8920-425b-9739-2f3f31b01b5b [2026-05-12T03:47:03.116090] Processing revoke files... ok (0s 0ms) (STDOUT, APP/TASK/deploy)#
#2026 05 12 03:54:25.347#Z#DEBUG#2a4a60f1-4db6-11f1-b47b-eeee0a95f40c.location-tracker-db-deployer#flowable-async-job-executor-thread-14116#
[PollStageAppStatusExecution] d8f6db78-8920-425b-9739-2f3f31b01b5b [2026-05-12T03:47:03.116252] Processing grants files... (STDOUT, APP/TASK/deploy)#
#2026 05 12 03:54:25.347#Z#DEBUG#2a4a60f1-4db6-11f1-b47b-eeee0a95f40c.location-tracker-db-deployer#flowable-async-job-executor-thread-14116#
[PollStageAppStatusExecution] d8f6db78-8920-425b-9739-2f3f31b01b5b [2026-05-12T03:47:03.116483] Processing grants files... ok (0s 0ms) (STDOUT, APP/TASK/deploy)#
#2026 05 12 03:54:25.347#Z#DEBUG#2a4a60f1-4db6-11f1-b47b-eeee0a95f40c.location-tracker-db-deployer#flowable-async-job-executor-thread-14116#
[PollStageAppStatusExecution] d8f6db78-8920-425b-9739-2f3f31b01b5b [2026-05-12T03:47:03.119151] Preprocessing files... (STDOUT, APP/TASK/deploy)#
#2026 05 12 03:54:25.347#Z#DEBUG#2a4a60f1-4db6-11f1-b47b-eeee0a95f40c.location-tracker-db-deployer#flowable-async-job-executor-thread-14116#
[PollStageAppStatusExecution] d8f6db78-8920-425b-9739-2f3f31b01b5b [2026-05-12T03:47:03.119381] Preprocessing files... ok (0s 0ms) (STDOUT, APP/TASK/deploy)#
#2026 05 12 03:54:25.347#Z#DEBUG#2a4a60f1-4db6-11f1-b47b-eeee0a95f40c.location-tracker-db-deployer#flowable-async-job-executor-thread-14116#
[PollStageAppStatusExecution] d8f6db78-8920-425b-9739-2f3f31b01b5b [2026-05-12T03:47:03.119541] Connecting to the container "9005752B873E4CD3A96797040AFE8DB5"... (STDOUT, APP/TASK/deploy)#
#2026 05 12 03:54:25.347#Z#DEBUG#2a4a60f1-4db6-11f1-b47b-eeee0a95f40c.location-tracker-db-deployer#flowable-async-job-executor-thread-14116#
[PollStageAppStatusExecution] d8f6db78-8920-425b-9739-2f3f31b01b5b [2026-05-12T03:47:03.189209] Connecting to the container "9005752B873E4CD3A96797040AFE8DB5"... ok (0s 70ms) (STDOUT, APP/TASK/deploy)#
#2026 05 12 03:54:25.347#Z#DEBUG#2a4a60f1-4db6-11f1-b47b-eeee0a95f40c.location-tracker-db-deployer#flowable-async-job-executor-thread-14116#
[PollStageAppStatusExecution] d8f6db78-8920-425b-9739-2f3f31b01b5b [2026-05-12T03:47:03.189290] Locking the container "9005752B873E4CD3A96797040AFE8DB5"... (STDOUT, APP/TASK/deploy)#
#2026 05 12 03:54:25.347#Z#DEBUG#2a4a60f1-4db6-11f1-b47b-eeee0a95f40c.location-tracker-db-deployer#flowable-async-job-executor-thread-14116#
[PollStageAppStatusExecution] d8f6db78-8920-425b-9739-2f3f31b01b5b [2026-05-12T03:47:03.433223] Locking the container "9005752B873E4CD3A96797040AFE8DB5"... ok (0s 244ms) (STDOUT, APP/TASK/deploy)#
#2026 05 12 03:54:25.347#Z#DEBUG#2a4a60f1-4db6-11f1-b47b-eeee0a95f40c.location-tracker-db-deployer#flowable-async-job-executor-thread-14116#
[PollStageAppStatusExecution] d8f6db78-8920-425b-9739-2f3f31b01b5b [2026-05-12T03:47:03.433268] Synchronizing files with the container "9005752B873E4CD3A96797040AFE8DB5"... (STDOUT, APP/TASK/deploy)#
#2026 05 12 03:54:25.347#Z#DEBUG#2a4a60f1-4db6-11f1-b47b-eeee0a95f40c.location-tracker-db-deployer#flowable-async-job-executor-thread-14116#
[PollStageAppStatusExecution] d8f6db78-8920-425b-9739-2f3f31b01b5b [2026-05-12T03:47:03.901074] Deleting files... (STDOUT, APP/TASK/deploy)#
#2026 05 12 03:54:25.347#Z#DEBUG#2a4a60f1-4db6-11f1-b47b-eeee0a95f40c.location-tracker-db-deployer#flowable-async-job-executor-thread-14116#
[PollStageAppStatusExecution] d8f6db78-8920-425b-9739-2f3f31b01b5b [2026-05-12T03:47:04.106503] Deleting files... ok (STDOUT, APP/TASK/deploy)#
#2026 05 12 03:54:25.347#Z#DEBUG#2a4a60f1-4db6-11f1-b47b-eeee0a95f40c.location-tracker-db-deployer#flowable-async-job-executor-thread-14116#
[PollStageAppStatusExecution] d8f6db78-8920-425b-9739-2f3f31b01b5b [2026-05-12T03:47:04.106576] Writing files... (STDOUT, APP/TASK/deploy)#
#2026 05 12 03:54:25.347#Z#DEBUG#2a4a60f1-4db6-11f1-b47b-eeee0a95f40c.location-tracker-db-deployer#flowable-async-job-executor-thread-14116#
[PollStageAppStatusExecution] d8f6db78-8920-425b-9739-2f3f31b01b5b [2026-05-12T03:47:04.106966] Writing 4 items (STDOUT, APP/TASK/deploy)#
#2026 05 12 03:54:25.347#Z#DEBUG#2a4a60f1-4db6-11f1-b47b-eeee0a95f40c.location-tracker-db-deployer#flowable-async-job-executor-thread-14116#
[PollStageAppStatusExecution] d8f6db78-8920-425b-9739-2f3f31b01b5b [2026-05-12T03:47:04.460185] Writing files... ok (STDOUT, APP/TASK/deploy)#
#2026 05 12 03:54:25.347#Z#DEBUG#2a4a60f1-4db6-11f1-b47b-eeee0a95f40c.location-tracker-db-deployer#flowable-async-job-executor-thread-14116#
[PollStageAppStatusExecution] d8f6db78-8920-425b-9739-2f3f31b01b5b [2026-05-12T03:47:04.460324] Synchronizing files with the container "9005752B873E4CD3A96797040AFE8DB5"... ok (1s 27ms) (STDOUT, APP/TASK/deploy)#
#2026 05 12 03:54:25.347#Z#DEBUG#2a4a60f1-4db6-11f1-b47b-eeee0a95f40c.location-tracker-db-deployer#flowable-async-job-executor-thread-14116#
[PollStageAppStatusExecution] d8f6db78-8920-425b-9739-2f3f31b01b5b [2026-05-12T03:47:04.460786] added files: [] (STDOUT, APP/TASK/deploy)#
#2026 05 12 03:54:25.347#Z#DEBUG#2a4a60f1-4db6-11f1-b47b-eeee0a95f40c.location-tracker-db-deployer#flowable-async-job-executor-thread-14116#
[PollStageAppStatusExecution] d8f6db78-8920-425b-9739-2f3f31b01b5b [2026-05-12T03:47:04.460870] modified files: [ (STDOUT, APP/TASK/deploy)#
#2026 05 12 03:54:25.347#Z#DEBUG#2a4a60f1-4db6-11f1-b47b-eeee0a95f40c.location-tracker-db-deployer#flowable-async-job-executor-thread-14116#
[PollStageAppStatusExecution] d8f6db78-8920-425b-9739-2f3f31b01b5b [2026-05-12T03:47:04.460885] "src/gen/TrackerService.Drivers.hdbview", (STDOUT, APP/TASK/deploy)#
#2026 05 12 03:54:25.347#Z#DEBUG#2a4a60f1-4db6-11f1-b47b-eeee0a95f40c.location-tracker-db-deployer#flowable-async-job-executor-thread-14116#
[PollStageAppStatusExecution] d8f6db78-8920-425b-9739-2f3f31b01b5b [2026-05-12T03:47:04.460890] "src/gen/tracker.Drivers.hdbtable" (STDOUT, APP/TASK/deploy)#
#2026 05 12 03:54:25.347#Z#DEBUG#2a4a60f1-4db6-11f1-b47b-eeee0a95f40c.location-tracker-db-deployer#flowable-async-job-executor-thread-14116#
[PollStageAppStatusExecution] d8f6db78-8920-425b-9739-2f3f31b01b5b [2026-05-12T03:47:04.460895] ] (STDOUT, APP/TASK/deploy)#
#2026 05 12 03:54:25.347#Z#DEBUG#2a4a60f1-4db6-11f1-b47b-eeee0a95f40c.location-tracker-db-deployer#flowable-async-job-executor-thread-14116#
[PollStageAppStatusExecution] d8f6db78-8920-425b-9739-2f3f31b01b5b [2026-05-12T03:47:04.461003] deleted files: [] (STDOUT, APP/TASK/deploy)#
#2026 05 12 03:54:25.347#Z#DEBUG#2a4a60f1-4db6-11f1-b47b-eeee0a95f40c.location-tracker-db-deployer#flowable-async-job-executor-thread-14116#
[PollStageAppStatusExecution] d8f6db78-8920-425b-9739-2f3f31b01b5b [2026-05-12T03:47:04.461200] 2 modified or added files are scheduled for deploy based on delta detection (STDOUT, APP/TASK/deploy)#
#2026 05 12 03:54:25.347#Z#DEBUG#2a4a60f1-4db6-11f1-b47b-eeee0a95f40c.location-tracker-db-deployer#flowable-async-job-executor-thread-14116#
[PollStageAppStatusExecution] d8f6db78-8920-425b-9739-2f3f31b01b5b [2026-05-12T03:47:04.461534] 0 deleted files are scheduled for undeploy based on delta detection (filtered by undeploy allowlist) (STDOUT, APP/TASK/deploy)#
#2026 05 12 03:54:25.347#Z#DEBUG#2a4a60f1-4db6-11f1-b47b-eeee0a95f40c.location-tracker-db-deployer#flowable-async-job-executor-thread-14116#
[PollStageAppStatusExecution] d8f6db78-8920-425b-9739-2f3f31b01b5b [2026-05-12T03:47:04.461762] 0 files are scheduled for deploy based on explicit specification (STDOUT, APP/TASK/deploy)#
#2026 05 12 03:54:25.347#Z#DEBUG#2a4a60f1-4db6-11f1-b47b-eeee0a95f40c.location-tracker-db-deployer#flowable-async-job-executor-thread-14116#
[PollStageAppStatusExecution] d8f6db78-8920-425b-9739-2f3f31b01b5b [2026-05-12T03:47:04.461796] 0 files are scheduled for undeploy based on explicit specification (STDOUT, APP/TASK/deploy)#
#2026 05 12 03:54:25.347#Z#DEBUG#2a4a60f1-4db6-11f1-b47b-eeee0a95f40c.location-tracker-db-deployer#flowable-async-job-executor-thread-14116#
[PollStageAppStatusExecution] d8f6db78-8920-425b-9739-2f3f31b01b5b [2026-05-12T03:47:04.462080] Deploying to the container "9005752B873E4CD3A96797040AFE8DB5"... (STDOUT, APP/TASK/deploy)#
#2026 05 12 03:54:25.347#Z#DEBUG#2a4a60f1-4db6-11f1-b47b-eeee0a95f40c.location-tracker-db-deployer#flowable-async-job-executor-thread-14116#
[PollStageAppStatusExecution] d8f6db78-8920-425b-9739-2f3f31b01b5b [2026-05-12T03:47:05.085377] Polling messages for request id: 281 (STDOUT, APP/TASK/deploy)#
#2026 05 12 03:54:25.347#Z#DEBUG#2a4a60f1-4db6-11f1-b47b-eeee0a95f40c.location-tracker-db-deployer#flowable-async-job-executor-thread-14116#
[PollStageAppStatusExecution] d8f6db78-8920-425b-9739-2f3f31b01b5b [2026-05-12T03:47:05.119640] Starting make in the container "9005752B873E4CD3A96797040AFE8DB5" with 2 files to deploy, 0 files to undeploy... (STDOUT, APP/TASK/deploy)#
#2026 05 12 03:54:25.347#Z#DEBUG#2a4a60f1-4db6-11f1-b47b-eeee0a95f40c.location-tracker-db-deployer#flowable-async-job-executor-thread-14116#
[PollStageAppStatusExecution] d8f6db78-8920-425b-9739-2f3f31b01b5b [2026-05-12T03:47:05.119662] Disabling table replication for the container schema "9005752B873E4CD3A96797040AFE8DB5"... (STDOUT, APP/TASK/deploy)#
#2026 05 12 03:54:25.347#Z#DEBUG#2a4a60f1-4db6-11f1-b47b-eeee0a95f40c.location-tracker-db-deployer#flowable-async-job-executor-thread-14116#
[PollStageAppStatusExecution] d8f6db78-8920-425b-9739-2f3f31b01b5b [2026-05-12T03:47:05.119684] Disabling table replication for the container schema "9005752B873E4CD3A96797040AFE8DB5"... ok (0s 8ms) (STDOUT, APP/TASK/deploy)#
#2026 05 12 03:54:25.347#Z#DEBUG#2a4a60f1-4db6-11f1-b47b-eeee0a95f40c.location-tracker-db-deployer#flowable-async-job-executor-thread-14116#
[PollStageAppStatusExecution] d8f6db78-8920-425b-9739-2f3f31b01b5b [2026-05-12T03:47:05.119779] Migrating libraries... (STDOUT, APP/TASK/deploy)#
#2026 05 12 03:54:25.347#Z#DEBUG#2a4a60f1-4db6-11f1-b47b-eeee0a95f40c.location-tracker-db-deployer#flowable-async-job-executor-thread-14116#
[PollStageAppStatusExecution] d8f6db78-8920-425b-9739-2f3f31b01b5b [2026-05-12T03:47:07.137981] Migrating libraries... ok (2s 271ms) (STDOUT, APP/TASK/deploy)#
#2026 05 12 03:54:25.347#Z#DEBUG#2a4a60f1-4db6-11f1-b47b-eeee0a95f40c.location-tracker-db-deployer#flowable-async-job-executor-thread-14116#
[PollStageAppStatusExecution] d8f6db78-8920-425b-9739-2f3f31b01b5b [2026-05-12T03:47:07.138172] Making... (STDOUT, APP/TASK/deploy)#
#2026 05 12 03:54:25.347#Z#DEBUG#2a4a60f1-4db6-11f1-b47b-eeee0a95f40c.location-tracker-db-deployer#flowable-async-job-executor-thread-14116#
[PollStageAppStatusExecution] d8f6db78-8920-425b-9739-2f3f31b01b5b [2026-05-12T03:47:07.138253] Preparing... (STDOUT, APP/TASK/deploy)#
#2026 05 12 03:54:25.347#Z#DEBUG#2a4a60f1-4db6-11f1-b47b-eeee0a95f40c.location-tracker-db-deployer#flowable-async-job-executor-thread-14116#
[PollStageAppStatusExecution] d8f6db78-8920-425b-9739-2f3f31b01b5b [2026-05-12T03:47:07.138321] Preparing the make transaction... (STDOUT, APP/TASK/deploy)#
#2026 05 12 03:54:25.347#Z#DEBUG#2a4a60f1-4db6-11f1-b47b-eeee0a95f40c.location-tracker-db-deployer#flowable-async-job-executor-thread-14116#
[PollStageAppStatusExecution] d8f6db78-8920-425b-9739-2f3f31b01b5b [2026-05-12T03:47:08.148173] Preparing the make transaction... ok (0s 604ms) (STDOUT, APP/TASK/deploy)#
#2026 05 12 03:54:25.347#Z#DEBUG#2a4a60f1-4db6-11f1-b47b-eeee0a95f40c.location-tracker-db-deployer#flowable-async-job-executor-thread-14116#
[PollStageAppStatusExecution] d8f6db78-8920-425b-9739-2f3f31b01b5b [2026-05-12T03:47:08.148882] Adding "src/gen/TrackerService.Drivers.hdbview" for deploy... (STDOUT, APP/TASK/deploy)#
#2026 05 12 03:54:25.347#Z#DEBUG#2a4a60f1-4db6-11f1-b47b-eeee0a95f40c.location-tracker-db-deployer#flowable-async-job-executor-thread-14116#
[PollStageAppStatusExecution] d8f6db78-8920-425b-9739-2f3f31b01b5b [2026-05-12T03:47:08.149056] Adding "src/gen/TrackerService.Drivers.hdbview" for deploy... ok (0s 128ms) (STDOUT, APP/TASK/deploy)#
#2026 05 12 03:54:25.347#Z#DEBUG#2a4a60f1-4db6-11f1-b47b-eeee0a95f40c.location-tracker-db-deployer#flowable-async-job-executor-thread-14116#
[PollStageAppStatusExecution] d8f6db78-8920-425b-9739-2f3f31b01b5b [2026-05-12T03:47:08.149163] Adding "src/gen/tracker.Drivers.hdbtable" for deploy... (STDOUT, APP/TASK/deploy)#
#2026 05 12 03:54:25.347#Z#DEBUG#2a4a60f1-4db6-11f1-b47b-eeee0a95f40c.location-tracker-db-deployer#flowable-async-job-executor-thread-14116#
[PollStageAppStatusExecution] d8f6db78-8920-425b-9739-2f3f31b01b5b [2026-05-12T03:47:08.149291] Adding "src/gen/tracker.Drivers.hdbtable" for deploy... ok (0s 0ms) (STDOUT, APP/TASK/deploy)#
#2026 05 12 03:54:25.347#Z#DEBUG#2a4a60f1-4db6-11f1-b47b-eeee0a95f40c.location-tracker-db-deployer#flowable-async-job-executor-thread-14116#
[PollStageAppStatusExecution] d8f6db78-8920-425b-9739-2f3f31b01b5b [2026-05-12T03:47:08.149381] Preparing... ok (0s 815ms) (STDOUT, APP/TASK/deploy)#
#2026 05 12 03:54:25.347#Z#DEBUG#2a4a60f1-4db6-11f1-b47b-eeee0a95f40c.location-tracker-db-deployer#flowable-async-job-executor-thread-14116#
[PollStageAppStatusExecution] d8f6db78-8920-425b-9739-2f3f31b01b5b [2026-05-12T03:47:08.149462] Calculating dependencies... (STDOUT, APP/TASK/deploy)#
#2026 05 12 03:54:25.347#Z#DEBUG#2a4a60f1-4db6-11f1-b47b-eeee0a95f40c.location-tracker-db-deployer#flowable-async-job-executor-thread-14116#
[PollStageAppStatusExecution] d8f6db78-8920-425b-9739-2f3f31b01b5b [2026-05-12T03:47:08.149525] Expanding... (STDOUT, APP/TASK/deploy)#
#2026 05 12 03:54:25.347#Z#DEBUG#2a4a60f1-4db6-11f1-b47b-eeee0a95f40c.location-tracker-db-deployer#flowable-async-job-executor-thread-14116#
[PollStageAppStatusExecution] d8f6db78-8920-425b-9739-2f3f31b01b5b [2026-05-12T03:47:08.149576] Expanding "src/gen/TrackerService.Drivers.hdbview"... (STDOUT, APP/TASK/deploy)#
#2026 05 12 03:54:25.347#Z#DEBUG#2a4a60f1-4db6-11f1-b47b-eeee0a95f40c.location-tracker-db-deployer#flowable-async-job-executor-thread-14116#
[PollStageAppStatusExecution] d8f6db78-8920-425b-9739-2f3f31b01b5b [2026-05-12T03:47:08.149668] Expanding "src/gen/tracker.Drivers.hdbtable"... (STDOUT, APP/TASK/deploy)#
#2026 05 12 03:54:25.347#Z#DEBUG#2a4a60f1-4db6-11f1-b47b-eeee0a95f40c.location-tracker-db-deployer#flowable-async-job-executor-thread-14116#
[PollStageAppStatusExecution] d8f6db78-8920-425b-9739-2f3f31b01b5b [2026-05-12T03:47:08.149737] Expanding "src/gen/TrackerService.Drivers.hdbview"... ok (0s 13ms) (STDOUT, APP/TASK/deploy)#
#2026 05 12 03:54:25.347#Z#DEBUG#2a4a60f1-4db6-11f1-b47b-eeee0a95f40c.location-tracker-db-deployer#flowable-async-job-executor-thread-14116#
[PollStageAppStatusExecution] d8f6db78-8920-425b-9739-2f3f31b01b5b [2026-05-12T03:47:08.149802] Expanding "src/gen/tracker.Drivers.hdbtable"... ok (0s 13ms) (STDOUT, APP/TASK/deploy)#
#2026 05 12 03:54:25.347#Z#DEBUG#2a4a60f1-4db6-11f1-b47b-eeee0a95f40c.location-tracker-db-deployer#flowable-async-job-executor-thread-14116#
[PollStageAppStatusExecution] d8f6db78-8920-425b-9739-2f3f31b01b5b [2026-05-12T03:47:08.149858] Expanding... ok (0s 222ms) (STDOUT, APP/TASK/deploy)#
#2026 05 12 03:54:25.347#Z#DEBUG#2a4a60f1-4db6-11f1-b47b-eeee0a95f40c.location-tracker-db-deployer#flowable-async-job-executor-thread-14116#
[PollStageAppStatusExecution] d8f6db78-8920-425b-9739-2f3f31b01b5b [2026-05-12T03:47:08.149936] Precompiling... (STDOUT, APP/TASK/deploy)#
#2026 05 12 03:54:25.347#Z#DEBUG#2a4a60f1-4db6-11f1-b47b-eeee0a95f40c.location-tracker-db-deployer#flowable-async-job-executor-thread-14116#
[PollStageAppStatusExecution] d8f6db78-8920-425b-9739-2f3f31b01b5b [2026-05-12T03:47:08.149987] Precompiling "src/gen/TrackerService.Drivers.hdbview"... (STDOUT, APP/TASK/deploy)#
#2026 05 12 03:54:25.347#Z#DEBUG#2a4a60f1-4db6-11f1-b47b-eeee0a95f40c.location-tracker-db-deployer#flowable-async-job-executor-thread-14116#
[PollStageAppStatusExecution] d8f6db78-8920-425b-9739-2f3f31b01b5b [2026-05-12T03:47:08.150061] Precompiling "src/gen/TrackerService.Drivers.hdbview$TRACKERSERVICE_DRIVERS.validate"... (STDOUT, APP/TASK/deploy)#
#2026 05 12 03:54:25.347#Z#DEBUG#2a4a60f1-4db6-11f1-b47b-eeee0a95f40c.location-tracker-db-deployer#flowable-async-job-executor-thread-14116#
[PollStageAppStatusExecution] d8f6db78-8920-425b-9739-2f3f31b01b5b [2026-05-12T03:47:08.150112] Precompiling "src/gen/tracker.Drivers.hdbtable"... (STDOUT, APP/TASK/deploy)#
#2026 05 12 03:54:25.347#Z#DEBUG#2a4a60f1-4db6-11f1-b47b-eeee0a95f40c.location-tracker-db-deployer#flowable-async-job-executor-thread-14116#
[PollStageAppStatusExecution] d8f6db78-8920-425b-9739-2f3f31b01b5b [2026-05-12T03:47:08.150178] Expanded from "src/gen/TrackerService.Drivers.hdbview" (STDOUT, APP/TASK/deploy)#
#2026 05 12 03:54:25.347#Z#DEBUG#2a4a60f1-4db6-11f1-b47b-eeee0a95f40c.location-tracker-db-deployer#flowable-async-job-executor-thread-14116#
[PollStageAppStatusExecution] d8f6db78-8920-425b-9739-2f3f31b01b5b [2026-05-12T03:47:08.150223] Precompiling "src/gen/tracker.Drivers.hdbtable$TRACKER_DRIVERS.validate"... (STDOUT, APP/TASK/deploy)#
#2026 05 12 03:54:25.347#Z#DEBUG#2a4a60f1-4db6-11f1-b47b-eeee0a95f40c.location-tracker-db-deployer#flowable-async-job-executor-thread-14116#
[PollStageAppStatusExecution] d8f6db78-8920-425b-9739-2f3f31b01b5b [2026-05-12T03:47:08.150288] Expanded from "src/gen/tracker.Drivers.hdbtable" (STDOUT, APP/TASK/deploy)#
#2026 05 12 03:54:25.347#Z#DEBUG#2a4a60f1-4db6-11f1-b47b-eeee0a95f40c.location-tracker-db-deployer#flowable-async-job-executor-thread-14116#
[PollStageAppStatusExecution] d8f6db78-8920-425b-9739-2f3f31b01b5b [2026-05-12T03:47:08.150344] Precompiling "src/gen/TrackerService.Drivers.hdbview$TRACKERSERVICE_DRIVERS.validate"... ok (0s 12ms) (STDOUT, APP/TASK/deploy)#
#2026 05 12 03:54:25.347#Z#DEBUG#2a4a60f1-4db6-11f1-b47b-eeee0a95f40c.location-tracker-db-deployer#flowable-async-job-executor-thread-14116#
[PollStageAppStatusExecution] d8f6db78-8920-425b-9739-2f3f31b01b5b [2026-05-12T03:47:08.150406] Precompiling "src/gen/tracker.Drivers.hdbtable$TRACKER_DRIVERS.validate"... ok (0s 12ms) (STDOUT, APP/TASK/deploy)#
#2026 05 12 03:54:25.347#Z#DEBUG#2a4a60f1-4db6-11f1-b47b-eeee0a95f40c.location-tracker-db-deployer#flowable-async-job-executor-thread-14116#
[PollStageAppStatusExecution] d8f6db78-8920-425b-9739-2f3f31b01b5b [2026-05-12T03:47:08.150463] Precompiling "src/gen/TrackerService.Drivers.hdbview"... ok (0s 13ms) (STDOUT, APP/TASK/deploy)#
#2026 05 12 03:54:25.347#Z#DEBUG#2a4a60f1-4db6-11f1-b47b-eeee0a95f40c.location-tracker-db-deployer#flowable-async-job-executor-thread-14116#
[PollStageAppStatusExecution] d8f6db78-8920-425b-9739-2f3f31b01b5b [2026-05-12T03:47:08.150530] Precompiling "src/gen/tracker.Drivers.hdbtable"... ok (0s 13ms) (STDOUT, APP/TASK/deploy)#
#2026 05 12 03:54:25.347#Z#DEBUG#2a4a60f1-4db6-11f1-b47b-eeee0a95f40c.location-tracker-db-deployer#flowable-async-job-executor-thread-14116#
[PollStageAppStatusExecution] d8f6db78-8920-425b-9739-2f3f31b01b5b [2026-05-12T03:47:08.150581] Precompiling... ok (0s 39ms) (STDOUT, APP/TASK/deploy)#
#2026 05 12 03:54:25.347#Z#DEBUG#2a4a60f1-4db6-11f1-b47b-eeee0a95f40c.location-tracker-db-deployer#flowable-async-job-executor-thread-14116#
[PollStageAppStatusExecution] d8f6db78-8920-425b-9739-2f3f31b01b5b [2026-05-12T03:47:08.150655] Merging... (STDOUT, APP/TASK/deploy)#
#2026 05 12 03:54:25.347#Z#DEBUG#2a4a60f1-4db6-11f1-b47b-eeee0a95f40c.location-tracker-db-deployer#flowable-async-job-executor-thread-14116#
[PollStageAppStatusExecution] d8f6db78-8920-425b-9739-2f3f31b01b5b [2026-05-12T03:47:08.150704] Merging... ok (0s 23ms) (STDOUT, APP/TASK/deploy)#
#2026 05 12 03:54:25.347#Z#DEBUG#2a4a60f1-4db6-11f1-b47b-eeee0a95f40c.location-tracker-db-deployer#flowable-async-job-executor-thread-14116#
[PollStageAppStatusExecution] d8f6db78-8920-425b-9739-2f3f31b01b5b [2026-05-12T03:47:08.150867] Calculating dependencies... ok (0s 284ms) (STDOUT, APP/TASK/deploy)#
#2026 05 12 03:54:25.347#Z#DEBUG#2a4a60f1-4db6-11f1-b47b-eeee0a95f40c.location-tracker-db-deployer#flowable-async-job-executor-thread-14116#
[PollStageAppStatusExecution] d8f6db78-8920-425b-9739-2f3f31b01b5b [2026-05-12T03:47:08.981139] Processing work list... (STDOUT, APP/TASK/deploy)#
#2026 05 12 03:54:25.347#Z#DEBUG#2a4a60f1-4db6-11f1-b47b-eeee0a95f40c.location-tracker-db-deployer#flowable-async-job-executor-thread-14116#
[PollStageAppStatusExecution] d8f6db78-8920-425b-9739-2f3f31b01b5b [2026-05-12T03:47:08.981153] Undeploying "src/gen/TrackerService.Drivers.hdbview"... (STDOUT, APP/TASK/deploy)#
#2026 05 12 03:54:25.347#Z#DEBUG#2a4a60f1-4db6-11f1-b47b-eeee0a95f40c.location-tracker-db-deployer#flowable-async-job-executor-thread-14116#
[PollStageAppStatusExecution] d8f6db78-8920-425b-9739-2f3f31b01b5b [2026-05-12T03:47:08.981230] Undeploying "src/gen/TrackerService.Drivers.hdbview"... ok (0s 45ms) (STDOUT, APP/TASK/deploy)#
#2026 05 12 03:54:25.347#Z#DEBUG#2a4a60f1-4db6-11f1-b47b-eeee0a95f40c.location-tracker-db-deployer#flowable-async-job-executor-thread-14116#
[PollStageAppStatusExecution] d8f6db78-8920-425b-9739-2f3f31b01b5b [2026-05-12T03:47:08.981335] Replacing "src/gen/tracker.Drivers.hdbtable"... (STDOUT, APP/TASK/deploy)#
#2026 05 12 03:54:25.347#Z#DEBUG#2a4a60f1-4db6-11f1-b47b-eeee0a95f40c.location-tracker-db-deployer#flowable-async-job-executor-thread-14116#
[PollStageAppStatusExecution] d8f6db78-8920-425b-9739-2f3f31b01b5b [2026-05-12T03:47:08.981436] "TRACKER_DRIVERS": the table structure was changed; running fast migration (STDOUT, APP/TASK/deploy)#
#2026 05 12 03:54:25.347#Z#DEBUG#2a4a60f1-4db6-11f1-b47b-eeee0a95f40c.location-tracker-db-deployer#flowable-async-job-executor-thread-14116#
[PollStageAppStatusExecution] d8f6db78-8920-425b-9739-2f3f31b01b5b [2026-05-12T03:47:08.981447] Replacing "src/gen/tracker.Drivers.hdbtable"... ok (0s 91ms) (STDOUT, APP/TASK/deploy)#
#2026 05 12 03:54:25.347#Z#DEBUG#2a4a60f1-4db6-11f1-b47b-eeee0a95f40c.location-tracker-db-deployer#flowable-async-job-executor-thread-14116#
[PollStageAppStatusExecution] d8f6db78-8920-425b-9739-2f3f31b01b5b [2026-05-12T03:47:08.981571] Deploying "src/gen/tracker.LocationPoints.hdbtable$TRACKER_LOCATIONPOINTS.validate"... (STDOUT, APP/TASK/deploy)#
#2026 05 12 03:54:25.347#Z#DEBUG#2a4a60f1-4db6-11f1-b47b-eeee0a95f40c.location-tracker-db-deployer#flowable-async-job-executor-thread-14116#
[PollStageAppStatusExecution] d8f6db78-8920-425b-9739-2f3f31b01b5b [2026-05-12T03:47:08.981580] Expanded from "src/gen/tracker.LocationPoints.hdbtable" (STDOUT, APP/TASK/deploy)#
#2026 05 12 03:54:25.347#Z#DEBUG#2a4a60f1-4db6-11f1-b47b-eeee0a95f40c.location-tracker-db-deployer#flowable-async-job-executor-thread-14116#
[PollStageAppStatusExecution] d8f6db78-8920-425b-9739-2f3f31b01b5b [2026-05-12T03:47:08.981688] Deploying "src/gen/tracker.LocationPoints.hdbtable$TRACKER_LOCATIONPOINTS.validate"... ok (0s 9ms) (STDOUT, APP/TASK/deploy)#
#2026 05 12 03:54:25.347#Z#DEBUG#2a4a60f1-4db6-11f1-b47b-eeee0a95f40c.location-tracker-db-deployer#flowable-async-job-executor-thread-14116#
[PollStageAppStatusExecution] d8f6db78-8920-425b-9739-2f3f31b01b5b [2026-05-12T03:47:08.981755] Deploying "src/gen/tracker.Admins.hdbtable$TRACKER_ADMINS.validate"... (STDOUT, APP/TASK/deploy)#
#2026 05 12 03:54:25.347#Z#DEBUG#2a4a60f1-4db6-11f1-b47b-eeee0a95f40c.location-tracker-db-deployer#flowable-async-job-executor-thread-14116#
[PollStageAppStatusExecution] d8f6db78-8920-425b-9739-2f3f31b01b5b [2026-05-12T03:47:08.981847] Expanded from "src/gen/tracker.Admins.hdbtable" (STDOUT, APP/TASK/deploy)#
#2026 05 12 03:54:25.347#Z#DEBUG#2a4a60f1-4db6-11f1-b47b-eeee0a95f40c.location-tracker-db-deployer#flowable-async-job-executor-thread-14116#
[PollStageAppStatusExecution] d8f6db78-8920-425b-9739-2f3f31b01b5b [2026-05-12T03:47:08.981923] Deploying "src/gen/tracker.Admins.hdbtable$TRACKER_ADMINS.validate"... ok (0s 4ms) (STDOUT, APP/TASK/deploy)#
#2026 05 12 03:54:25.347#Z#DEBUG#2a4a60f1-4db6-11f1-b47b-eeee0a95f40c.location-tracker-db-deployer#flowable-async-job-executor-thread-14116#
[PollStageAppStatusExecution] d8f6db78-8920-425b-9739-2f3f31b01b5b [2026-05-12T03:47:08.981998] Deploying "src/gen/tracker.Drivers.hdbtable$TRACKER_DRIVERS.validate"... (STDOUT, APP/TASK/deploy)#
#2026 05 12 03:54:25.347#Z#DEBUG#2a4a60f1-4db6-11f1-b47b-eeee0a95f40c.location-tracker-db-deployer#flowable-async-job-executor-thread-14116#
[PollStageAppStatusExecution] d8f6db78-8920-425b-9739-2f3f31b01b5b [2026-05-12T03:47:08.982073] Expanded from "src/gen/tracker.Drivers.hdbtable" (STDOUT, APP/TASK/deploy)#
#2026 05 12 03:54:25.347#Z#DEBUG#2a4a60f1-4db6-11f1-b47b-eeee0a95f40c.location-tracker-db-deployer#flowable-async-job-executor-thread-14116#
[PollStageAppStatusExecution] d8f6db78-8920-425b-9739-2f3f31b01b5b [2026-05-12T03:47:08.982157] Deploying "src/gen/tracker.Drivers.hdbtable$TRACKER_DRIVERS.validate"... ok (0s 6ms) (STDOUT, APP/TASK/deploy)#
#2026 05 12 03:54:25.347#Z#DEBUG#2a4a60f1-4db6-11f1-b47b-eeee0a95f40c.location-tracker-db-deployer#flowable-async-job-executor-thread-14116#
[PollStageAppStatusExecution] d8f6db78-8920-425b-9739-2f3f31b01b5b [2026-05-12T03:47:08.982218] Deploying "src/gen/tracker.Trips.hdbtable$TRACKER_TRIPS.validate"... (STDOUT, APP/TASK/deploy)#
#2026 05 12 03:54:25.347#Z#DEBUG#2a4a60f1-4db6-11f1-b47b-eeee0a95f40c.location-tracker-db-deployer#flowable-async-job-executor-thread-14116#
[PollStageAppStatusExecution] d8f6db78-8920-425b-9739-2f3f31b01b5b [2026-05-12T03:47:08.982296] Expanded from "src/gen/tracker.Trips.hdbtable" (STDOUT, APP/TASK/deploy)#
#2026 05 12 03:54:25.347#Z#DEBUG#2a4a60f1-4db6-11f1-b47b-eeee0a95f40c.location-tracker-db-deployer#flowable-async-job-executor-thread-14116#
[PollStageAppStatusExecution] d8f6db78-8920-425b-9739-2f3f31b01b5b [2026-05-12T03:47:08.982384] Deploying "src/gen/tracker.Trips.hdbtable$TRACKER_TRIPS.validate"... ok (0s 7ms) (STDOUT, APP/TASK/deploy)#
#2026 05 12 03:54:25.347#Z#DEBUG#2a4a60f1-4db6-11f1-b47b-eeee0a95f40c.location-tracker-db-deployer#flowable-async-job-executor-thread-14116#
[PollStageAppStatusExecution] d8f6db78-8920-425b-9739-2f3f31b01b5b [2026-05-12T03:47:08.982494] Deploying "src/gen/TrackerService.Drivers.hdbview"... (STDOUT, APP/TASK/deploy)#
#2026 05 12 03:54:25.347#Z#DEBUG#2a4a60f1-4db6-11f1-b47b-eeee0a95f40c.location-tracker-db-deployer#flowable-async-job-executor-thread-14116#
[PollStageAppStatusExecution] d8f6db78-8920-425b-9739-2f3f31b01b5b [2026-05-12T03:47:08.982590] Redeploying "src/gen/TrackerService.LocationPoints.hdbview"... (STDOUT, APP/TASK/deploy)#
#2026 05 12 03:54:25.347#Z#DEBUG#2a4a60f1-4db6-11f1-b47b-eeee0a95f40c.location-tracker-db-deployer#flowable-async-job-executor-thread-14116#
[PollStageAppStatusExecution] d8f6db78-8920-425b-9739-2f3f31b01b5b [2026-05-12T03:47:08.982655] Redeploying "src/gen/TrackerService.Admins.hdbview"... (STDOUT, APP/TASK/deploy)#
#2026 05 12 03:54:25.347#Z#DEBUG#2a4a60f1-4db6-11f1-b47b-eeee0a95f40c.location-tracker-db-deployer#flowable-async-job-executor-thread-14116#
[PollStageAppStatusExecution] d8f6db78-8920-425b-9739-2f3f31b01b5b [2026-05-12T03:47:08.982701] Redeploying "src/gen/TrackerService.LocationPoints.hdbview"... ok (0s 59ms) (STDOUT, APP/TASK/deploy)#
#2026 05 12 03:54:25.347#Z#DEBUG#2a4a60f1-4db6-11f1-b47b-eeee0a95f40c.location-tracker-db-deployer#flowable-async-job-executor-thread-14116#
[PollStageAppStatusExecution] d8f6db78-8920-425b-9739-2f3f31b01b5b [2026-05-12T03:47:08.982752] Redeploying "src/gen/TrackerService.Trips.hdbview"... (STDOUT, APP/TASK/deploy)#
#2026 05 12 03:54:25.347#Z#DEBUG#2a4a60f1-4db6-11f1-b47b-eeee0a95f40c.location-tracker-db-deployer#flowable-async-job-executor-thread-14116#
[PollStageAppStatusExecution] d8f6db78-8920-425b-9739-2f3f31b01b5b [2026-05-12T03:47:08.982793] Redeploying "src/gen/TrackerService.Admins.hdbview"... ok (0s 59ms) (STDOUT, APP/TASK/deploy)#
#2026 05 12 03:54:25.347#Z#DEBUG#2a4a60f1-4db6-11f1-b47b-eeee0a95f40c.location-tracker-db-deployer#flowable-async-job-executor-thread-14116#
[PollStageAppStatusExecution] d8f6db78-8920-425b-9739-2f3f31b01b5b [2026-05-12T03:47:08.982864] Deploying "src/gen/TrackerService.Drivers.hdbview"... ok (0s 61ms) (STDOUT, APP/TASK/deploy)#
#2026 05 12 03:54:25.347#Z#DEBUG#2a4a60f1-4db6-11f1-b47b-eeee0a95f40c.location-tracker-db-deployer#flowable-async-job-executor-thread-14116#
[PollStageAppStatusExecution] d8f6db78-8920-425b-9739-2f3f31b01b5b [2026-05-12T03:47:08.982911] Redeploying "src/gen/TrackerService.Trips.hdbview"... ok (0s 2ms) (STDOUT, APP/TASK/deploy)#
#2026 05 12 03:54:25.347#Z#DEBUG#2a4a60f1-4db6-11f1-b47b-eeee0a95f40c.location-tracker-db-deployer#flowable-async-job-executor-thread-14116#
[PollStageAppStatusExecution] d8f6db78-8920-425b-9739-2f3f31b01b5b [2026-05-12T03:47:08.982972] Deploying "src/gen/TrackerService.LocationPoints.hdbview$TRACKERSERVICE_LOCATIONPOINTS.validate"... (STDOUT, APP/TASK/deploy)#
#2026 05 12 03:54:25.347#Z#DEBUG#2a4a60f1-4db6-11f1-b47b-eeee0a95f40c.location-tracker-db-deployer#flowable-async-job-executor-thread-14116#
[PollStageAppStatusExecution] d8f6db78-8920-425b-9739-2f3f31b01b5b [2026-05-12T03:47:08.983015] Expanded from "src/gen/TrackerService.LocationPoints.hdbview" (STDOUT, APP/TASK/deploy)#
#2026 05 12 03:54:25.347#Z#DEBUG#2a4a60f1-4db6-11f1-b47b-eeee0a95f40c.location-tracker-db-deployer#flowable-async-job-executor-thread-14116#
[PollStageAppStatusExecution] d8f6db78-8920-425b-9739-2f3f31b01b5b [2026-05-12T03:47:08.983063] Deploying "src/gen/TrackerService.LocationPoints.hdbview$TRACKERSERVICE_LOCATIONPOINTS.validate"... ok (0s 6ms) (STDOUT, APP/TASK/deploy)#
#2026 05 12 03:54:25.347#Z#DEBUG#2a4a60f1-4db6-11f1-b47b-eeee0a95f40c.location-tracker-db-deployer#flowable-async-job-executor-thread-14116#
[PollStageAppStatusExecution] d8f6db78-8920-425b-9739-2f3f31b01b5b [2026-05-12T03:47:08.983109] Deploying "src/gen/TrackerService.Admins.hdbview$TRACKERSERVICE_ADMINS.validate"... (STDOUT, APP/TASK/deploy)#
#2026 05 12 03:54:25.347#Z#DEBUG#2a4a60f1-4db6-11f1-b47b-eeee0a95f40c.location-tracker-db-deployer#flowable-async-job-executor-thread-14116#
[PollStageAppStatusExecution] d8f6db78-8920-425b-9739-2f3f31b01b5b [2026-05-12T03:47:08.983172] Expanded from "src/gen/TrackerService.Admins.hdbview" (STDOUT, APP/TASK/deploy)#
#2026 05 12 03:54:25.347#Z#DEBUG#2a4a60f1-4db6-11f1-b47b-eeee0a95f40c.location-tracker-db-deployer#flowable-async-job-executor-thread-14116#
[PollStageAppStatusExecution] d8f6db78-8920-425b-9739-2f3f31b01b5b [2026-05-12T03:47:08.983215] Deploying "src/gen/TrackerService.Admins.hdbview$TRACKERSERVICE_ADMINS.validate"... ok (0s 5ms) (STDOUT, APP/TASK/deploy)#
#2026 05 12 03:54:25.347#Z#DEBUG#2a4a60f1-4db6-11f1-b47b-eeee0a95f40c.location-tracker-db-deployer#flowable-async-job-executor-thread-14116#
[PollStageAppStatusExecution] d8f6db78-8920-425b-9739-2f3f31b01b5b [2026-05-12T03:47:08.983267] Deploying "src/gen/TrackerService.Drivers.hdbview$TRACKERSERVICE_DRIVERS.validate"... (STDOUT, APP/TASK/deploy)#
#2026 05 12 03:54:25.347#Z#DEBUG#2a4a60f1-4db6-11f1-b47b-eeee0a95f40c.location-tracker-db-deployer#flowable-async-job-executor-thread-14116#
[PollStageAppStatusExecution] d8f6db78-8920-425b-9739-2f3f31b01b5b [2026-05-12T03:47:08.983315] Expanded from "src/gen/TrackerService.Drivers.hdbview" (STDOUT, APP/TASK/deploy)#
#2026 05 12 03:54:25.347#Z#DEBUG#2a4a60f1-4db6-11f1-b47b-eeee0a95f40c.location-tracker-db-deployer#flowable-async-job-executor-thread-14116#
[PollStageAppStatusExecution] d8f6db78-8920-425b-9739-2f3f31b01b5b [2026-05-12T03:47:08.983379] Deploying "src/gen/TrackerService.Drivers.hdbview$TRACKERSERVICE_DRIVERS.validate"... ok (0s 5ms) (STDOUT, APP/TASK/deploy)#
#2026 05 12 03:54:25.347#Z#DEBUG#2a4a60f1-4db6-11f1-b47b-eeee0a95f40c.location-tracker-db-deployer#flowable-async-job-executor-thread-14116#
[PollStageAppStatusExecution] d8f6db78-8920-425b-9739-2f3f31b01b5b [2026-05-12T03:47:08.983447] Deploying "src/gen/TrackerService.Trips.hdbview$TRACKERSERVICE_TRIPS.validate"... (STDOUT, APP/TASK/deploy)#
#2026 05 12 03:54:25.347#Z#DEBUG#2a4a60f1-4db6-11f1-b47b-eeee0a95f40c.location-tracker-db-deployer#flowable-async-job-executor-thread-14116#
[PollStageAppStatusExecution] d8f6db78-8920-425b-9739-2f3f31b01b5b [2026-05-12T03:47:08.983504] Expanded from "src/gen/TrackerService.Trips.hdbview" (STDOUT, APP/TASK/deploy)#
#2026 05 12 03:54:25.347#Z#DEBUG#2a4a60f1-4db6-11f1-b47b-eeee0a95f40c.location-tracker-db-deployer#flowable-async-job-executor-thread-14116#
[PollStageAppStatusExecution] d8f6db78-8920-425b-9739-2f3f31b01b5b [2026-05-12T03:47:08.983554] Deploying "src/gen/TrackerService.Trips.hdbview$TRACKERSERVICE_TRIPS.validate"... ok (0s 7ms) (STDOUT, APP/TASK/deploy)#
#2026 05 12 03:54:25.347#Z#DEBUG#2a4a60f1-4db6-11f1-b47b-eeee0a95f40c.location-tracker-db-deployer#flowable-async-job-executor-thread-14116#
[PollStageAppStatusExecution] d8f6db78-8920-425b-9739-2f3f31b01b5b [2026-05-12T03:47:08.983607] Processing work list... ok (0s 272ms) (STDOUT, APP/TASK/deploy)#
#2026 05 12 03:54:25.347#Z#DEBUG#2a4a60f1-4db6-11f1-b47b-eeee0a95f40c.location-tracker-db-deployer#flowable-async-job-executor-thread-14116#
[PollStageAppStatusExecution] d8f6db78-8920-425b-9739-2f3f31b01b5b [2026-05-12T03:47:08.983651] Finalizing... (STDOUT, APP/TASK/deploy)#
#2026 05 12 03:54:25.347#Z#DEBUG#2a4a60f1-4db6-11f1-b47b-eeee0a95f40c.location-tracker-db-deployer#flowable-async-job-executor-thread-14116#
[PollStageAppStatusExecution] d8f6db78-8920-425b-9739-2f3f31b01b5b [2026-05-12T03:47:08.983701] Finalizing... ok (0s 146ms) (STDOUT, APP/TASK/deploy)#
#2026 05 12 03:54:25.347#Z#DEBUG#2a4a60f1-4db6-11f1-b47b-eeee0a95f40c.location-tracker-db-deployer#flowable-async-job-executor-thread-14116#
[PollStageAppStatusExecution] d8f6db78-8920-425b-9739-2f3f31b01b5b [2026-05-12T03:47:08.983781] Make succeeded (0 warnings): 2 files deployed (effective 4), 0 files undeployed (effective 0), 9 dependent files redeployed (STDOUT, APP/TASK/deploy)#
#2026 05 12 03:54:25.347#Z#DEBUG#2a4a60f1-4db6-11f1-b47b-eeee0a95f40c.location-tracker-db-deployer#flowable-async-job-executor-thread-14116#
[PollStageAppStatusExecution] d8f6db78-8920-425b-9739-2f3f31b01b5b [2026-05-12T03:47:08.983886] Making... ok (1s 939ms) (STDOUT, APP/TASK/deploy)#
#2026 05 12 03:54:25.347#Z#DEBUG#2a4a60f1-4db6-11f1-b47b-eeee0a95f40c.location-tracker-db-deployer#flowable-async-job-executor-thread-14116#
[PollStageAppStatusExecution] d8f6db78-8920-425b-9739-2f3f31b01b5b [2026-05-12T03:47:08.983901] Enabling table replication for the container schema "9005752B873E4CD3A96797040AFE8DB5"... (STDOUT, APP/TASK/deploy)#
#2026 05 12 03:54:25.347#Z#DEBUG#2a4a60f1-4db6-11f1-b47b-eeee0a95f40c.location-tracker-db-deployer#flowable-async-job-executor-thread-14116#
[PollStageAppStatusExecution] d8f6db78-8920-425b-9739-2f3f31b01b5b [2026-05-12T03:47:08.984015] Enabling table replication for the container schema "9005752B873E4CD3A96797040AFE8DB5"... ok (0s 12ms) (STDOUT, APP/TASK/deploy)#
#2026 05 12 03:54:25.347#Z#DEBUG#2a4a60f1-4db6-11f1-b47b-eeee0a95f40c.location-tracker-db-deployer#flowable-async-job-executor-thread-14116#
[PollStageAppStatusExecution] d8f6db78-8920-425b-9739-2f3f31b01b5b [2026-05-12T03:47:08.984099] Starting make in the container "9005752B873E4CD3A96797040AFE8DB5" with 2 files to deploy, 0 files to undeploy... ok (4s 256ms) (STDOUT, APP/TASK/deploy)#
#2026 05 12 03:54:25.347#Z#DEBUG#2a4a60f1-4db6-11f1-b47b-eeee0a95f40c.location-tracker-db-deployer#flowable-async-job-executor-thread-14116#
[PollStageAppStatusExecution] d8f6db78-8920-425b-9739-2f3f31b01b5b [2026-05-12T03:47:08.984316] Deploying to the container "9005752B873E4CD3A96797040AFE8DB5"... ok (4s 522ms) (STDOUT, APP/TASK/deploy)#
#2026 05 12 03:54:25.347#Z#DEBUG#2a4a60f1-4db6-11f1-b47b-eeee0a95f40c.location-tracker-db-deployer#flowable-async-job-executor-thread-14116#
[PollStageAppStatusExecution] d8f6db78-8920-425b-9739-2f3f31b01b5b [2026-05-12T03:47:08.984849] No default-access-role handling needed; global role "9005752B873E4CD3A96797040AFE8DB5::access_role" will not be adapted (STDOUT, APP/TASK/deploy)#
#2026 05 12 03:54:25.347#Z#DEBUG#2a4a60f1-4db6-11f1-b47b-eeee0a95f40c.location-tracker-db-deployer#flowable-async-job-executor-thread-14116#
[PollStageAppStatusExecution] d8f6db78-8920-425b-9739-2f3f31b01b5b [2026-05-12T03:47:08.985100] Unlocking the container "9005752B873E4CD3A96797040AFE8DB5"... (STDOUT, APP/TASK/deploy)#
#2026 05 12 03:54:25.347#Z#DEBUG#2a4a60f1-4db6-11f1-b47b-eeee0a95f40c.location-tracker-db-deployer#flowable-async-job-executor-thread-14116#
[PollStageAppStatusExecution] d8f6db78-8920-425b-9739-2f3f31b01b5b [2026-05-12T03:47:08.985707] Unlocking the container "9005752B873E4CD3A96797040AFE8DB5"... ok (0s 0ms) (STDOUT, APP/TASK/deploy)#
#2026 05 12 03:54:25.347#Z#DEBUG#2a4a60f1-4db6-11f1-b47b-eeee0a95f40c.location-tracker-db-deployer#flowable-async-job-executor-thread-14116#
[PollStageAppStatusExecution] d8f6db78-8920-425b-9739-2f3f31b01b5b [2026-05-12T03:47:08.985985] Deployment to container 9005752B873E4CD3A96797040AFE8DB5 done [Deployment ID: none]. (STDOUT, APP/TASK/deploy)#
#2026 05 12 03:54:25.347#Z#DEBUG#2a4a60f1-4db6-11f1-b47b-eeee0a95f40c.location-tracker-db-deployer#flowable-async-job-executor-thread-14116#
[PollStageAppStatusExecution] d8f6db78-8920-425b-9739-2f3f31b01b5b [2026-05-12T03:47:08.986624] Deployment ended at 2026-05-12 03:47:08 (STDOUT, APP/TASK/deploy)#
#2026 05 12 03:54:25.347#Z#DEBUG#2a4a60f1-4db6-11f1-b47b-eeee0a95f40c.location-tracker-db-deployer#flowable-async-job-executor-thread-14116#
[PollStageAppStatusExecution] d8f6db78-8920-425b-9739-2f3f31b01b5b [2026-05-12T03:47:08.987218] (6s 764ms) (STDOUT, APP/TASK/deploy)#
#2026 05 12 03:54:25.347#Z#DEBUG#2a4a60f1-4db6-11f1-b47b-eeee0a95f40c.location-tracker-db-deployer#flowable-async-job-executor-thread-14116#
[PollStageAppStatusExecution] d8f6db78-8920-425b-9739-2f3f31b01b5b [2026-05-12T03:47:09.007158] npm notice (STDERR, APP/TASK/deploy)#
#2026 05 12 03:54:25.347#Z#DEBUG#2a4a60f1-4db6-11f1-b47b-eeee0a95f40c.location-tracker-db-deployer#flowable-async-job-executor-thread-14116#
[PollStageAppStatusExecution] d8f6db78-8920-425b-9739-2f3f31b01b5b [2026-05-12T03:47:09.007173] npm notice New minor version of npm available! 11.6.2 -> 11.14.1 (STDERR, APP/TASK/deploy)#
#2026 05 12 03:54:25.347#Z#DEBUG#2a4a60f1-4db6-11f1-b47b-eeee0a95f40c.location-tracker-db-deployer#flowable-async-job-executor-thread-14116#
[PollStageAppStatusExecution] d8f6db78-8920-425b-9739-2f3f31b01b5b [2026-05-12T03:47:09.007176] npm notice Changelog: https://github.com/npm/cli/releases/tag/v11.14.1 (STDERR, APP/TASK/deploy)#
#2026 05 12 03:54:25.347#Z#DEBUG#2a4a60f1-4db6-11f1-b47b-eeee0a95f40c.location-tracker-db-deployer#flowable-async-job-executor-thread-14116#
[PollStageAppStatusExecution] d8f6db78-8920-425b-9739-2f3f31b01b5b [2026-05-12T03:47:09.007179] npm notice To update run: npm install -g npm@11.14.1 (STDERR, APP/TASK/deploy)#
#2026 05 12 03:54:25.347#Z#DEBUG#2a4a60f1-4db6-11f1-b47b-eeee0a95f40c.location-tracker-db-deployer#flowable-async-job-executor-thread-14116#
[PollStageAppStatusExecution] d8f6db78-8920-425b-9739-2f3f31b01b5b [2026-05-12T03:47:09.007182] npm notice (STDERR, APP/TASK/deploy)#
#2026 05 12 03:54:25.347#Z#DEBUG#2a4a60f1-4db6-11f1-b47b-eeee0a95f40c.location-tracker-db-deployer#flowable-async-job-executor-thread-14116#
[PollStageAppStatusExecution] d8f6db78-8920-425b-9739-2f3f31b01b5b [2026-05-12T03:47:09.113571] Exit status 0 (STDOUT, APP/TASK/deploy)#
#2026 05 12 03:54:25.347#Z#DEBUG#2a4a60f1-4db6-11f1-b47b-eeee0a95f40c.location-tracker-db-deployer#flowable-async-job-executor-thread-14116#
[PollStageAppStatusExecution] d8f6db78-8920-425b-9739-2f3f31b01b5b [2026-05-12T03:47:10.392733] Cell 4401fcd0-006d-4ceb-9b51-aa22a1b186cf stopping instance e214d394-4a1b-4e2c-908e-db70c4786d77 (STDOUT, CELL)#
#2026 05 12 03:54:25.347#Z#DEBUG#2a4a60f1-4db6-11f1-b47b-eeee0a95f40c.location-tracker-db-deployer#flowable-async-job-executor-thread-14116#
[PollStageAppStatusExecution] d8f6db78-8920-425b-9739-2f3f31b01b5b [2026-05-12T03:47:10.392800] Cell 4401fcd0-006d-4ceb-9b51-aa22a1b186cf destroying container for instance e214d394-4a1b-4e2c-908e-db70c4786d77 (STDOUT, CELL)#
#2026 05 12 03:54:25.347#Z#DEBUG#2a4a60f1-4db6-11f1-b47b-eeee0a95f40c.location-tracker-db-deployer#flowable-async-job-executor-thread-14116#
[PollStageAppStatusExecution] d8f6db78-8920-425b-9739-2f3f31b01b5b [2026-05-12T03:47:14.355901] Cell 4401fcd0-006d-4ceb-9b51-aa22a1b186cf successfully destroyed container for instance e214d394-4a1b-4e2c-908e-db70c4786d77 (STDOUT, CELL)#
#2026 05 12 03:54:25.347#Z#DEBUG#2a4a60f1-4db6-11f1-b47b-eeee0a95f40c.location-tracker-db-deployer#flowable-async-job-executor-thread-14116#
[PollStageAppStatusExecution] d8f6db78-8920-425b-9739-2f3f31b01b5b [2026-05-12T03:53:55.935642] Updated app with guid d8f6db78-8920-425b-9739-2f3f31b01b5b ({"lifecycle"=>{"data"=>{"buildpacks"=>["nodejs_buildpack"]}, "type"=>"buildpack"}}) (STDOUT, API)#
#2026 05 12 03:54:25.347#Z#DEBUG#2a4a60f1-4db6-11f1-b47b-eeee0a95f40c.location-tracker-db-deployer#flowable-async-job-executor-thread-14116#
[PollStageAppStatusExecution] d8f6db78-8920-425b-9739-2f3f31b01b5b [2026-05-12T03:53:56.054776] Updating process: "web" (STDOUT, API)#
#2026 05 12 03:54:25.347#Z#DEBUG#2a4a60f1-4db6-11f1-b47b-eeee0a95f40c.location-tracker-db-deployer#flowable-async-job-executor-thread-14116#
[PollStageAppStatusExecution] d8f6db78-8920-425b-9739-2f3f31b01b5b [2026-05-12T03:54:05.322330] Uploading app package for app with guid d8f6db78-8920-425b-9739-2f3f31b01b5b (STDOUT, API)#
#2026 05 12 03:54:25.347#Z#DEBUG#2a4a60f1-4db6-11f1-b47b-eeee0a95f40c.location-tracker-db-deployer#flowable-async-job-executor-thread-14116#
[PollStageAppStatusExecution] d8f6db78-8920-425b-9739-2f3f31b01b5b [2026-05-12T03:54:05.562678] Updated app with guid d8f6db78-8920-425b-9739-2f3f31b01b5b ({"environment_variables"=>"[PRIVATE DATA HIDDEN]"}) (STDOUT, API)#
#2026 05 12 03:54:25.347#Z#DEBUG#2a4a60f1-4db6-11f1-b47b-eeee0a95f40c.location-tracker-db-deployer#flowable-async-job-executor-thread-14116#
[PollStageAppStatusExecution] d8f6db78-8920-425b-9739-2f3f31b01b5b [2026-05-12T03:54:15.452296] Creating build for app with guid d8f6db78-8920-425b-9739-2f3f31b01b5b (STDOUT, API)#
#2026 05 12 03:54:25.347#Z#DEBUG#2a4a60f1-4db6-11f1-b47b-eeee0a95f40c.location-tracker-db-deployer#flowable-async-job-executor-thread-14116#
[PollStageAppStatusExecution] d8f6db78-8920-425b-9739-2f3f31b01b5b [2026-05-12T03:54:15.778120] Downloading nodejs_buildpack... (STDOUT, STG)#
#2026 05 12 03:54:25.347#Z#DEBUG#2a4a60f1-4db6-11f1-b47b-eeee0a95f40c.location-tracker-db-deployer#flowable-async-job-executor-thread-14116#
[PollStageAppStatusExecution] d8f6db78-8920-425b-9739-2f3f31b01b5b [2026-05-12T03:54:15.807573] Downloaded nodejs_buildpack (STDOUT, STG)#
#2026 05 12 03:54:25.347#Z#DEBUG#2a4a60f1-4db6-11f1-b47b-eeee0a95f40c.location-tracker-db-deployer#flowable-async-job-executor-thread-14116#
[PollStageAppStatusExecution] d8f6db78-8920-425b-9739-2f3f31b01b5b [2026-05-12T03:54:15.807698] Cell 4401fcd0-006d-4ceb-9b51-aa22a1b186cf creating container for instance 61d16897-42c6-49ff-8163-0a103435b556 (STDOUT, STG)#
#2026 05 12 03:54:25.347#Z#DEBUG#2a4a60f1-4db6-11f1-b47b-eeee0a95f40c.location-tracker-db-deployer#flowable-async-job-executor-thread-14116#
[PollStageAppStatusExecution] d8f6db78-8920-425b-9739-2f3f31b01b5b [2026-05-12T03:54:16.563909] Security group rules were updated (STDOUT, STG)#
#2026 05 12 03:54:25.347#Z#DEBUG#2a4a60f1-4db6-11f1-b47b-eeee0a95f40c.location-tracker-db-deployer#flowable-async-job-executor-thread-14116#
[PollStageAppStatusExecution] d8f6db78-8920-425b-9739-2f3f31b01b5b [2026-05-12T03:54:16.664808] Cell 4401fcd0-006d-4ceb-9b51-aa22a1b186cf successfully created container for instance 61d16897-42c6-49ff-8163-0a103435b556 (STDOUT, STG)#
#2026 05 12 03:54:25.347#Z#DEBUG#2a4a60f1-4db6-11f1-b47b-eeee0a95f40c.location-tracker-db-deployer#flowable-async-job-executor-thread-14116#
[PollStageAppStatusExecution] d8f6db78-8920-425b-9739-2f3f31b01b5b [2026-05-12T03:54:18.152885] Downloading app package... (STDOUT, STG)#
#2026 05 12 03:54:25.347#Z#DEBUG#2a4a60f1-4db6-11f1-b47b-eeee0a95f40c.location-tracker-db-deployer#flowable-async-job-executor-thread-14116#
[PollStageAppStatusExecution] d8f6db78-8920-425b-9739-2f3f31b01b5b [2026-05-12T03:54:18.152962] Downloading build artifacts cache... (STDOUT, STG)#
#2026 05 12 03:54:25.347#Z#DEBUG#2a4a60f1-4db6-11f1-b47b-eeee0a95f40c.location-tracker-db-deployer#flowable-async-job-executor-thread-14116#
[PollStageAppStatusExecution] d8f6db78-8920-425b-9739-2f3f31b01b5b [2026-05-12T03:54:18.191683] Downloaded build artifacts cache (228B) (STDOUT, STG)#
#2026 05 12 03:54:25.347#Z#DEBUG#2a4a60f1-4db6-11f1-b47b-eeee0a95f40c.location-tracker-db-deployer#flowable-async-job-executor-thread-14116#
[PollStageAppStatusExecution] d8f6db78-8920-425b-9739-2f3f31b01b5b [2026-05-12T03:54:18.551790] Downloaded app package (2.3M) (STDOUT, STG)#
#2026 05 12 03:54:25.347#Z#DEBUG#2a4a60f1-4db6-11f1-b47b-eeee0a95f40c.location-tracker-db-deployer#flowable-async-job-executor-thread-14116#
[PollStageAppStatusExecution] d8f6db78-8920-425b-9739-2f3f31b01b5b [2026-05-12T03:54:18.678456] -----> Nodejs Buildpack version 1.8.44 (STDOUT, STG)#
#2026 05 12 03:54:25.347#Z#DEBUG#2a4a60f1-4db6-11f1-b47b-eeee0a95f40c.location-tracker-db-deployer#flowable-async-job-executor-thread-14116#
[PollStageAppStatusExecution] d8f6db78-8920-425b-9739-2f3f31b01b5b [2026-05-12T03:54:18.833133] -----> Bootstrapping python (STDOUT, STG)#
#2026 05 12 03:54:25.347#Z#DEBUG#2a4a60f1-4db6-11f1-b47b-eeee0a95f40c.location-tracker-db-deployer#flowable-async-job-executor-thread-14116#
[PollStageAppStatusExecution] d8f6db78-8920-425b-9739-2f3f31b01b5b [2026-05-12T03:54:18.833292] -----> Installing python 3.11.14 (STDOUT, STG)#
#2026 05 12 03:54:25.347#Z#DEBUG#2a4a60f1-4db6-11f1-b47b-eeee0a95f40c.location-tracker-db-deployer#flowable-async-job-executor-thread-14116#
[PollStageAppStatusExecution] d8f6db78-8920-425b-9739-2f3f31b01b5b [2026-05-12T03:54:18.833494] Copy [/tmp/buildpacks/ee597f2be8090397/dependencies/b5e0345ae0ae1932e7d56fffaa49a487/python_3.11.14_linux_x64_cflinuxfs4_66f53248.tgz] (STDOUT, STG)#
#2026 05 12 03:54:25.347#Z#DEBUG#2a4a60f1-4db6-11f1-b47b-eeee0a95f40c.location-tracker-db-deployer#flowable-async-job-executor-thread-14116#
[PollStageAppStatusExecution] d8f6db78-8920-425b-9739-2f3f31b01b5b [2026-05-12T03:54:24.162527] -----> Installing binaries (STDOUT, STG)#
#2026 05 12 03:54:25.347#Z#DEBUG#2a4a60f1-4db6-11f1-b47b-eeee0a95f40c.location-tracker-db-deployer#flowable-async-job-executor-thread-14116#
[PollStageAppStatusExecution] d8f6db78-8920-425b-9739-2f3f31b01b5b [2026-05-12T03:54:24.162684] engines.node (package.json): >=18 (STDOUT, STG)#
#2026 05 12 03:54:25.347#Z#DEBUG#2a4a60f1-4db6-11f1-b47b-eeee0a95f40c.location-tracker-db-deployer#flowable-async-job-executor-thread-14116#
[PollStageAppStatusExecution] d8f6db78-8920-425b-9739-2f3f31b01b5b [2026-05-12T03:54:24.162695] engines.npm (package.json): unspecified (use default) (STDOUT, STG)#
#2026 05 12 03:54:25.347#Z#DEBUG#2a4a60f1-4db6-11f1-b47b-eeee0a95f40c.location-tracker-db-deployer#flowable-async-job-executor-thread-14116#
[PollStageAppStatusExecution] d8f6db78-8920-425b-9739-2f3f31b01b5b [2026-05-12T03:54:24.162747] [31;1m**WARNING**[0m Dangerous semver range (>) in engines.node. See: http://docs.cloudfoundry.org/buildpacks/node/node-tips.html (STDOUT, STG)#
#2026 05 12 03:54:25.347#Z#DEBUG#2a4a60f1-4db6-11f1-b47b-eeee0a95f40c.location-tracker-db-deployer#flowable-async-job-executor-thread-14116#
[PollStageAppStatusExecution] d8f6db78-8920-425b-9739-2f3f31b01b5b [2026-05-12T03:54:24.162877] -----> Installing node 24.13.0 (STDOUT, STG)#
#2026 05 12 03:54:25.347#Z#DEBUG#2a4a60f1-4db6-11f1-b47b-eeee0a95f40c.location-tracker-db-deployer#flowable-async-job-executor-thread-14116#
[PollStageAppStatusExecution] d8f6db78-8920-425b-9739-2f3f31b01b5b [2026-05-12T03:54:24.163277] Copy [/tmp/buildpacks/ee597f2be8090397/dependencies/2f5692219fecc3eee6e6d507a6bfe7b9/node_24.13.0_linux_x64_cflinuxfs4_a816dee1.tgz] (STDOUT, STG)#
#2026 05 12 03:54:35.323#Z#DEBUG#2a4a60f1-4db6-11f1-b47b-eeee0a95f40c.location-tracker-db-deployer#flowable-async-job-executor-thread-14122#
[PollStageAppStatusExecution] d8f6db78-8920-425b-9739-2f3f31b01b5b [2026-05-12T03:54:27.499601] Using default npm version: 11.6.2 (STDOUT, STG)#
#2026 05 12 03:54:35.323#Z#DEBUG#2a4a60f1-4db6-11f1-b47b-eeee0a95f40c.location-tracker-db-deployer#flowable-async-job-executor-thread-14122#
[PollStageAppStatusExecution] d8f6db78-8920-425b-9739-2f3f31b01b5b [2026-05-12T03:54:27.499620] -----> Installing yarn 1.22.22 (STDOUT, STG)#
#2026 05 12 03:54:35.323#Z#DEBUG#2a4a60f1-4db6-11f1-b47b-eeee0a95f40c.location-tracker-db-deployer#flowable-async-job-executor-thread-14122#
[PollStageAppStatusExecution] d8f6db78-8920-425b-9739-2f3f31b01b5b [2026-05-12T03:54:27.499896] Copy [/tmp/buildpacks/ee597f2be8090397/dependencies/e3a39aedd1236924d69cc2d0637a8ed2/yarn_1.22.22_linux_noarch_any-stack_4911d0a6.tgz] (STDOUT, STG)#
#2026 05 12 03:54:35.323#Z#DEBUG#2a4a60f1-4db6-11f1-b47b-eeee0a95f40c.location-tracker-db-deployer#flowable-async-job-executor-thread-14122#
[PollStageAppStatusExecution] d8f6db78-8920-425b-9739-2f3f31b01b5b [2026-05-12T03:54:27.957906] Installed yarn 1.22.22 (STDOUT, STG)#
#2026 05 12 03:54:35.323#Z#DEBUG#2a4a60f1-4db6-11f1-b47b-eeee0a95f40c.location-tracker-db-deployer#flowable-async-job-executor-thread-14122#
[PollStageAppStatusExecution] d8f6db78-8920-425b-9739-2f3f31b01b5b [2026-05-12T03:54:27.957929] -----> Creating runtime environment (STDOUT, STG)#
#2026 05 12 03:54:35.323#Z#DEBUG#2a4a60f1-4db6-11f1-b47b-eeee0a95f40c.location-tracker-db-deployer#flowable-async-job-executor-thread-14122#
[PollStageAppStatusExecution] d8f6db78-8920-425b-9739-2f3f31b01b5b [2026-05-12T03:54:27.960577] NODE_ENV=production (STDOUT, STG)#
#2026 05 12 03:54:35.323#Z#DEBUG#2a4a60f1-4db6-11f1-b47b-eeee0a95f40c.location-tracker-db-deployer#flowable-async-job-executor-thread-14122#
[PollStageAppStatusExecution] d8f6db78-8920-425b-9739-2f3f31b01b5b [2026-05-12T03:54:27.960595] NODE_HOME=/tmp/contents3542565854/deps/0/node (STDOUT, STG)#
#2026 05 12 03:54:35.323#Z#DEBUG#2a4a60f1-4db6-11f1-b47b-eeee0a95f40c.location-tracker-db-deployer#flowable-async-job-executor-thread-14122#
[PollStageAppStatusExecution] d8f6db78-8920-425b-9739-2f3f31b01b5b [2026-05-12T03:54:27.960599] NODE_MODULES_CACHE=true (STDOUT, STG)#
#2026 05 12 03:54:35.323#Z#DEBUG#2a4a60f1-4db6-11f1-b47b-eeee0a95f40c.location-tracker-db-deployer#flowable-async-job-executor-thread-14122#
[PollStageAppStatusExecution] d8f6db78-8920-425b-9739-2f3f31b01b5b [2026-05-12T03:54:27.960602] NODE_VERBOSE=false (STDOUT, STG)#
#2026 05 12 03:54:35.323#Z#DEBUG#2a4a60f1-4db6-11f1-b47b-eeee0a95f40c.location-tracker-db-deployer#flowable-async-job-executor-thread-14122#
[PollStageAppStatusExecution] d8f6db78-8920-425b-9739-2f3f31b01b5b [2026-05-12T03:54:27.960613] NPM_CONFIG_LOGLEVEL=error (STDOUT, STG)#
#2026 05 12 03:54:35.323#Z#DEBUG#2a4a60f1-4db6-11f1-b47b-eeee0a95f40c.location-tracker-db-deployer#flowable-async-job-executor-thread-14122#
[PollStageAppStatusExecution] d8f6db78-8920-425b-9739-2f3f31b01b5b [2026-05-12T03:54:27.960621] NPM_CONFIG_PRODUCTION=true (STDOUT, STG)#
#2026 05 12 03:54:35.323#Z#DEBUG#2a4a60f1-4db6-11f1-b47b-eeee0a95f40c.location-tracker-db-deployer#flowable-async-job-executor-thread-14122#
[PollStageAppStatusExecution] d8f6db78-8920-425b-9739-2f3f31b01b5b [2026-05-12T03:54:27.960706] -----> Building dependencies (STDOUT, STG)#
#2026 05 12 03:54:35.323#Z#DEBUG#2a4a60f1-4db6-11f1-b47b-eeee0a95f40c.location-tracker-db-deployer#flowable-async-job-executor-thread-14122#
[PollStageAppStatusExecution] d8f6db78-8920-425b-9739-2f3f31b01b5b [2026-05-12T03:54:27.960720] Prebuild detected (node_modules already exists) (STDOUT, STG)#
#2026 05 12 03:54:35.323#Z#DEBUG#2a4a60f1-4db6-11f1-b47b-eeee0a95f40c.location-tracker-db-deployer#flowable-async-job-executor-thread-14122#
[PollStageAppStatusExecution] d8f6db78-8920-425b-9739-2f3f31b01b5b [2026-05-12T03:54:27.960724] Rebuilding any native modules (STDOUT, STG)#
#2026 05 12 03:54:35.323#Z#DEBUG#2a4a60f1-4db6-11f1-b47b-eeee0a95f40c.location-tracker-db-deployer#flowable-async-job-executor-thread-14122#
[PollStageAppStatusExecution] d8f6db78-8920-425b-9739-2f3f31b01b5b [2026-05-12T03:54:28.590822] rebuilt dependencies successfully (STDOUT, STG)#
#2026 05 12 03:54:35.323#Z#DEBUG#2a4a60f1-4db6-11f1-b47b-eeee0a95f40c.location-tracker-db-deployer#flowable-async-job-executor-thread-14122#
[PollStageAppStatusExecution] d8f6db78-8920-425b-9739-2f3f31b01b5b [2026-05-12T03:54:28.673794] Installing any new modules (package.json + package-lock.json) (STDOUT, STG)#
#2026 05 12 03:54:35.323#Z#DEBUG#2a4a60f1-4db6-11f1-b47b-eeee0a95f40c.location-tracker-db-deployer#flowable-async-job-executor-thread-14122#
[PollStageAppStatusExecution] d8f6db78-8920-425b-9739-2f3f31b01b5b [2026-05-12T03:54:29.214934] up to date in 436ms (STDOUT, STG)#
#2026 05 12 03:54:35.323#Z#DEBUG#2a4a60f1-4db6-11f1-b47b-eeee0a95f40c.location-tracker-db-deployer#flowable-async-job-executor-thread-14122#
[PollStageAppStatusExecution] d8f6db78-8920-425b-9739-2f3f31b01b5b [2026-05-12T03:54:29.215282] 4 packages are looking for funding (STDOUT, STG)#
#2026 05 12 03:54:35.323#Z#DEBUG#2a4a60f1-4db6-11f1-b47b-eeee0a95f40c.location-tracker-db-deployer#flowable-async-job-executor-thread-14122#
[PollStageAppStatusExecution] d8f6db78-8920-425b-9739-2f3f31b01b5b [2026-05-12T03:54:29.215386] run `npm fund` for details (STDOUT, STG)#
#2026 05 12 03:54:35.323#Z#DEBUG#2a4a60f1-4db6-11f1-b47b-eeee0a95f40c.location-tracker-db-deployer#flowable-async-job-executor-thread-14122#
[PollStageAppStatusExecution] d8f6db78-8920-425b-9739-2f3f31b01b5b [2026-05-12T03:54:30.018828] Contrast Security no credentials found. Will not write environment files. (STDOUT, STG)#
#2026 05 12 03:54:45.397#Z#DEBUG#2a4a60f1-4db6-11f1-b47b-eeee0a95f40c.location-tracker-db-deployer#flowable-async-job-executor-thread-14130#
[PollStageAppStatusExecution] d8f6db78-8920-425b-9739-2f3f31b01b5b [2026-05-12T03:54:42.627660] Exit status 0 (STDOUT, STG)#
#2026 05 12 03:54:45.397#Z#DEBUG#2a4a60f1-4db6-11f1-b47b-eeee0a95f40c.location-tracker-db-deployer#flowable-async-job-executor-thread-14130#
[PollStageAppStatusExecution] d8f6db78-8920-425b-9739-2f3f31b01b5b [2026-05-12T03:54:42.627716] Uploading droplet, build artifacts cache... (STDOUT, STG)#
#2026 05 12 03:54:45.397#Z#DEBUG#2a4a60f1-4db6-11f1-b47b-eeee0a95f40c.location-tracker-db-deployer#flowable-async-job-executor-thread-14130#
[PollStageAppStatusExecution] d8f6db78-8920-425b-9739-2f3f31b01b5b [2026-05-12T03:54:42.627762] Uploading build artifacts cache... (STDOUT, STG)#
#2026 05 12 03:54:45.397#Z#DEBUG#2a4a60f1-4db6-11f1-b47b-eeee0a95f40c.location-tracker-db-deployer#flowable-async-job-executor-thread-14130#
[PollStageAppStatusExecution] d8f6db78-8920-425b-9739-2f3f31b01b5b [2026-05-12T03:54:42.627792] Uploading droplet... (STDOUT, STG)#
#2026 05 12 03:54:45.397#Z#DEBUG#2a4a60f1-4db6-11f1-b47b-eeee0a95f40c.location-tracker-db-deployer#flowable-async-job-executor-thread-14130#
[PollStageAppStatusExecution] d8f6db78-8920-425b-9739-2f3f31b01b5b [2026-05-12T03:54:42.663001] Uploaded build artifacts cache (227B) (STDOUT, STG)#
#2026 05 12 03:54:45.397#Z#DEBUG#2a4a60f1-4db6-11f1-b47b-eeee0a95f40c.location-tracker-db-deployer#flowable-async-job-executor-thread-14130#
[PollStageAppStatusExecution] d8f6db78-8920-425b-9739-2f3f31b01b5b [2026-05-12T03:54:43.515143] Creating droplet for app with guid d8f6db78-8920-425b-9739-2f3f31b01b5b (STDOUT, API)#
#2026 05 12 03:54:55.410#Z#DEBUG#2a4a60f1-4db6-11f1-b47b-eeee0a95f40c.location-tracker-db-deployer#flowable-async-job-executor-thread-14137#
[PollStageAppStatusExecution] d8f6db78-8920-425b-9739-2f3f31b01b5b [2026-05-12T03:54:46.610743] Uploaded droplet (58.4M) (STDOUT, STG)#
#2026 05 12 03:54:55.410#Z#DEBUG#2a4a60f1-4db6-11f1-b47b-eeee0a95f40c.location-tracker-db-deployer#flowable-async-job-executor-thread-14137#
[PollStageAppStatusExecution] d8f6db78-8920-425b-9739-2f3f31b01b5b [2026-05-12T03:54:46.638492] Uploading complete (STDOUT, STG)#
#2026 05 12 03:54:55.410#Z#DEBUG#2a4a60f1-4db6-11f1-b47b-eeee0a95f40c.location-tracker-db-deployer#flowable-async-job-executor-thread-14137#
[PollStageAppStatusExecution] d8f6db78-8920-425b-9739-2f3f31b01b5b [2026-05-12T03:54:47.884718] Cell 4401fcd0-006d-4ceb-9b51-aa22a1b186cf stopping instance 61d16897-42c6-49ff-8163-0a103435b556 (STDOUT, STG)#
#2026 05 12 03:54:55.410#Z#DEBUG#2a4a60f1-4db6-11f1-b47b-eeee0a95f40c.location-tracker-db-deployer#flowable-async-job-executor-thread-14137#
[PollStageAppStatusExecution] d8f6db78-8920-425b-9739-2f3f31b01b5b [2026-05-12T03:54:47.884775] Cell 4401fcd0-006d-4ceb-9b51-aa22a1b186cf destroying container for instance 61d16897-42c6-49ff-8163-0a103435b556 (STDOUT, STG)#
#2026 05 12 03:54:55.410#Z#DEBUG#2a4a60f1-4db6-11f1-b47b-eeee0a95f40c.location-tracker-db-deployer#flowable-async-job-executor-thread-14137#
[PollStageAppStatusExecution] d8f6db78-8920-425b-9739-2f3f31b01b5b [2026-05-12T03:54:47.956717] Staging complete for build 61d16897-42c6-49ff-8163-0a103435b556 (STDOUT, API)#
#2026 05 12 03:54:55.410#Z#DEBUG#2a4a60f1-4db6-11f1-b47b-eeee0a95f40c.location-tracker-db-deployer#flowable-async-job-executor-thread-14137#
[PollStageAppStatusExecution] d8f6db78-8920-425b-9739-2f3f31b01b5b [2026-05-12T03:54:50.928520] Cell 4401fcd0-006d-4ceb-9b51-aa22a1b186cf successfully destroyed container for instance 61d16897-42c6-49ff-8163-0a103435b556 (STDOUT, STG)#
#2026 05 12 03:55:05.514#Z#DEBUG#2a4a60f1-4db6-11f1-b47b-eeee0a95f40c.location-tracker-db-deployer#flowable-async-job-executor-thread-14146#
[PollExecuteTaskStatusExecution] d8f6db78-8920-425b-9739-2f3f31b01b5b [2026-05-12T03:45:45.062625] Updated app with guid d8f6db78-8920-425b-9739-2f3f31b01b5b ({"lifecycle"=>{"data"=>{"buildpacks"=>["nodejs_buildpack"]}, "type"=>"buildpack"}}) (STDOUT, API)#
#2026 05 12 03:55:05.514#Z#DEBUG#2a4a60f1-4db6-11f1-b47b-eeee0a95f40c.location-tracker-db-deployer#flowable-async-job-executor-thread-14146#
[PollExecuteTaskStatusExecution] d8f6db78-8920-425b-9739-2f3f31b01b5b [2026-05-12T03:45:45.198780] Updating process: "web" (STDOUT, API)#
#2026 05 12 03:55:05.514#Z#DEBUG#2a4a60f1-4db6-11f1-b47b-eeee0a95f40c.location-tracker-db-deployer#flowable-async-job-executor-thread-14146#
[PollExecuteTaskStatusExecution] d8f6db78-8920-425b-9739-2f3f31b01b5b [2026-05-12T03:45:45.321372] Scaling process: "web" (STDOUT, API)#
#2026 05 12 03:55:05.514#Z#DEBUG#2a4a60f1-4db6-11f1-b47b-eeee0a95f40c.location-tracker-db-deployer#flowable-async-job-executor-thread-14146#
[PollExecuteTaskStatusExecution] d8f6db78-8920-425b-9739-2f3f31b01b5b [2026-05-12T03:46:03.744872] Uploading app package for app with guid d8f6db78-8920-425b-9739-2f3f31b01b5b (STDOUT, API)#
#2026 05 12 03:55:05.514#Z#DEBUG#2a4a60f1-4db6-11f1-b47b-eeee0a95f40c.location-tracker-db-deployer#flowable-async-job-executor-thread-14146#
[PollExecuteTaskStatusExecution] d8f6db78-8920-425b-9739-2f3f31b01b5b [2026-05-12T03:46:03.999149] Updated app with guid d8f6db78-8920-425b-9739-2f3f31b01b5b ({"environment_variables"=>"[PRIVATE DATA HIDDEN]"}) (STDOUT, API)#
#2026 05 12 03:55:05.514#Z#DEBUG#2a4a60f1-4db6-11f1-b47b-eeee0a95f40c.location-tracker-db-deployer#flowable-async-job-executor-thread-14146#
[PollExecuteTaskStatusExecution] d8f6db78-8920-425b-9739-2f3f31b01b5b [2026-05-12T03:46:13.937212] Scaling process: "web" (STDOUT, API)#
#2026 05 12 03:55:05.514#Z#DEBUG#2a4a60f1-4db6-11f1-b47b-eeee0a95f40c.location-tracker-db-deployer#flowable-async-job-executor-thread-14146#
[PollExecuteTaskStatusExecution] d8f6db78-8920-425b-9739-2f3f31b01b5b [2026-05-12T03:46:14.305191] Creating build for app with guid d8f6db78-8920-425b-9739-2f3f31b01b5b (STDOUT, API)#
#2026 05 12 03:55:05.514#Z#DEBUG#2a4a60f1-4db6-11f1-b47b-eeee0a95f40c.location-tracker-db-deployer#flowable-async-job-executor-thread-14146#
[PollExecuteTaskStatusExecution] d8f6db78-8920-425b-9739-2f3f31b01b5b [2026-05-12T03:46:14.633460] Downloading nodejs_buildpack... (STDOUT, STG)#
#2026 05 12 03:55:05.514#Z#DEBUG#2a4a60f1-4db6-11f1-b47b-eeee0a95f40c.location-tracker-db-deployer#flowable-async-job-executor-thread-14146#
[PollExecuteTaskStatusExecution] d8f6db78-8920-425b-9739-2f3f31b01b5b [2026-05-12T03:46:14.661290] Downloaded nodejs_buildpack (STDOUT, STG)#
#2026 05 12 03:55:05.514#Z#DEBUG#2a4a60f1-4db6-11f1-b47b-eeee0a95f40c.location-tracker-db-deployer#flowable-async-job-executor-thread-14146#
[PollExecuteTaskStatusExecution] d8f6db78-8920-425b-9739-2f3f31b01b5b [2026-05-12T03:46:14.661407] Cell 4401fcd0-006d-4ceb-9b51-aa22a1b186cf creating container for instance f0c6dd69-316e-43a9-a043-8c15cf3ccf0c (STDOUT, STG)#
#2026 05 12 03:55:05.514#Z#DEBUG#2a4a60f1-4db6-11f1-b47b-eeee0a95f40c.location-tracker-db-deployer#flowable-async-job-executor-thread-14146#
[PollExecuteTaskStatusExecution] d8f6db78-8920-425b-9739-2f3f31b01b5b [2026-05-12T03:46:15.477111] Security group rules were updated (STDOUT, STG)#
#2026 05 12 03:55:05.514#Z#DEBUG#2a4a60f1-4db6-11f1-b47b-eeee0a95f40c.location-tracker-db-deployer#flowable-async-job-executor-thread-14146#
[PollExecuteTaskStatusExecution] d8f6db78-8920-425b-9739-2f3f31b01b5b [2026-05-12T03:46:15.743696] Cell 4401fcd0-006d-4ceb-9b51-aa22a1b186cf successfully created container for instance f0c6dd69-316e-43a9-a043-8c15cf3ccf0c (STDOUT, STG)#
#2026 05 12 03:55:05.514#Z#DEBUG#2a4a60f1-4db6-11f1-b47b-eeee0a95f40c.location-tracker-db-deployer#flowable-async-job-executor-thread-14146#
[PollExecuteTaskStatusExecution] d8f6db78-8920-425b-9739-2f3f31b01b5b [2026-05-12T03:46:16.883774] Downloading app package... (STDOUT, STG)#
#2026 05 12 03:55:05.514#Z#DEBUG#2a4a60f1-4db6-11f1-b47b-eeee0a95f40c.location-tracker-db-deployer#flowable-async-job-executor-thread-14146#
[PollExecuteTaskStatusExecution] d8f6db78-8920-425b-9739-2f3f31b01b5b [2026-05-12T03:46:16.883846] Downloading build artifacts cache... (STDOUT, STG)#
#2026 05 12 03:55:05.514#Z#DEBUG#2a4a60f1-4db6-11f1-b47b-eeee0a95f40c.location-tracker-db-deployer#flowable-async-job-executor-thread-14146#
[PollExecuteTaskStatusExecution] d8f6db78-8920-425b-9739-2f3f31b01b5b [2026-05-12T03:46:16.921242] Downloaded build artifacts cache (228B) (STDOUT, STG)#
#2026 05 12 03:55:05.514#Z#DEBUG#2a4a60f1-4db6-11f1-b47b-eeee0a95f40c.location-tracker-db-deployer#flowable-async-job-executor-thread-14146#
[PollExecuteTaskStatusExecution] d8f6db78-8920-425b-9739-2f3f31b01b5b [2026-05-12T03:46:17.270982] Downloaded app package (2.3M) (STDOUT, STG)#
#2026 05 12 03:55:05.514#Z#DEBUG#2a4a60f1-4db6-11f1-b47b-eeee0a95f40c.location-tracker-db-deployer#flowable-async-job-executor-thread-14146#
[PollExecuteTaskStatusExecution] d8f6db78-8920-425b-9739-2f3f31b01b5b [2026-05-12T03:46:17.400120] -----> Nodejs Buildpack version 1.8.44 (STDOUT, STG)#
#2026 05 12 03:55:05.514#Z#DEBUG#2a4a60f1-4db6-11f1-b47b-eeee0a95f40c.location-tracker-db-deployer#flowable-async-job-executor-thread-14146#
[PollExecuteTaskStatusExecution] d8f6db78-8920-425b-9739-2f3f31b01b5b [2026-05-12T03:46:17.588563] -----> Bootstrapping python (STDOUT, STG)#
#2026 05 12 03:55:05.514#Z#DEBUG#2a4a60f1-4db6-11f1-b47b-eeee0a95f40c.location-tracker-db-deployer#flowable-async-job-executor-thread-14146#
[PollExecuteTaskStatusExecution] d8f6db78-8920-425b-9739-2f3f31b01b5b [2026-05-12T03:46:17.588585] -----> Installing python 3.11.14 (STDOUT, STG)#
#2026 05 12 03:55:05.514#Z#DEBUG#2a4a60f1-4db6-11f1-b47b-eeee0a95f40c.location-tracker-db-deployer#flowable-async-job-executor-thread-14146#
[PollExecuteTaskStatusExecution] d8f6db78-8920-425b-9739-2f3f31b01b5b [2026-05-12T03:46:17.588753] Copy [/tmp/buildpacks/ee597f2be8090397/dependencies/b5e0345ae0ae1932e7d56fffaa49a487/python_3.11.14_linux_x64_cflinuxfs4_66f53248.tgz] (STDOUT, STG)#
#2026 05 12 03:55:05.514#Z#DEBUG#2a4a60f1-4db6-11f1-b47b-eeee0a95f40c.location-tracker-db-deployer#flowable-async-job-executor-thread-14146#
[PollExecuteTaskStatusExecution] d8f6db78-8920-425b-9739-2f3f31b01b5b [2026-05-12T03:46:22.878646] -----> Installing binaries (STDOUT, STG)#
#2026 05 12 03:55:05.514#Z#DEBUG#2a4a60f1-4db6-11f1-b47b-eeee0a95f40c.location-tracker-db-deployer#flowable-async-job-executor-thread-14146#
[PollExecuteTaskStatusExecution] d8f6db78-8920-425b-9739-2f3f31b01b5b [2026-05-12T03:46:22.879714] engines.node (package.json): >=18 (STDOUT, STG)#
#2026 05 12 03:55:05.514#Z#DEBUG#2a4a60f1-4db6-11f1-b47b-eeee0a95f40c.location-tracker-db-deployer#flowable-async-job-executor-thread-14146#
[PollExecuteTaskStatusExecution] d8f6db78-8920-425b-9739-2f3f31b01b5b [2026-05-12T03:46:22.879725] engines.npm (package.json): unspecified (use default) (STDOUT, STG)#
#2026 05 12 03:55:05.514#Z#DEBUG#2a4a60f1-4db6-11f1-b47b-eeee0a95f40c.location-tracker-db-deployer#flowable-async-job-executor-thread-14146#
[PollExecuteTaskStatusExecution] d8f6db78-8920-425b-9739-2f3f31b01b5b [2026-05-12T03:46:22.879731] [31;1m**WARNING**[0m Dangerous semver range (>) in engines.node. See: http://docs.cloudfoundry.org/buildpacks/node/node-tips.html (STDOUT, STG)#
#2026 05 12 03:55:05.514#Z#DEBUG#2a4a60f1-4db6-11f1-b47b-eeee0a95f40c.location-tracker-db-deployer#flowable-async-job-executor-thread-14146#
[PollExecuteTaskStatusExecution] d8f6db78-8920-425b-9739-2f3f31b01b5b [2026-05-12T03:46:22.879845] -----> Installing node 24.13.0 (STDOUT, STG)#
#2026 05 12 03:55:05.514#Z#DEBUG#2a4a60f1-4db6-11f1-b47b-eeee0a95f40c.location-tracker-db-deployer#flowable-async-job-executor-thread-14146#
[PollExecuteTaskStatusExecution] d8f6db78-8920-425b-9739-2f3f31b01b5b [2026-05-12T03:46:22.880108] Copy [/tmp/buildpacks/ee597f2be8090397/dependencies/2f5692219fecc3eee6e6d507a6bfe7b9/node_24.13.0_linux_x64_cflinuxfs4_a816dee1.tgz] (STDOUT, STG)#
#2026 05 12 03:55:05.514#Z#DEBUG#2a4a60f1-4db6-11f1-b47b-eeee0a95f40c.location-tracker-db-deployer#flowable-async-job-executor-thread-14146#
[PollExecuteTaskStatusExecution] d8f6db78-8920-425b-9739-2f3f31b01b5b [2026-05-12T03:46:26.093842] Using default npm version: 11.6.2 (STDOUT, STG)#
#2026 05 12 03:55:05.514#Z#DEBUG#2a4a60f1-4db6-11f1-b47b-eeee0a95f40c.location-tracker-db-deployer#flowable-async-job-executor-thread-14146#
[PollExecuteTaskStatusExecution] d8f6db78-8920-425b-9739-2f3f31b01b5b [2026-05-12T03:46:26.093869] -----> Installing yarn 1.22.22 (STDOUT, STG)#
#2026 05 12 03:55:05.514#Z#DEBUG#2a4a60f1-4db6-11f1-b47b-eeee0a95f40c.location-tracker-db-deployer#flowable-async-job-executor-thread-14146#
[PollExecuteTaskStatusExecution] d8f6db78-8920-425b-9739-2f3f31b01b5b [2026-05-12T03:46:26.093874] Copy [/tmp/buildpacks/ee597f2be8090397/dependencies/e3a39aedd1236924d69cc2d0637a8ed2/yarn_1.22.22_linux_noarch_any-stack_4911d0a6.tgz] (STDOUT, STG)#
#2026 05 12 03:55:05.514#Z#DEBUG#2a4a60f1-4db6-11f1-b47b-eeee0a95f40c.location-tracker-db-deployer#flowable-async-job-executor-thread-14146#
[PollExecuteTaskStatusExecution] d8f6db78-8920-425b-9739-2f3f31b01b5b [2026-05-12T03:46:26.527618] Installed yarn 1.22.22 (STDOUT, STG)#
#2026 05 12 03:55:05.514#Z#DEBUG#2a4a60f1-4db6-11f1-b47b-eeee0a95f40c.location-tracker-db-deployer#flowable-async-job-executor-thread-14146#
[PollExecuteTaskStatusExecution] d8f6db78-8920-425b-9739-2f3f31b01b5b [2026-05-12T03:46:26.527851] -----> Creating runtime environment (STDOUT, STG)#
#2026 05 12 03:55:05.514#Z#DEBUG#2a4a60f1-4db6-11f1-b47b-eeee0a95f40c.location-tracker-db-deployer#flowable-async-job-executor-thread-14146#
[PollExecuteTaskStatusExecution] d8f6db78-8920-425b-9739-2f3f31b01b5b [2026-05-12T03:46:26.530084] NODE_ENV=production (STDOUT, STG)#
#2026 05 12 03:55:05.514#Z#DEBUG#2a4a60f1-4db6-11f1-b47b-eeee0a95f40c.location-tracker-db-deployer#flowable-async-job-executor-thread-14146#
[PollExecuteTaskStatusExecution] d8f6db78-8920-425b-9739-2f3f31b01b5b [2026-05-12T03:46:26.530098] NODE_HOME=/tmp/contents2808410709/deps/0/node (STDOUT, STG)#
#2026 05 12 03:55:05.514#Z#DEBUG#2a4a60f1-4db6-11f1-b47b-eeee0a95f40c.location-tracker-db-deployer#flowable-async-job-executor-thread-14146#
[PollExecuteTaskStatusExecution] d8f6db78-8920-425b-9739-2f3f31b01b5b [2026-05-12T03:46:26.530101] NODE_MODULES_CACHE=true (STDOUT, STG)#
#2026 05 12 03:55:05.514#Z#DEBUG#2a4a60f1-4db6-11f1-b47b-eeee0a95f40c.location-tracker-db-deployer#flowable-async-job-executor-thread-14146#
[PollExecuteTaskStatusExecution] d8f6db78-8920-425b-9739-2f3f31b01b5b [2026-05-12T03:46:26.530105] NODE_VERBOSE=false (STDOUT, STG)#
#2026 05 12 03:55:05.514#Z#DEBUG#2a4a60f1-4db6-11f1-b47b-eeee0a95f40c.location-tracker-db-deployer#flowable-async-job-executor-thread-14146#
[PollExecuteTaskStatusExecution] d8f6db78-8920-425b-9739-2f3f31b01b5b [2026-05-12T03:46:26.530109] NPM_CONFIG_LOGLEVEL=error (STDOUT, STG)#
#2026 05 12 03:55:05.514#Z#DEBUG#2a4a60f1-4db6-11f1-b47b-eeee0a95f40c.location-tracker-db-deployer#flowable-async-job-executor-thread-14146#
[PollExecuteTaskStatusExecution] d8f6db78-8920-425b-9739-2f3f31b01b5b [2026-05-12T03:46:26.530112] NPM_CONFIG_PRODUCTION=true (STDOUT, STG)#
#2026 05 12 03:55:05.514#Z#DEBUG#2a4a60f1-4db6-11f1-b47b-eeee0a95f40c.location-tracker-db-deployer#flowable-async-job-executor-thread-14146#
[PollExecuteTaskStatusExecution] d8f6db78-8920-425b-9739-2f3f31b01b5b [2026-05-12T03:46:26.530124] -----> Building dependencies (STDOUT, STG)#
#2026 05 12 03:55:05.514#Z#DEBUG#2a4a60f1-4db6-11f1-b47b-eeee0a95f40c.location-tracker-db-deployer#flowable-async-job-executor-thread-14146#
[PollExecuteTaskStatusExecution] d8f6db78-8920-425b-9739-2f3f31b01b5b [2026-05-12T03:46:26.530132] Prebuild detected (node_modules already exists) (STDOUT, STG)#
#2026 05 12 03:55:05.514#Z#DEBUG#2a4a60f1-4db6-11f1-b47b-eeee0a95f40c.location-tracker-db-deployer#flowable-async-job-executor-thread-14146#
[PollExecuteTaskStatusExecution] d8f6db78-8920-425b-9739-2f3f31b01b5b [2026-05-12T03:46:26.530219] Rebuilding any native modules (STDOUT, STG)#
#2026 05 12 03:55:05.514#Z#DEBUG#2a4a60f1-4db6-11f1-b47b-eeee0a95f40c.location-tracker-db-deployer#flowable-async-job-executor-thread-14146#
[PollExecuteTaskStatusExecution] d8f6db78-8920-425b-9739-2f3f31b01b5b [2026-05-12T03:46:27.170814] rebuilt dependencies successfully (STDOUT, STG)#
#2026 05 12 03:55:05.514#Z#DEBUG#2a4a60f1-4db6-11f1-b47b-eeee0a95f40c.location-tracker-db-deployer#flowable-async-job-executor-thread-14146#
[PollExecuteTaskStatusExecution] d8f6db78-8920-425b-9739-2f3f31b01b5b [2026-05-12T03:46:27.252093] Installing any new modules (package.json + package-lock.json) (STDOUT, STG)#
#2026 05 12 03:55:05.514#Z#DEBUG#2a4a60f1-4db6-11f1-b47b-eeee0a95f40c.location-tracker-db-deployer#flowable-async-job-executor-thread-14146#
[PollExecuteTaskStatusExecution] d8f6db78-8920-425b-9739-2f3f31b01b5b [2026-05-12T03:46:27.771288] up to date in 432ms (STDOUT, STG)#
#2026 05 12 03:55:05.514#Z#DEBUG#2a4a60f1-4db6-11f1-b47b-eeee0a95f40c.location-tracker-db-deployer#flowable-async-job-executor-thread-14146#
[PollExecuteTaskStatusExecution] d8f6db78-8920-425b-9739-2f3f31b01b5b [2026-05-12T03:46:27.771462] 4 packages are looking for funding (STDOUT, STG)#
#2026 05 12 03:55:05.514#Z#DEBUG#2a4a60f1-4db6-11f1-b47b-eeee0a95f40c.location-tracker-db-deployer#flowable-async-job-executor-thread-14146#
[PollExecuteTaskStatusExecution] d8f6db78-8920-425b-9739-2f3f31b01b5b [2026-05-12T03:46:27.771588] run `npm fund` for details (STDOUT, STG)#
#2026 05 12 03:55:05.514#Z#DEBUG#2a4a60f1-4db6-11f1-b47b-eeee0a95f40c.location-tracker-db-deployer#flowable-async-job-executor-thread-14146#
[PollExecuteTaskStatusExecution] d8f6db78-8920-425b-9739-2f3f31b01b5b [2026-05-12T03:46:28.537668] Contrast Security no credentials found. Will not write environment files. (STDOUT, STG)#
#2026 05 12 03:55:05.514#Z#DEBUG#2a4a60f1-4db6-11f1-b47b-eeee0a95f40c.location-tracker-db-deployer#flowable-async-job-executor-thread-14146#
[PollExecuteTaskStatusExecution] d8f6db78-8920-425b-9739-2f3f31b01b5b [2026-05-12T03:46:40.916474] Exit status 0 (STDOUT, STG)#
#2026 05 12 03:55:05.514#Z#DEBUG#2a4a60f1-4db6-11f1-b47b-eeee0a95f40c.location-tracker-db-deployer#flowable-async-job-executor-thread-14146#
[PollExecuteTaskStatusExecution] d8f6db78-8920-425b-9739-2f3f31b01b5b [2026-05-12T03:46:40.916576] Uploading droplet, build artifacts cache... (STDOUT, STG)#
#2026 05 12 03:55:05.514#Z#DEBUG#2a4a60f1-4db6-11f1-b47b-eeee0a95f40c.location-tracker-db-deployer#flowable-async-job-executor-thread-14146#
[PollExecuteTaskStatusExecution] d8f6db78-8920-425b-9739-2f3f31b01b5b [2026-05-12T03:46:40.916662] Uploading droplet... (STDOUT, STG)#
#2026 05 12 03:55:05.514#Z#DEBUG#2a4a60f1-4db6-11f1-b47b-eeee0a95f40c.location-tracker-db-deployer#flowable-async-job-executor-thread-14146#
[PollExecuteTaskStatusExecution] d8f6db78-8920-425b-9739-2f3f31b01b5b [2026-05-12T03:46:40.916714] Uploading build artifacts cache... (STDOUT, STG)#
#2026 05 12 03:55:05.514#Z#DEBUG#2a4a60f1-4db6-11f1-b47b-eeee0a95f40c.location-tracker-db-deployer#flowable-async-job-executor-thread-14146#
[PollExecuteTaskStatusExecution] d8f6db78-8920-425b-9739-2f3f31b01b5b [2026-05-12T03:46:40.940679] Uploaded build artifacts cache (228B) (STDOUT, STG)#
#2026 05 12 03:55:05.514#Z#DEBUG#2a4a60f1-4db6-11f1-b47b-eeee0a95f40c.location-tracker-db-deployer#flowable-async-job-executor-thread-14146#
[PollExecuteTaskStatusExecution] d8f6db78-8920-425b-9739-2f3f31b01b5b [2026-05-12T03:46:41.848417] Creating droplet for app with guid d8f6db78-8920-425b-9739-2f3f31b01b5b (STDOUT, API)#
#2026 05 12 03:55:05.514#Z#DEBUG#2a4a60f1-4db6-11f1-b47b-eeee0a95f40c.location-tracker-db-deployer#flowable-async-job-executor-thread-14146#
[PollExecuteTaskStatusExecution] d8f6db78-8920-425b-9739-2f3f31b01b5b [2026-05-12T03:46:45.930973] Uploaded droplet (58.4M) (STDOUT, STG)#
#2026 05 12 03:55:05.514#Z#DEBUG#2a4a60f1-4db6-11f1-b47b-eeee0a95f40c.location-tracker-db-deployer#flowable-async-job-executor-thread-14146#
[PollExecuteTaskStatusExecution] d8f6db78-8920-425b-9739-2f3f31b01b5b [2026-05-12T03:46:45.973121] Uploading complete (STDOUT, STG)#
#2026 05 12 03:55:05.514#Z#DEBUG#2a4a60f1-4db6-11f1-b47b-eeee0a95f40c.location-tracker-db-deployer#flowable-async-job-executor-thread-14146#
[PollExecuteTaskStatusExecution] d8f6db78-8920-425b-9739-2f3f31b01b5b [2026-05-12T03:46:46.728100] Cell 4401fcd0-006d-4ceb-9b51-aa22a1b186cf stopping instance f0c6dd69-316e-43a9-a043-8c15cf3ccf0c (STDOUT, STG)#
#2026 05 12 03:55:05.514#Z#DEBUG#2a4a60f1-4db6-11f1-b47b-eeee0a95f40c.location-tracker-db-deployer#flowable-async-job-executor-thread-14146#
[PollExecuteTaskStatusExecution] d8f6db78-8920-425b-9739-2f3f31b01b5b [2026-05-12T03:46:46.728187] Cell 4401fcd0-006d-4ceb-9b51-aa22a1b186cf destroying container for instance f0c6dd69-316e-43a9-a043-8c15cf3ccf0c (STDOUT, STG)#
#2026 05 12 03:55:05.514#Z#DEBUG#2a4a60f1-4db6-11f1-b47b-eeee0a95f40c.location-tracker-db-deployer#flowable-async-job-executor-thread-14146#
[PollExecuteTaskStatusExecution] d8f6db78-8920-425b-9739-2f3f31b01b5b [2026-05-12T03:46:46.867695] Staging complete for build f0c6dd69-316e-43a9-a043-8c15cf3ccf0c (STDOUT, API)#
#2026 05 12 03:55:05.514#Z#DEBUG#2a4a60f1-4db6-11f1-b47b-eeee0a95f40c.location-tracker-db-deployer#flowable-async-job-executor-thread-14146#
[PollExecuteTaskStatusExecution] d8f6db78-8920-425b-9739-2f3f31b01b5b [2026-05-12T03:46:50.737257] Cell 4401fcd0-006d-4ceb-9b51-aa22a1b186cf successfully destroyed container for instance f0c6dd69-316e-43a9-a043-8c15cf3ccf0c (STDOUT, STG)#
#2026 05 12 03:55:05.514#Z#DEBUG#2a4a60f1-4db6-11f1-b47b-eeee0a95f40c.location-tracker-db-deployer#flowable-async-job-executor-thread-14146#
[PollExecuteTaskStatusExecution] d8f6db78-8920-425b-9739-2f3f31b01b5b [2026-05-12T03:46:53.907339] Updated app with guid d8f6db78-8920-425b-9739-2f3f31b01b5b ({:droplet_guid=>"ccb1e9d9-e8ca-480d-8fb3-dfc05e20b183"}) (STDOUT, API)#
#2026 05 12 03:55:05.514#Z#DEBUG#2a4a60f1-4db6-11f1-b47b-eeee0a95f40c.location-tracker-db-deployer#flowable-async-job-executor-thread-14146#
[PollExecuteTaskStatusExecution] d8f6db78-8920-425b-9739-2f3f31b01b5b [2026-05-12T03:46:54.453177] Cell 4401fcd0-006d-4ceb-9b51-aa22a1b186cf creating container for instance e214d394-4a1b-4e2c-908e-db70c4786d77 (STDOUT, CELL)#
#2026 05 12 03:55:05.514#Z#DEBUG#2a4a60f1-4db6-11f1-b47b-eeee0a95f40c.location-tracker-db-deployer#flowable-async-job-executor-thread-14146#
[PollExecuteTaskStatusExecution] d8f6db78-8920-425b-9739-2f3f31b01b5b [2026-05-12T03:46:55.275566] Security group rules were updated (STDOUT, CELL)#
#2026 05 12 03:55:05.514#Z#DEBUG#2a4a60f1-4db6-11f1-b47b-eeee0a95f40c.location-tracker-db-deployer#flowable-async-job-executor-thread-14146#
[PollExecuteTaskStatusExecution] d8f6db78-8920-425b-9739-2f3f31b01b5b [2026-05-12T03:46:55.589441] Cell 4401fcd0-006d-4ceb-9b51-aa22a1b186cf successfully created container for instance e214d394-4a1b-4e2c-908e-db70c4786d77 (STDOUT, CELL)#
#2026 05 12 03:55:05.514#Z#DEBUG#2a4a60f1-4db6-11f1-b47b-eeee0a95f40c.location-tracker-db-deployer#flowable-async-job-executor-thread-14146#
[PollExecuteTaskStatusExecution] d8f6db78-8920-425b-9739-2f3f31b01b5b [2026-05-12T03:47:01.372155] Invoking pre-start scripts. (STDOUT, APP/TASK/deploy)#
#2026 05 12 03:55:05.514#Z#DEBUG#2a4a60f1-4db6-11f1-b47b-eeee0a95f40c.location-tracker-db-deployer#flowable-async-job-executor-thread-14146#
[PollExecuteTaskStatusExecution] d8f6db78-8920-425b-9739-2f3f31b01b5b [2026-05-12T03:47:01.652909] Invoking start command. (STDOUT, APP/TASK/deploy)#
#2026 05 12 03:55:05.514#Z#DEBUG#2a4a60f1-4db6-11f1-b47b-eeee0a95f40c.location-tracker-db-deployer#flowable-async-job-executor-thread-14146#
[PollExecuteTaskStatusExecution] d8f6db78-8920-425b-9739-2f3f31b01b5b [2026-05-12T03:47:02.168228] > start (STDOUT, APP/TASK/deploy)#
#2026 05 12 03:55:05.514#Z#DEBUG#2a4a60f1-4db6-11f1-b47b-eeee0a95f40c.location-tracker-db-deployer#flowable-async-job-executor-thread-14146#
[PollExecuteTaskStatusExecution] d8f6db78-8920-425b-9739-2f3f31b01b5b [2026-05-12T03:47:02.168257] > node node_modules/@sap/hdi-deploy/deploy.js --use-hdb (STDOUT, APP/TASK/deploy)#
#2026 05 12 03:55:05.514#Z#DEBUG#2a4a60f1-4db6-11f1-b47b-eeee0a95f40c.location-tracker-db-deployer#flowable-async-job-executor-thread-14146#
[PollExecuteTaskStatusExecution] d8f6db78-8920-425b-9739-2f3f31b01b5b [2026-05-12T03:47:02.358488] VCAP_SERVICES: (STDOUT, APP/TASK/deploy)#
#2026 05 12 03:55:05.514#Z#DEBUG#2a4a60f1-4db6-11f1-b47b-eeee0a95f40c.location-tracker-db-deployer#flowable-async-job-executor-thread-14146#
[PollExecuteTaskStatusExecution] d8f6db78-8920-425b-9739-2f3f31b01b5b [2026-05-12T03:47:02.358823] { (STDOUT, APP/TASK/deploy)#
#2026 05 12 03:55:05.514#Z#DEBUG#2a4a60f1-4db6-11f1-b47b-eeee0a95f40c.location-tracker-db-deployer#flowable-async-job-executor-thread-14146#
[PollExecuteTaskStatusExecution] d8f6db78-8920-425b-9739-2f3f31b01b5b [2026-05-12T03:47:02.358842] "hana": [ (STDOUT, APP/TASK/deploy)#
#2026 05 12 03:55:05.514#Z#DEBUG#2a4a60f1-4db6-11f1-b47b-eeee0a95f40c.location-tracker-db-deployer#flowable-async-job-executor-thread-14146#
[PollExecuteTaskStatusExecution] d8f6db78-8920-425b-9739-2f3f31b01b5b [2026-05-12T03:47:02.358847] { (STDOUT, APP/TASK/deploy)#
#2026 05 12 03:55:05.514#Z#DEBUG#2a4a60f1-4db6-11f1-b47b-eeee0a95f40c.location-tracker-db-deployer#flowable-async-job-executor-thread-14146#
[PollExecuteTaskStatusExecution] d8f6db78-8920-425b-9739-2f3f31b01b5b [2026-05-12T03:47:02.358852] "name": "location-tracker-db", (STDOUT, APP/TASK/deploy)#
#2026 05 12 03:55:05.514#Z#DEBUG#2a4a60f1-4db6-11f1-b47b-eeee0a95f40c.location-tracker-db-deployer#flowable-async-job-executor-thread-14146#
[PollExecuteTaskStatusExecution] d8f6db78-8920-425b-9739-2f3f31b01b5b [2026-05-12T03:47:02.358858] "label": "hana", (STDOUT, APP/TASK/deploy)#
#2026 05 12 03:55:05.514#Z#DEBUG#2a4a60f1-4db6-11f1-b47b-eeee0a95f40c.location-tracker-db-deployer#flowable-async-job-executor-thread-14146#
[PollExecuteTaskStatusExecution] d8f6db78-8920-425b-9739-2f3f31b01b5b [2026-05-12T03:47:02.358863] "plan": "hdi-shared", (STDOUT, APP/TASK/deploy)#
#2026 05 12 03:55:05.514#Z#DEBUG#2a4a60f1-4db6-11f1-b47b-eeee0a95f40c.location-tracker-db-deployer#flowable-async-job-executor-thread-14146#
[PollExecuteTaskStatusExecution] d8f6db78-8920-425b-9739-2f3f31b01b5b [2026-05-12T03:47:02.358868] "credentials": { (STDOUT, APP/TASK/deploy)#
#2026 05 12 03:55:05.514#Z#DEBUG#2a4a60f1-4db6-11f1-b47b-eeee0a95f40c.location-tracker-db-deployer#flowable-async-job-executor-thread-14146#
[PollExecuteTaskStatusExecution] d8f6db78-8920-425b-9739-2f3f31b01b5b [2026-05-12T03:47:02.358872] "schema": "9005752B873E4CD3A96797040AFE8DB5", (STDOUT, APP/TASK/deploy)#
#2026 05 12 03:55:05.514#Z#DEBUG#2a4a60f1-4db6-11f1-b47b-eeee0a95f40c.location-tracker-db-deployer#flowable-async-job-executor-thread-14146#
[PollExecuteTaskStatusExecution] d8f6db78-8920-425b-9739-2f3f31b01b5b [2026-05-12T03:47:02.358878] "database_id": "53f603be-4b09-445f-9155-a8d08900b8dd", (STDOUT, APP/TASK/deploy)#
#2026 05 12 03:55:05.514#Z#DEBUG#2a4a60f1-4db6-11f1-b47b-eeee0a95f40c.location-tracker-db-deployer#flowable-async-job-executor-thread-14146#
[PollExecuteTaskStatusExecution] d8f6db78-8920-425b-9739-2f3f31b01b5b [2026-05-12T03:47:02.358883] "user": "9005752B873E4CD3A96797040AFE8DB5_4FMMJEOKWMEPXGBDLMYM8DMOV_RT", (STDOUT, APP/TASK/deploy)#
#2026 05 12 03:55:05.514#Z#DEBUG#2a4a60f1-4db6-11f1-b47b-eeee0a95f40c.location-tracker-db-deployer#flowable-async-job-executor-thread-14146#
[PollExecuteTaskStatusExecution] d8f6db78-8920-425b-9739-2f3f31b01b5b [2026-05-12T03:47:02.358888] "hdi_user": "9005752B873E4CD3A96797040AFE8DB5_4FMMJEOKWMEPXGBDLMYM8DMOV_DT" (STDOUT, APP/TASK/deploy)#
#2026 05 12 03:55:05.514#Z#DEBUG#2a4a60f1-4db6-11f1-b47b-eeee0a95f40c.location-tracker-db-deployer#flowable-async-job-executor-thread-14146#
[PollExecuteTaskStatusExecution] d8f6db78-8920-425b-9739-2f3f31b01b5b [2026-05-12T03:47:02.358897] }, (STDOUT, APP/TASK/deploy)#
#2026 05 12 03:55:05.514#Z#DEBUG#2a4a60f1-4db6-11f1-b47b-eeee0a95f40c.location-tracker-db-deployer#flowable-async-job-executor-thread-14146#
[PollExecuteTaskStatusExecution] d8f6db78-8920-425b-9739-2f3f31b01b5b [2026-05-12T03:47:02.358902] "tags": [ (STDOUT, APP/TASK/deploy)#
#2026 05 12 03:55:05.514#Z#DEBUG#2a4a60f1-4db6-11f1-b47b-eeee0a95f40c.location-tracker-db-deployer#flowable-async-job-executor-thread-14146#
[PollExecuteTaskStatusExecution] d8f6db78-8920-425b-9739-2f3f31b01b5b [2026-05-12T03:47:02.358907] "hana", (STDOUT, APP/TASK/deploy)#
#2026 05 12 03:55:05.514#Z#DEBUG#2a4a60f1-4db6-11f1-b47b-eeee0a95f40c.location-tracker-db-deployer#flowable-async-job-executor-thread-14146#
[PollExecuteTaskStatusExecution] d8f6db78-8920-425b-9739-2f3f31b01b5b [2026-05-12T03:47:02.358912] "database", (STDOUT, APP/TASK/deploy)#
#2026 05 12 03:55:05.514#Z#DEBUG#2a4a60f1-4db6-11f1-b47b-eeee0a95f40c.location-tracker-db-deployer#flowable-async-job-executor-thread-14146#
[PollExecuteTaskStatusExecution] d8f6db78-8920-425b-9739-2f3f31b01b5b [2026-05-12T03:47:02.358916] "relational" (STDOUT, APP/TASK/deploy)#
#2026 05 12 03:55:05.514#Z#DEBUG#2a4a60f1-4db6-11f1-b47b-eeee0a95f40c.location-tracker-db-deployer#flowable-async-job-executor-thread-14146#
[PollExecuteTaskStatusExecution] d8f6db78-8920-425b-9739-2f3f31b01b5b [2026-05-12T03:47:02.358920] ] (STDOUT, APP/TASK/deploy)#
#2026 05 12 03:55:05.514#Z#DEBUG#2a4a60f1-4db6-11f1-b47b-eeee0a95f40c.location-tracker-db-deployer#flowable-async-job-executor-thread-14146#
[PollExecuteTaskStatusExecution] d8f6db78-8920-425b-9739-2f3f31b01b5b [2026-05-12T03:47:02.358924] } (STDOUT, APP/TASK/deploy)#
#2026 05 12 03:55:05.514#Z#DEBUG#2a4a60f1-4db6-11f1-b47b-eeee0a95f40c.location-tracker-db-deployer#flowable-async-job-executor-thread-14146#
[PollExecuteTaskStatusExecution] d8f6db78-8920-425b-9739-2f3f31b01b5b [2026-05-12T03:47:02.358929] ] (STDOUT, APP/TASK/deploy)#
#2026 05 12 03:55:05.514#Z#DEBUG#2a4a60f1-4db6-11f1-b47b-eeee0a95f40c.location-tracker-db-deployer#flowable-async-job-executor-thread-14146#
[PollExecuteTaskStatusExecution] d8f6db78-8920-425b-9739-2f3f31b01b5b [2026-05-12T03:47:02.358932] } (STDOUT, APP/TASK/deploy)#
#2026 05 12 03:55:05.514#Z#DEBUG#2a4a60f1-4db6-11f1-b47b-eeee0a95f40c.location-tracker-db-deployer#flowable-async-job-executor-thread-14146#
[PollExecuteTaskStatusExecution] d8f6db78-8920-425b-9739-2f3f31b01b5b [2026-05-12T03:47:02.831399] @sap/hdi-deploy, version 5.6.1 (mode default), server version 4.00.000.00.1777375411 (4.0.0.0), cloud version 2026.2.12, node version 24.13.0, HDI version 1016, container API version 1007 (STDOUT, APP/TASK/deploy)#
#2026 05 12 03:55:05.514#Z#DEBUG#2a4a60f1-4db6-11f1-b47b-eeee0a95f40c.location-tracker-db-deployer#flowable-async-job-executor-thread-14146#
[PollExecuteTaskStatusExecution] d8f6db78-8920-425b-9739-2f3f31b01b5b [2026-05-12T03:47:02.831789] Deployment started at 2026-05-12 03:47:02 (STDOUT, APP/TASK/deploy)#
#2026 05 12 03:55:05.514#Z#DEBUG#2a4a60f1-4db6-11f1-b47b-eeee0a95f40c.location-tracker-db-deployer#flowable-async-job-executor-thread-14146#
[PollExecuteTaskStatusExecution] d8f6db78-8920-425b-9739-2f3f31b01b5b [2026-05-12T03:47:02.832166] Using hdb@2.27.1 for connection (STDOUT, APP/TASK/deploy)#
#2026 05 12 03:55:05.514#Z#DEBUG#2a4a60f1-4db6-11f1-b47b-eeee0a95f40c.location-tracker-db-deployer#flowable-async-job-executor-thread-14146#
[PollExecuteTaskStatusExecution] d8f6db78-8920-425b-9739-2f3f31b01b5b [2026-05-12T03:47:02.859349] No ignore file at /home/vcap/app/.hdiignore. (STDOUT, APP/TASK/deploy)#
#2026 05 12 03:55:05.514#Z#DEBUG#2a4a60f1-4db6-11f1-b47b-eeee0a95f40c.location-tracker-db-deployer#flowable-async-job-executor-thread-14146#
[PollExecuteTaskStatusExecution] d8f6db78-8920-425b-9739-2f3f31b01b5b [2026-05-12T03:47:02.859940] Collecting files... (STDOUT, APP/TASK/deploy)#
#2026 05 12 03:55:05.514#Z#DEBUG#2a4a60f1-4db6-11f1-b47b-eeee0a95f40c.location-tracker-db-deployer#flowable-async-job-executor-thread-14146#
[PollExecuteTaskStatusExecution] d8f6db78-8920-425b-9739-2f3f31b01b5b [2026-05-12T03:47:02.864314] Collecting files... ok (0s 4ms) (STDOUT, APP/TASK/deploy)#
#2026 05 12 03:55:05.514#Z#DEBUG#2a4a60f1-4db6-11f1-b47b-eeee0a95f40c.location-tracker-db-deployer#flowable-async-job-executor-thread-14146#
[PollExecuteTaskStatusExecution] d8f6db78-8920-425b-9739-2f3f31b01b5b [2026-05-12T03:47:02.864416] 2 directories collected (STDOUT, APP/TASK/deploy)#
#2026 05 12 03:55:05.514#Z#DEBUG#2a4a60f1-4db6-11f1-b47b-eeee0a95f40c.location-tracker-db-deployer#flowable-async-job-executor-thread-14146#
[PollExecuteTaskStatusExecution] d8f6db78-8920-425b-9739-2f3f31b01b5b [2026-05-12T03:47:02.864558] 12 files collected (STDOUT, APP/TASK/deploy)#
#2026 05 12 03:55:05.514#Z#DEBUG#2a4a60f1-4db6-11f1-b47b-eeee0a95f40c.location-tracker-db-deployer#flowable-async-job-executor-thread-14146#
[PollExecuteTaskStatusExecution] d8f6db78-8920-425b-9739-2f3f31b01b5b [2026-05-12T03:47:02.864608] 0 reusable modules collected (STDOUT, APP/TASK/deploy)#
#2026 05 12 03:55:05.514#Z#DEBUG#2a4a60f1-4db6-11f1-b47b-eeee0a95f40c.location-tracker-db-deployer#flowable-async-job-executor-thread-14146#
[PollExecuteTaskStatusExecution] d8f6db78-8920-425b-9739-2f3f31b01b5b [2026-05-12T03:47:02.864806] Target service: location-tracker-db (STDOUT, APP/TASK/deploy)#
#2026 05 12 03:55:05.514#Z#DEBUG#2a4a60f1-4db6-11f1-b47b-eeee0a95f40c.location-tracker-db-deployer#flowable-async-job-executor-thread-14146#
[PollExecuteTaskStatusExecution] d8f6db78-8920-425b-9739-2f3f31b01b5b [2026-05-12T03:47:03.115848] Previous build with request ID 108 finished at 2026-05-04T08:31:04.134 with status Rolled back and message: Starting make in the container "9005752B873E4CD3A96797040AFE8DB5" with 0 files to deploy, 0 files to undeploy... ok. (STDOUT, APP/TASK/deploy)#
#2026 05 12 03:55:05.514#Z#DEBUG#2a4a60f1-4db6-11f1-b47b-eeee0a95f40c.location-tracker-db-deployer#flowable-async-job-executor-thread-14146#
[PollExecuteTaskStatusExecution] d8f6db78-8920-425b-9739-2f3f31b01b5b [2026-05-12T03:47:03.115890] Processing revoke files... (STDOUT, APP/TASK/deploy)#
#2026 05 12 03:55:05.514#Z#DEBUG#2a4a60f1-4db6-11f1-b47b-eeee0a95f40c.location-tracker-db-deployer#flowable-async-job-executor-thread-14146#
[PollExecuteTaskStatusExecution] d8f6db78-8920-425b-9739-2f3f31b01b5b [2026-05-12T03:47:03.116090] Processing revoke files... ok (0s 0ms) (STDOUT, APP/TASK/deploy)#
#2026 05 12 03:55:05.514#Z#DEBUG#2a4a60f1-4db6-11f1-b47b-eeee0a95f40c.location-tracker-db-deployer#flowable-async-job-executor-thread-14146#
[PollExecuteTaskStatusExecution] d8f6db78-8920-425b-9739-2f3f31b01b5b [2026-05-12T03:47:03.116252] Processing grants files... (STDOUT, APP/TASK/deploy)#
#2026 05 12 03:55:05.514#Z#DEBUG#2a4a60f1-4db6-11f1-b47b-eeee0a95f40c.location-tracker-db-deployer#flowable-async-job-executor-thread-14146#
[PollExecuteTaskStatusExecution] d8f6db78-8920-425b-9739-2f3f31b01b5b [2026-05-12T03:47:03.116483] Processing grants files... ok (0s 0ms) (STDOUT, APP/TASK/deploy)#
#2026 05 12 03:55:05.514#Z#DEBUG#2a4a60f1-4db6-11f1-b47b-eeee0a95f40c.location-tracker-db-deployer#flowable-async-job-executor-thread-14146#
[PollExecuteTaskStatusExecution] d8f6db78-8920-425b-9739-2f3f31b01b5b [2026-05-12T03:47:03.119151] Preprocessing files... (STDOUT, APP/TASK/deploy)#
#2026 05 12 03:55:05.514#Z#DEBUG#2a4a60f1-4db6-11f1-b47b-eeee0a95f40c.location-tracker-db-deployer#flowable-async-job-executor-thread-14146#
[PollExecuteTaskStatusExecution] d8f6db78-8920-425b-9739-2f3f31b01b5b [2026-05-12T03:47:03.119381] Preprocessing files... ok (0s 0ms) (STDOUT, APP/TASK/deploy)#
#2026 05 12 03:55:05.514#Z#DEBUG#2a4a60f1-4db6-11f1-b47b-eeee0a95f40c.location-tracker-db-deployer#flowable-async-job-executor-thread-14146#
[PollExecuteTaskStatusExecution] d8f6db78-8920-425b-9739-2f3f31b01b5b [2026-05-12T03:47:03.119541] Connecting to the container "9005752B873E4CD3A96797040AFE8DB5"... (STDOUT, APP/TASK/deploy)#
#2026 05 12 03:55:05.514#Z#DEBUG#2a4a60f1-4db6-11f1-b47b-eeee0a95f40c.location-tracker-db-deployer#flowable-async-job-executor-thread-14146#
[PollExecuteTaskStatusExecution] d8f6db78-8920-425b-9739-2f3f31b01b5b [2026-05-12T03:47:03.189209] Connecting to the container "9005752B873E4CD3A96797040AFE8DB5"... ok (0s 70ms) (STDOUT, APP/TASK/deploy)#
#2026 05 12 03:55:05.514#Z#DEBUG#2a4a60f1-4db6-11f1-b47b-eeee0a95f40c.location-tracker-db-deployer#flowable-async-job-executor-thread-14146#
[PollExecuteTaskStatusExecution] d8f6db78-8920-425b-9739-2f3f31b01b5b [2026-05-12T03:47:03.189290] Locking the container "9005752B873E4CD3A96797040AFE8DB5"... (STDOUT, APP/TASK/deploy)#
#2026 05 12 03:55:05.514#Z#DEBUG#2a4a60f1-4db6-11f1-b47b-eeee0a95f40c.location-tracker-db-deployer#flowable-async-job-executor-thread-14146#
[PollExecuteTaskStatusExecution] d8f6db78-8920-425b-9739-2f3f31b01b5b [2026-05-12T03:47:03.433223] Locking the container "9005752B873E4CD3A96797040AFE8DB5"... ok (0s 244ms) (STDOUT, APP/TASK/deploy)#
#2026 05 12 03:55:05.514#Z#DEBUG#2a4a60f1-4db6-11f1-b47b-eeee0a95f40c.location-tracker-db-deployer#flowable-async-job-executor-thread-14146#
[PollExecuteTaskStatusExecution] d8f6db78-8920-425b-9739-2f3f31b01b5b [2026-05-12T03:47:03.433268] Synchronizing files with the container "9005752B873E4CD3A96797040AFE8DB5"... (STDOUT, APP/TASK/deploy)#
#2026 05 12 03:55:05.514#Z#DEBUG#2a4a60f1-4db6-11f1-b47b-eeee0a95f40c.location-tracker-db-deployer#flowable-async-job-executor-thread-14146#
[PollExecuteTaskStatusExecution] d8f6db78-8920-425b-9739-2f3f31b01b5b [2026-05-12T03:47:03.901074] Deleting files... (STDOUT, APP/TASK/deploy)#
#2026 05 12 03:55:05.514#Z#DEBUG#2a4a60f1-4db6-11f1-b47b-eeee0a95f40c.location-tracker-db-deployer#flowable-async-job-executor-thread-14146#
[PollExecuteTaskStatusExecution] d8f6db78-8920-425b-9739-2f3f31b01b5b [2026-05-12T03:47:04.106503] Deleting files... ok (STDOUT, APP/TASK/deploy)#
#2026 05 12 03:55:05.514#Z#DEBUG#2a4a60f1-4db6-11f1-b47b-eeee0a95f40c.location-tracker-db-deployer#flowable-async-job-executor-thread-14146#
[PollExecuteTaskStatusExecution] d8f6db78-8920-425b-9739-2f3f31b01b5b [2026-05-12T03:47:04.106576] Writing files... (STDOUT, APP/TASK/deploy)#
#2026 05 12 03:55:05.514#Z#DEBUG#2a4a60f1-4db6-11f1-b47b-eeee0a95f40c.location-tracker-db-deployer#flowable-async-job-executor-thread-14146#
[PollExecuteTaskStatusExecution] d8f6db78-8920-425b-9739-2f3f31b01b5b [2026-05-12T03:47:04.106966] Writing 4 items (STDOUT, APP/TASK/deploy)#
#2026 05 12 03:55:05.514#Z#DEBUG#2a4a60f1-4db6-11f1-b47b-eeee0a95f40c.location-tracker-db-deployer#flowable-async-job-executor-thread-14146#
[PollExecuteTaskStatusExecution] d8f6db78-8920-425b-9739-2f3f31b01b5b [2026-05-12T03:47:04.460185] Writing files... ok (STDOUT, APP/TASK/deploy)#
#2026 05 12 03:55:05.514#Z#DEBUG#2a4a60f1-4db6-11f1-b47b-eeee0a95f40c.location-tracker-db-deployer#flowable-async-job-executor-thread-14146#
[PollExecuteTaskStatusExecution] d8f6db78-8920-425b-9739-2f3f31b01b5b [2026-05-12T03:47:04.460324] Synchronizing files with the container "9005752B873E4CD3A96797040AFE8DB5"... ok (1s 27ms) (STDOUT, APP/TASK/deploy)#
#2026 05 12 03:55:05.514#Z#DEBUG#2a4a60f1-4db6-11f1-b47b-eeee0a95f40c.location-tracker-db-deployer#flowable-async-job-executor-thread-14146#
[PollExecuteTaskStatusExecution] d8f6db78-8920-425b-9739-2f3f31b01b5b [2026-05-12T03:47:04.460786] added files: [] (STDOUT, APP/TASK/deploy)#
#2026 05 12 03:55:05.514#Z#DEBUG#2a4a60f1-4db6-11f1-b47b-eeee0a95f40c.location-tracker-db-deployer#flowable-async-job-executor-thread-14146#
[PollExecuteTaskStatusExecution] d8f6db78-8920-425b-9739-2f3f31b01b5b [2026-05-12T03:47:04.460870] modified files: [ (STDOUT, APP/TASK/deploy)#
#2026 05 12 03:55:05.514#Z#DEBUG#2a4a60f1-4db6-11f1-b47b-eeee0a95f40c.location-tracker-db-deployer#flowable-async-job-executor-thread-14146#
[PollExecuteTaskStatusExecution] d8f6db78-8920-425b-9739-2f3f31b01b5b [2026-05-12T03:47:04.460885] "src/gen/TrackerService.Drivers.hdbview", (STDOUT, APP/TASK/deploy)#
#2026 05 12 03:55:05.514#Z#DEBUG#2a4a60f1-4db6-11f1-b47b-eeee0a95f40c.location-tracker-db-deployer#flowable-async-job-executor-thread-14146#
[PollExecuteTaskStatusExecution] d8f6db78-8920-425b-9739-2f3f31b01b5b [2026-05-12T03:47:04.460890] "src/gen/tracker.Drivers.hdbtable" (STDOUT, APP/TASK/deploy)#
#2026 05 12 03:55:05.514#Z#DEBUG#2a4a60f1-4db6-11f1-b47b-eeee0a95f40c.location-tracker-db-deployer#flowable-async-job-executor-thread-14146#
[PollExecuteTaskStatusExecution] d8f6db78-8920-425b-9739-2f3f31b01b5b [2026-05-12T03:47:04.460895] ] (STDOUT, APP/TASK/deploy)#
#2026 05 12 03:55:05.514#Z#DEBUG#2a4a60f1-4db6-11f1-b47b-eeee0a95f40c.location-tracker-db-deployer#flowable-async-job-executor-thread-14146#
[PollExecuteTaskStatusExecution] d8f6db78-8920-425b-9739-2f3f31b01b5b [2026-05-12T03:47:04.461003] deleted files: [] (STDOUT, APP/TASK/deploy)#
#2026 05 12 03:55:05.514#Z#DEBUG#2a4a60f1-4db6-11f1-b47b-eeee0a95f40c.location-tracker-db-deployer#flowable-async-job-executor-thread-14146#
[PollExecuteTaskStatusExecution] d8f6db78-8920-425b-9739-2f3f31b01b5b [2026-05-12T03:47:04.461200] 2 modified or added files are scheduled for deploy based on delta detection (STDOUT, APP/TASK/deploy)#
#2026 05 12 03:55:05.514#Z#DEBUG#2a4a60f1-4db6-11f1-b47b-eeee0a95f40c.location-tracker-db-deployer#flowable-async-job-executor-thread-14146#
[PollExecuteTaskStatusExecution] d8f6db78-8920-425b-9739-2f3f31b01b5b [2026-05-12T03:47:04.461534] 0 deleted files are scheduled for undeploy based on delta detection (filtered by undeploy allowlist) (STDOUT, APP/TASK/deploy)#
#2026 05 12 03:55:05.514#Z#DEBUG#2a4a60f1-4db6-11f1-b47b-eeee0a95f40c.location-tracker-db-deployer#flowable-async-job-executor-thread-14146#
[PollExecuteTaskStatusExecution] d8f6db78-8920-425b-9739-2f3f31b01b5b [2026-05-12T03:47:04.461762] 0 files are scheduled for deploy based on explicit specification (STDOUT, APP/TASK/deploy)#
#2026 05 12 03:55:05.514#Z#DEBUG#2a4a60f1-4db6-11f1-b47b-eeee0a95f40c.location-tracker-db-deployer#flowable-async-job-executor-thread-14146#
[PollExecuteTaskStatusExecution] d8f6db78-8920-425b-9739-2f3f31b01b5b [2026-05-12T03:47:04.461796] 0 files are scheduled for undeploy based on explicit specification (STDOUT, APP/TASK/deploy)#
#2026 05 12 03:55:05.514#Z#DEBUG#2a4a60f1-4db6-11f1-b47b-eeee0a95f40c.location-tracker-db-deployer#flowable-async-job-executor-thread-14146#
[PollExecuteTaskStatusExecution] d8f6db78-8920-425b-9739-2f3f31b01b5b [2026-05-12T03:47:04.462080] Deploying to the container "9005752B873E4CD3A96797040AFE8DB5"... (STDOUT, APP/TASK/deploy)#
#2026 05 12 03:55:05.514#Z#DEBUG#2a4a60f1-4db6-11f1-b47b-eeee0a95f40c.location-tracker-db-deployer#flowable-async-job-executor-thread-14146#
[PollExecuteTaskStatusExecution] d8f6db78-8920-425b-9739-2f3f31b01b5b [2026-05-12T03:47:05.085377] Polling messages for request id: 281 (STDOUT, APP/TASK/deploy)#
#2026 05 12 03:55:05.514#Z#DEBUG#2a4a60f1-4db6-11f1-b47b-eeee0a95f40c.location-tracker-db-deployer#flowable-async-job-executor-thread-14146#
[PollExecuteTaskStatusExecution] d8f6db78-8920-425b-9739-2f3f31b01b5b [2026-05-12T03:47:05.119640] Starting make in the container "9005752B873E4CD3A96797040AFE8DB5" with 2 files to deploy, 0 files to undeploy... (STDOUT, APP/TASK/deploy)#
#2026 05 12 03:55:05.514#Z#DEBUG#2a4a60f1-4db6-11f1-b47b-eeee0a95f40c.location-tracker-db-deployer#flowable-async-job-executor-thread-14146#
[PollExecuteTaskStatusExecution] d8f6db78-8920-425b-9739-2f3f31b01b5b [2026-05-12T03:47:05.119662] Disabling table replication for the container schema "9005752B873E4CD3A96797040AFE8DB5"... (STDOUT, APP/TASK/deploy)#
#2026 05 12 03:55:05.514#Z#DEBUG#2a4a60f1-4db6-11f1-b47b-eeee0a95f40c.location-tracker-db-deployer#flowable-async-job-executor-thread-14146#
[PollExecuteTaskStatusExecution] d8f6db78-8920-425b-9739-2f3f31b01b5b [2026-05-12T03:47:05.119684] Disabling table replication for the container schema "9005752B873E4CD3A96797040AFE8DB5"... ok (0s 8ms) (STDOUT, APP/TASK/deploy)#
#2026 05 12 03:55:05.514#Z#DEBUG#2a4a60f1-4db6-11f1-b47b-eeee0a95f40c.location-tracker-db-deployer#flowable-async-job-executor-thread-14146#
[PollExecuteTaskStatusExecution] d8f6db78-8920-425b-9739-2f3f31b01b5b [2026-05-12T03:47:05.119779] Migrating libraries... (STDOUT, APP/TASK/deploy)#
#2026 05 12 03:55:05.514#Z#DEBUG#2a4a60f1-4db6-11f1-b47b-eeee0a95f40c.location-tracker-db-deployer#flowable-async-job-executor-thread-14146#
[PollExecuteTaskStatusExecution] d8f6db78-8920-425b-9739-2f3f31b01b5b [2026-05-12T03:47:07.137981] Migrating libraries... ok (2s 271ms) (STDOUT, APP/TASK/deploy)#
#2026 05 12 03:55:05.514#Z#DEBUG#2a4a60f1-4db6-11f1-b47b-eeee0a95f40c.location-tracker-db-deployer#flowable-async-job-executor-thread-14146#
[PollExecuteTaskStatusExecution] d8f6db78-8920-425b-9739-2f3f31b01b5b [2026-05-12T03:47:07.138172] Making... (STDOUT, APP/TASK/deploy)#
#2026 05 12 03:55:05.514#Z#DEBUG#2a4a60f1-4db6-11f1-b47b-eeee0a95f40c.location-tracker-db-deployer#flowable-async-job-executor-thread-14146#
[PollExecuteTaskStatusExecution] d8f6db78-8920-425b-9739-2f3f31b01b5b [2026-05-12T03:47:07.138253] Preparing... (STDOUT, APP/TASK/deploy)#
#2026 05 12 03:55:05.514#Z#DEBUG#2a4a60f1-4db6-11f1-b47b-eeee0a95f40c.location-tracker-db-deployer#flowable-async-job-executor-thread-14146#
[PollExecuteTaskStatusExecution] d8f6db78-8920-425b-9739-2f3f31b01b5b [2026-05-12T03:47:07.138321] Preparing the make transaction... (STDOUT, APP/TASK/deploy)#
#2026 05 12 03:55:05.514#Z#DEBUG#2a4a60f1-4db6-11f1-b47b-eeee0a95f40c.location-tracker-db-deployer#flowable-async-job-executor-thread-14146#
[PollExecuteTaskStatusExecution] d8f6db78-8920-425b-9739-2f3f31b01b5b [2026-05-12T03:47:08.148173] Preparing the make transaction... ok (0s 604ms) (STDOUT, APP/TASK/deploy)#
#2026 05 12 03:55:05.514#Z#DEBUG#2a4a60f1-4db6-11f1-b47b-eeee0a95f40c.location-tracker-db-deployer#flowable-async-job-executor-thread-14146#
[PollExecuteTaskStatusExecution] d8f6db78-8920-425b-9739-2f3f31b01b5b [2026-05-12T03:47:08.148882] Adding "src/gen/TrackerService.Drivers.hdbview" for deploy... (STDOUT, APP/TASK/deploy)#
#2026 05 12 03:55:05.514#Z#DEBUG#2a4a60f1-4db6-11f1-b47b-eeee0a95f40c.location-tracker-db-deployer#flowable-async-job-executor-thread-14146#
[PollExecuteTaskStatusExecution] d8f6db78-8920-425b-9739-2f3f31b01b5b [2026-05-12T03:47:08.149056] Adding "src/gen/TrackerService.Drivers.hdbview" for deploy... ok (0s 128ms) (STDOUT, APP/TASK/deploy)#
#2026 05 12 03:55:05.514#Z#DEBUG#2a4a60f1-4db6-11f1-b47b-eeee0a95f40c.location-tracker-db-deployer#flowable-async-job-executor-thread-14146#
[PollExecuteTaskStatusExecution] d8f6db78-8920-425b-9739-2f3f31b01b5b [2026-05-12T03:47:08.149163] Adding "src/gen/tracker.Drivers.hdbtable" for deploy... (STDOUT, APP/TASK/deploy)#
#2026 05 12 03:55:05.514#Z#DEBUG#2a4a60f1-4db6-11f1-b47b-eeee0a95f40c.location-tracker-db-deployer#flowable-async-job-executor-thread-14146#
[PollExecuteTaskStatusExecution] d8f6db78-8920-425b-9739-2f3f31b01b5b [2026-05-12T03:47:08.149291] Adding "src/gen/tracker.Drivers.hdbtable" for deploy... ok (0s 0ms) (STDOUT, APP/TASK/deploy)#
#2026 05 12 03:55:05.514#Z#DEBUG#2a4a60f1-4db6-11f1-b47b-eeee0a95f40c.location-tracker-db-deployer#flowable-async-job-executor-thread-14146#
[PollExecuteTaskStatusExecution] d8f6db78-8920-425b-9739-2f3f31b01b5b [2026-05-12T03:47:08.149381] Preparing... ok (0s 815ms) (STDOUT, APP/TASK/deploy)#
#2026 05 12 03:55:05.514#Z#DEBUG#2a4a60f1-4db6-11f1-b47b-eeee0a95f40c.location-tracker-db-deployer#flowable-async-job-executor-thread-14146#
[PollExecuteTaskStatusExecution] d8f6db78-8920-425b-9739-2f3f31b01b5b [2026-05-12T03:47:08.149462] Calculating dependencies... (STDOUT, APP/TASK/deploy)#
#2026 05 12 03:55:05.514#Z#DEBUG#2a4a60f1-4db6-11f1-b47b-eeee0a95f40c.location-tracker-db-deployer#flowable-async-job-executor-thread-14146#
[PollExecuteTaskStatusExecution] d8f6db78-8920-425b-9739-2f3f31b01b5b [2026-05-12T03:47:08.149525] Expanding... (STDOUT, APP/TASK/deploy)#
#2026 05 12 03:55:05.514#Z#DEBUG#2a4a60f1-4db6-11f1-b47b-eeee0a95f40c.location-tracker-db-deployer#flowable-async-job-executor-thread-14146#
[PollExecuteTaskStatusExecution] d8f6db78-8920-425b-9739-2f3f31b01b5b [2026-05-12T03:47:08.149576] Expanding "src/gen/TrackerService.Drivers.hdbview"... (STDOUT, APP/TASK/deploy)#
#2026 05 12 03:55:05.514#Z#DEBUG#2a4a60f1-4db6-11f1-b47b-eeee0a95f40c.location-tracker-db-deployer#flowable-async-job-executor-thread-14146#
[PollExecuteTaskStatusExecution] d8f6db78-8920-425b-9739-2f3f31b01b5b [2026-05-12T03:47:08.149668] Expanding "src/gen/tracker.Drivers.hdbtable"... (STDOUT, APP/TASK/deploy)#
#2026 05 12 03:55:05.514#Z#DEBUG#2a4a60f1-4db6-11f1-b47b-eeee0a95f40c.location-tracker-db-deployer#flowable-async-job-executor-thread-14146#
[PollExecuteTaskStatusExecution] d8f6db78-8920-425b-9739-2f3f31b01b5b [2026-05-12T03:47:08.149737] Expanding "src/gen/TrackerService.Drivers.hdbview"... ok (0s 13ms) (STDOUT, APP/TASK/deploy)#
#2026 05 12 03:55:05.514#Z#DEBUG#2a4a60f1-4db6-11f1-b47b-eeee0a95f40c.location-tracker-db-deployer#flowable-async-job-executor-thread-14146#
[PollExecuteTaskStatusExecution] d8f6db78-8920-425b-9739-2f3f31b01b5b [2026-05-12T03:47:08.149802] Expanding "src/gen/tracker.Drivers.hdbtable"... ok (0s 13ms) (STDOUT, APP/TASK/deploy)#
#2026 05 12 03:55:05.514#Z#DEBUG#2a4a60f1-4db6-11f1-b47b-eeee0a95f40c.location-tracker-db-deployer#flowable-async-job-executor-thread-14146#
[PollExecuteTaskStatusExecution] d8f6db78-8920-425b-9739-2f3f31b01b5b [2026-05-12T03:47:08.149858] Expanding... ok (0s 222ms) (STDOUT, APP/TASK/deploy)#
#2026 05 12 03:55:05.514#Z#DEBUG#2a4a60f1-4db6-11f1-b47b-eeee0a95f40c.location-tracker-db-deployer#flowable-async-job-executor-thread-14146#
[PollExecuteTaskStatusExecution] d8f6db78-8920-425b-9739-2f3f31b01b5b [2026-05-12T03:47:08.149936] Precompiling... (STDOUT, APP/TASK/deploy)#
#2026 05 12 03:55:05.514#Z#DEBUG#2a4a60f1-4db6-11f1-b47b-eeee0a95f40c.location-tracker-db-deployer#flowable-async-job-executor-thread-14146#
[PollExecuteTaskStatusExecution] d8f6db78-8920-425b-9739-2f3f31b01b5b [2026-05-12T03:47:08.149987] Precompiling "src/gen/TrackerService.Drivers.hdbview"... (STDOUT, APP/TASK/deploy)#
#2026 05 12 03:55:05.514#Z#DEBUG#2a4a60f1-4db6-11f1-b47b-eeee0a95f40c.location-tracker-db-deployer#flowable-async-job-executor-thread-14146#
[PollExecuteTaskStatusExecution] d8f6db78-8920-425b-9739-2f3f31b01b5b [2026-05-12T03:47:08.150061] Precompiling "src/gen/TrackerService.Drivers.hdbview$TRACKERSERVICE_DRIVERS.validate"... (STDOUT, APP/TASK/deploy)#
#2026 05 12 03:55:05.514#Z#DEBUG#2a4a60f1-4db6-11f1-b47b-eeee0a95f40c.location-tracker-db-deployer#flowable-async-job-executor-thread-14146#
[PollExecuteTaskStatusExecution] d8f6db78-8920-425b-9739-2f3f31b01b5b [2026-05-12T03:47:08.150112] Precompiling "src/gen/tracker.Drivers.hdbtable"... (STDOUT, APP/TASK/deploy)#
#2026 05 12 03:55:05.514#Z#DEBUG#2a4a60f1-4db6-11f1-b47b-eeee0a95f40c.location-tracker-db-deployer#flowable-async-job-executor-thread-14146#
[PollExecuteTaskStatusExecution] d8f6db78-8920-425b-9739-2f3f31b01b5b [2026-05-12T03:47:08.150178] Expanded from "src/gen/TrackerService.Drivers.hdbview" (STDOUT, APP/TASK/deploy)#
#2026 05 12 03:55:05.514#Z#DEBUG#2a4a60f1-4db6-11f1-b47b-eeee0a95f40c.location-tracker-db-deployer#flowable-async-job-executor-thread-14146#
[PollExecuteTaskStatusExecution] d8f6db78-8920-425b-9739-2f3f31b01b5b [2026-05-12T03:47:08.150223] Precompiling "src/gen/tracker.Drivers.hdbtable$TRACKER_DRIVERS.validate"... (STDOUT, APP/TASK/deploy)#
#2026 05 12 03:55:05.514#Z#DEBUG#2a4a60f1-4db6-11f1-b47b-eeee0a95f40c.location-tracker-db-deployer#flowable-async-job-executor-thread-14146#
[PollExecuteTaskStatusExecution] d8f6db78-8920-425b-9739-2f3f31b01b5b [2026-05-12T03:47:08.150288] Expanded from "src/gen/tracker.Drivers.hdbtable" (STDOUT, APP/TASK/deploy)#
#2026 05 12 03:55:05.514#Z#DEBUG#2a4a60f1-4db6-11f1-b47b-eeee0a95f40c.location-tracker-db-deployer#flowable-async-job-executor-thread-14146#
[PollExecuteTaskStatusExecution] d8f6db78-8920-425b-9739-2f3f31b01b5b [2026-05-12T03:47:08.150344] Precompiling "src/gen/TrackerService.Drivers.hdbview$TRACKERSERVICE_DRIVERS.validate"... ok (0s 12ms) (STDOUT, APP/TASK/deploy)#
#2026 05 12 03:55:05.514#Z#DEBUG#2a4a60f1-4db6-11f1-b47b-eeee0a95f40c.location-tracker-db-deployer#flowable-async-job-executor-thread-14146#
[PollExecuteTaskStatusExecution] d8f6db78-8920-425b-9739-2f3f31b01b5b [2026-05-12T03:47:08.150406] Precompiling "src/gen/tracker.Drivers.hdbtable$TRACKER_DRIVERS.validate"... ok (0s 12ms) (STDOUT, APP/TASK/deploy)#
#2026 05 12 03:55:05.514#Z#DEBUG#2a4a60f1-4db6-11f1-b47b-eeee0a95f40c.location-tracker-db-deployer#flowable-async-job-executor-thread-14146#
[PollExecuteTaskStatusExecution] d8f6db78-8920-425b-9739-2f3f31b01b5b [2026-05-12T03:47:08.150463] Precompiling "src/gen/TrackerService.Drivers.hdbview"... ok (0s 13ms) (STDOUT, APP/TASK/deploy)#
#2026 05 12 03:55:05.514#Z#DEBUG#2a4a60f1-4db6-11f1-b47b-eeee0a95f40c.location-tracker-db-deployer#flowable-async-job-executor-thread-14146#
[PollExecuteTaskStatusExecution] d8f6db78-8920-425b-9739-2f3f31b01b5b [2026-05-12T03:47:08.150530] Precompiling "src/gen/tracker.Drivers.hdbtable"... ok (0s 13ms) (STDOUT, APP/TASK/deploy)#
#2026 05 12 03:55:05.514#Z#DEBUG#2a4a60f1-4db6-11f1-b47b-eeee0a95f40c.location-tracker-db-deployer#flowable-async-job-executor-thread-14146#
[PollExecuteTaskStatusExecution] d8f6db78-8920-425b-9739-2f3f31b01b5b [2026-05-12T03:47:08.150581] Precompiling... ok (0s 39ms) (STDOUT, APP/TASK/deploy)#
#2026 05 12 03:55:05.514#Z#DEBUG#2a4a60f1-4db6-11f1-b47b-eeee0a95f40c.location-tracker-db-deployer#flowable-async-job-executor-thread-14146#
[PollExecuteTaskStatusExecution] d8f6db78-8920-425b-9739-2f3f31b01b5b [2026-05-12T03:47:08.150655] Merging... (STDOUT, APP/TASK/deploy)#
#2026 05 12 03:55:05.514#Z#DEBUG#2a4a60f1-4db6-11f1-b47b-eeee0a95f40c.location-tracker-db-deployer#flowable-async-job-executor-thread-14146#
[PollExecuteTaskStatusExecution] d8f6db78-8920-425b-9739-2f3f31b01b5b [2026-05-12T03:47:08.150704] Merging... ok (0s 23ms) (STDOUT, APP/TASK/deploy)#
#2026 05 12 03:55:05.514#Z#DEBUG#2a4a60f1-4db6-11f1-b47b-eeee0a95f40c.location-tracker-db-deployer#flowable-async-job-executor-thread-14146#
[PollExecuteTaskStatusExecution] d8f6db78-8920-425b-9739-2f3f31b01b5b [2026-05-12T03:47:08.150867] Calculating dependencies... ok (0s 284ms) (STDOUT, APP/TASK/deploy)#
#2026 05 12 03:55:05.514#Z#DEBUG#2a4a60f1-4db6-11f1-b47b-eeee0a95f40c.location-tracker-db-deployer#flowable-async-job-executor-thread-14146#
[PollExecuteTaskStatusExecution] d8f6db78-8920-425b-9739-2f3f31b01b5b [2026-05-12T03:47:08.981139] Processing work list... (STDOUT, APP/TASK/deploy)#
#2026 05 12 03:55:05.514#Z#DEBUG#2a4a60f1-4db6-11f1-b47b-eeee0a95f40c.location-tracker-db-deployer#flowable-async-job-executor-thread-14146#
[PollExecuteTaskStatusExecution] d8f6db78-8920-425b-9739-2f3f31b01b5b [2026-05-12T03:47:08.981153] Undeploying "src/gen/TrackerService.Drivers.hdbview"... (STDOUT, APP/TASK/deploy)#
#2026 05 12 03:55:05.514#Z#DEBUG#2a4a60f1-4db6-11f1-b47b-eeee0a95f40c.location-tracker-db-deployer#flowable-async-job-executor-thread-14146#
[PollExecuteTaskStatusExecution] d8f6db78-8920-425b-9739-2f3f31b01b5b [2026-05-12T03:47:08.981230] Undeploying "src/gen/TrackerService.Drivers.hdbview"... ok (0s 45ms) (STDOUT, APP/TASK/deploy)#
#2026 05 12 03:55:05.514#Z#DEBUG#2a4a60f1-4db6-11f1-b47b-eeee0a95f40c.location-tracker-db-deployer#flowable-async-job-executor-thread-14146#
[PollExecuteTaskStatusExecution] d8f6db78-8920-425b-9739-2f3f31b01b5b [2026-05-12T03:47:08.981335] Replacing "src/gen/tracker.Drivers.hdbtable"... (STDOUT, APP/TASK/deploy)#
#2026 05 12 03:55:05.514#Z#DEBUG#2a4a60f1-4db6-11f1-b47b-eeee0a95f40c.location-tracker-db-deployer#flowable-async-job-executor-thread-14146#
[PollExecuteTaskStatusExecution] d8f6db78-8920-425b-9739-2f3f31b01b5b [2026-05-12T03:47:08.981436] "TRACKER_DRIVERS": the table structure was changed; running fast migration (STDOUT, APP/TASK/deploy)#
#2026 05 12 03:55:05.514#Z#DEBUG#2a4a60f1-4db6-11f1-b47b-eeee0a95f40c.location-tracker-db-deployer#flowable-async-job-executor-thread-14146#
[PollExecuteTaskStatusExecution] d8f6db78-8920-425b-9739-2f3f31b01b5b [2026-05-12T03:47:08.981447] Replacing "src/gen/tracker.Drivers.hdbtable"... ok (0s 91ms) (STDOUT, APP/TASK/deploy)#
#2026 05 12 03:55:05.514#Z#DEBUG#2a4a60f1-4db6-11f1-b47b-eeee0a95f40c.location-tracker-db-deployer#flowable-async-job-executor-thread-14146#
[PollExecuteTaskStatusExecution] d8f6db78-8920-425b-9739-2f3f31b01b5b [2026-05-12T03:47:08.981571] Deploying "src/gen/tracker.LocationPoints.hdbtable$TRACKER_LOCATIONPOINTS.validate"... (STDOUT, APP/TASK/deploy)#
#2026 05 12 03:55:05.514#Z#DEBUG#2a4a60f1-4db6-11f1-b47b-eeee0a95f40c.location-tracker-db-deployer#flowable-async-job-executor-thread-14146#
[PollExecuteTaskStatusExecution] d8f6db78-8920-425b-9739-2f3f31b01b5b [2026-05-12T03:47:08.981580] Expanded from "src/gen/tracker.LocationPoints.hdbtable" (STDOUT, APP/TASK/deploy)#
#2026 05 12 03:55:05.514#Z#DEBUG#2a4a60f1-4db6-11f1-b47b-eeee0a95f40c.location-tracker-db-deployer#flowable-async-job-executor-thread-14146#
[PollExecuteTaskStatusExecution] d8f6db78-8920-425b-9739-2f3f31b01b5b [2026-05-12T03:47:08.981688] Deploying "src/gen/tracker.LocationPoints.hdbtable$TRACKER_LOCATIONPOINTS.validate"... ok (0s 9ms) (STDOUT, APP/TASK/deploy)#
#2026 05 12 03:55:05.514#Z#DEBUG#2a4a60f1-4db6-11f1-b47b-eeee0a95f40c.location-tracker-db-deployer#flowable-async-job-executor-thread-14146#
[PollExecuteTaskStatusExecution] d8f6db78-8920-425b-9739-2f3f31b01b5b [2026-05-12T03:47:08.981755] Deploying "src/gen/tracker.Admins.hdbtable$TRACKER_ADMINS.validate"... (STDOUT, APP/TASK/deploy)#
#2026 05 12 03:55:05.514#Z#DEBUG#2a4a60f1-4db6-11f1-b47b-eeee0a95f40c.location-tracker-db-deployer#flowable-async-job-executor-thread-14146#
[PollExecuteTaskStatusExecution] d8f6db78-8920-425b-9739-2f3f31b01b5b [2026-05-12T03:47:08.981847] Expanded from "src/gen/tracker.Admins.hdbtable" (STDOUT, APP/TASK/deploy)#
#2026 05 12 03:55:05.514#Z#DEBUG#2a4a60f1-4db6-11f1-b47b-eeee0a95f40c.location-tracker-db-deployer#flowable-async-job-executor-thread-14146#
[PollExecuteTaskStatusExecution] d8f6db78-8920-425b-9739-2f3f31b01b5b [2026-05-12T03:47:08.981923] Deploying "src/gen/tracker.Admins.hdbtable$TRACKER_ADMINS.validate"... ok (0s 4ms) (STDOUT, APP/TASK/deploy)#
#2026 05 12 03:55:05.514#Z#DEBUG#2a4a60f1-4db6-11f1-b47b-eeee0a95f40c.location-tracker-db-deployer#flowable-async-job-executor-thread-14146#
[PollExecuteTaskStatusExecution] d8f6db78-8920-425b-9739-2f3f31b01b5b [2026-05-12T03:47:08.981998] Deploying "src/gen/tracker.Drivers.hdbtable$TRACKER_DRIVERS.validate"... (STDOUT, APP/TASK/deploy)#
#2026 05 12 03:55:05.514#Z#DEBUG#2a4a60f1-4db6-11f1-b47b-eeee0a95f40c.location-tracker-db-deployer#flowable-async-job-executor-thread-14146#
[PollExecuteTaskStatusExecution] d8f6db78-8920-425b-9739-2f3f31b01b5b [2026-05-12T03:47:08.982073] Expanded from "src/gen/tracker.Drivers.hdbtable" (STDOUT, APP/TASK/deploy)#
#2026 05 12 03:55:05.514#Z#DEBUG#2a4a60f1-4db6-11f1-b47b-eeee0a95f40c.location-tracker-db-deployer#flowable-async-job-executor-thread-14146#
[PollExecuteTaskStatusExecution] d8f6db78-8920-425b-9739-2f3f31b01b5b [2026-05-12T03:47:08.982157] Deploying "src/gen/tracker.Drivers.hdbtable$TRACKER_DRIVERS.validate"... ok (0s 6ms) (STDOUT, APP/TASK/deploy)#
#2026 05 12 03:55:05.514#Z#DEBUG#2a4a60f1-4db6-11f1-b47b-eeee0a95f40c.location-tracker-db-deployer#flowable-async-job-executor-thread-14146#
[PollExecuteTaskStatusExecution] d8f6db78-8920-425b-9739-2f3f31b01b5b [2026-05-12T03:47:08.982218] Deploying "src/gen/tracker.Trips.hdbtable$TRACKER_TRIPS.validate"... (STDOUT, APP/TASK/deploy)#
#2026 05 12 03:55:05.514#Z#DEBUG#2a4a60f1-4db6-11f1-b47b-eeee0a95f40c.location-tracker-db-deployer#flowable-async-job-executor-thread-14146#
[PollExecuteTaskStatusExecution] d8f6db78-8920-425b-9739-2f3f31b01b5b [2026-05-12T03:47:08.982296] Expanded from "src/gen/tracker.Trips.hdbtable" (STDOUT, APP/TASK/deploy)#
#2026 05 12 03:55:05.514#Z#DEBUG#2a4a60f1-4db6-11f1-b47b-eeee0a95f40c.location-tracker-db-deployer#flowable-async-job-executor-thread-14146#
[PollExecuteTaskStatusExecution] d8f6db78-8920-425b-9739-2f3f31b01b5b [2026-05-12T03:47:08.982384] Deploying "src/gen/tracker.Trips.hdbtable$TRACKER_TRIPS.validate"... ok (0s 7ms) (STDOUT, APP/TASK/deploy)#
#2026 05 12 03:55:05.514#Z#DEBUG#2a4a60f1-4db6-11f1-b47b-eeee0a95f40c.location-tracker-db-deployer#flowable-async-job-executor-thread-14146#
[PollExecuteTaskStatusExecution] d8f6db78-8920-425b-9739-2f3f31b01b5b [2026-05-12T03:47:08.982494] Deploying "src/gen/TrackerService.Drivers.hdbview"... (STDOUT, APP/TASK/deploy)#
#2026 05 12 03:55:05.514#Z#DEBUG#2a4a60f1-4db6-11f1-b47b-eeee0a95f40c.location-tracker-db-deployer#flowable-async-job-executor-thread-14146#
[PollExecuteTaskStatusExecution] d8f6db78-8920-425b-9739-2f3f31b01b5b [2026-05-12T03:47:08.982590] Redeploying "src/gen/TrackerService.LocationPoints.hdbview"... (STDOUT, APP/TASK/deploy)#
#2026 05 12 03:55:05.514#Z#DEBUG#2a4a60f1-4db6-11f1-b47b-eeee0a95f40c.location-tracker-db-deployer#flowable-async-job-executor-thread-14146#
[PollExecuteTaskStatusExecution] d8f6db78-8920-425b-9739-2f3f31b01b5b [2026-05-12T03:47:08.982655] Redeploying "src/gen/TrackerService.Admins.hdbview"... (STDOUT, APP/TASK/deploy)#
#2026 05 12 03:55:05.514#Z#DEBUG#2a4a60f1-4db6-11f1-b47b-eeee0a95f40c.location-tracker-db-deployer#flowable-async-job-executor-thread-14146#
[PollExecuteTaskStatusExecution] d8f6db78-8920-425b-9739-2f3f31b01b5b [2026-05-12T03:47:08.982701] Redeploying "src/gen/TrackerService.LocationPoints.hdbview"... ok (0s 59ms) (STDOUT, APP/TASK/deploy)#
#2026 05 12 03:55:05.514#Z#DEBUG#2a4a60f1-4db6-11f1-b47b-eeee0a95f40c.location-tracker-db-deployer#flowable-async-job-executor-thread-14146#
[PollExecuteTaskStatusExecution] d8f6db78-8920-425b-9739-2f3f31b01b5b [2026-05-12T03:47:08.982752] Redeploying "src/gen/TrackerService.Trips.hdbview"... (STDOUT, APP/TASK/deploy)#
#2026 05 12 03:55:05.514#Z#DEBUG#2a4a60f1-4db6-11f1-b47b-eeee0a95f40c.location-tracker-db-deployer#flowable-async-job-executor-thread-14146#
[PollExecuteTaskStatusExecution] d8f6db78-8920-425b-9739-2f3f31b01b5b [2026-05-12T03:47:08.982793] Redeploying "src/gen/TrackerService.Admins.hdbview"... ok (0s 59ms) (STDOUT, APP/TASK/deploy)#
#2026 05 12 03:55:05.514#Z#DEBUG#2a4a60f1-4db6-11f1-b47b-eeee0a95f40c.location-tracker-db-deployer#flowable-async-job-executor-thread-14146#
[PollExecuteTaskStatusExecution] d8f6db78-8920-425b-9739-2f3f31b01b5b [2026-05-12T03:47:08.982864] Deploying "src/gen/TrackerService.Drivers.hdbview"... ok (0s 61ms) (STDOUT, APP/TASK/deploy)#
#2026 05 12 03:55:05.515#Z#DEBUG#2a4a60f1-4db6-11f1-b47b-eeee0a95f40c.location-tracker-db-deployer#flowable-async-job-executor-thread-14146#
[PollExecuteTaskStatusExecution] d8f6db78-8920-425b-9739-2f3f31b01b5b [2026-05-12T03:47:08.982911] Redeploying "src/gen/TrackerService.Trips.hdbview"... ok (0s 2ms) (STDOUT, APP/TASK/deploy)#
#2026 05 12 03:55:05.515#Z#DEBUG#2a4a60f1-4db6-11f1-b47b-eeee0a95f40c.location-tracker-db-deployer#flowable-async-job-executor-thread-14146#
[PollExecuteTaskStatusExecution] d8f6db78-8920-425b-9739-2f3f31b01b5b [2026-05-12T03:47:08.982972] Deploying "src/gen/TrackerService.LocationPoints.hdbview$TRACKERSERVICE_LOCATIONPOINTS.validate"... (STDOUT, APP/TASK/deploy)#
#2026 05 12 03:55:05.515#Z#DEBUG#2a4a60f1-4db6-11f1-b47b-eeee0a95f40c.location-tracker-db-deployer#flowable-async-job-executor-thread-14146#
[PollExecuteTaskStatusExecution] d8f6db78-8920-425b-9739-2f3f31b01b5b [2026-05-12T03:47:08.983015] Expanded from "src/gen/TrackerService.LocationPoints.hdbview" (STDOUT, APP/TASK/deploy)#
#2026 05 12 03:55:05.515#Z#DEBUG#2a4a60f1-4db6-11f1-b47b-eeee0a95f40c.location-tracker-db-deployer#flowable-async-job-executor-thread-14146#
[PollExecuteTaskStatusExecution] d8f6db78-8920-425b-9739-2f3f31b01b5b [2026-05-12T03:47:08.983063] Deploying "src/gen/TrackerService.LocationPoints.hdbview$TRACKERSERVICE_LOCATIONPOINTS.validate"... ok (0s 6ms) (STDOUT, APP/TASK/deploy)#
#2026 05 12 03:55:05.515#Z#DEBUG#2a4a60f1-4db6-11f1-b47b-eeee0a95f40c.location-tracker-db-deployer#flowable-async-job-executor-thread-14146#
[PollExecuteTaskStatusExecution] d8f6db78-8920-425b-9739-2f3f31b01b5b [2026-05-12T03:47:08.983109] Deploying "src/gen/TrackerService.Admins.hdbview$TRACKERSERVICE_ADMINS.validate"... (STDOUT, APP/TASK/deploy)#
#2026 05 12 03:55:05.515#Z#DEBUG#2a4a60f1-4db6-11f1-b47b-eeee0a95f40c.location-tracker-db-deployer#flowable-async-job-executor-thread-14146#
[PollExecuteTaskStatusExecution] d8f6db78-8920-425b-9739-2f3f31b01b5b [2026-05-12T03:47:08.983172] Expanded from "src/gen/TrackerService.Admins.hdbview" (STDOUT, APP/TASK/deploy)#
#2026 05 12 03:55:05.515#Z#DEBUG#2a4a60f1-4db6-11f1-b47b-eeee0a95f40c.location-tracker-db-deployer#flowable-async-job-executor-thread-14146#
[PollExecuteTaskStatusExecution] d8f6db78-8920-425b-9739-2f3f31b01b5b [2026-05-12T03:47:08.983215] Deploying "src/gen/TrackerService.Admins.hdbview$TRACKERSERVICE_ADMINS.validate"... ok (0s 5ms) (STDOUT, APP/TASK/deploy)#
#2026 05 12 03:55:05.515#Z#DEBUG#2a4a60f1-4db6-11f1-b47b-eeee0a95f40c.location-tracker-db-deployer#flowable-async-job-executor-thread-14146#
[PollExecuteTaskStatusExecution] d8f6db78-8920-425b-9739-2f3f31b01b5b [2026-05-12T03:47:08.983267] Deploying "src/gen/TrackerService.Drivers.hdbview$TRACKERSERVICE_DRIVERS.validate"... (STDOUT, APP/TASK/deploy)#
#2026 05 12 03:55:05.515#Z#DEBUG#2a4a60f1-4db6-11f1-b47b-eeee0a95f40c.location-tracker-db-deployer#flowable-async-job-executor-thread-14146#
[PollExecuteTaskStatusExecution] d8f6db78-8920-425b-9739-2f3f31b01b5b [2026-05-12T03:47:08.983315] Expanded from "src/gen/TrackerService.Drivers.hdbview" (STDOUT, APP/TASK/deploy)#
#2026 05 12 03:55:05.515#Z#DEBUG#2a4a60f1-4db6-11f1-b47b-eeee0a95f40c.location-tracker-db-deployer#flowable-async-job-executor-thread-14146#
[PollExecuteTaskStatusExecution] d8f6db78-8920-425b-9739-2f3f31b01b5b [2026-05-12T03:47:08.983379] Deploying "src/gen/TrackerService.Drivers.hdbview$TRACKERSERVICE_DRIVERS.validate"... ok (0s 5ms) (STDOUT, APP/TASK/deploy)#
#2026 05 12 03:55:05.515#Z#DEBUG#2a4a60f1-4db6-11f1-b47b-eeee0a95f40c.location-tracker-db-deployer#flowable-async-job-executor-thread-14146#
[PollExecuteTaskStatusExecution] d8f6db78-8920-425b-9739-2f3f31b01b5b [2026-05-12T03:47:08.983447] Deploying "src/gen/TrackerService.Trips.hdbview$TRACKERSERVICE_TRIPS.validate"... (STDOUT, APP/TASK/deploy)#
#2026 05 12 03:55:05.515#Z#DEBUG#2a4a60f1-4db6-11f1-b47b-eeee0a95f40c.location-tracker-db-deployer#flowable-async-job-executor-thread-14146#
[PollExecuteTaskStatusExecution] d8f6db78-8920-425b-9739-2f3f31b01b5b [2026-05-12T03:47:08.983504] Expanded from "src/gen/TrackerService.Trips.hdbview" (STDOUT, APP/TASK/deploy)#
#2026 05 12 03:55:05.515#Z#DEBUG#2a4a60f1-4db6-11f1-b47b-eeee0a95f40c.location-tracker-db-deployer#flowable-async-job-executor-thread-14146#
[PollExecuteTaskStatusExecution] d8f6db78-8920-425b-9739-2f3f31b01b5b [2026-05-12T03:47:08.983554] Deploying "src/gen/TrackerService.Trips.hdbview$TRACKERSERVICE_TRIPS.validate"... ok (0s 7ms) (STDOUT, APP/TASK/deploy)#
#2026 05 12 03:55:05.515#Z#DEBUG#2a4a60f1-4db6-11f1-b47b-eeee0a95f40c.location-tracker-db-deployer#flowable-async-job-executor-thread-14146#
[PollExecuteTaskStatusExecution] d8f6db78-8920-425b-9739-2f3f31b01b5b [2026-05-12T03:47:08.983607] Processing work list... ok (0s 272ms) (STDOUT, APP/TASK/deploy)#
#2026 05 12 03:55:05.515#Z#DEBUG#2a4a60f1-4db6-11f1-b47b-eeee0a95f40c.location-tracker-db-deployer#flowable-async-job-executor-thread-14146#
[PollExecuteTaskStatusExecution] d8f6db78-8920-425b-9739-2f3f31b01b5b [2026-05-12T03:47:08.983651] Finalizing... (STDOUT, APP/TASK/deploy)#
#2026 05 12 03:55:05.515#Z#DEBUG#2a4a60f1-4db6-11f1-b47b-eeee0a95f40c.location-tracker-db-deployer#flowable-async-job-executor-thread-14146#
[PollExecuteTaskStatusExecution] d8f6db78-8920-425b-9739-2f3f31b01b5b [2026-05-12T03:47:08.983701] Finalizing... ok (0s 146ms) (STDOUT, APP/TASK/deploy)#
#2026 05 12 03:55:05.515#Z#DEBUG#2a4a60f1-4db6-11f1-b47b-eeee0a95f40c.location-tracker-db-deployer#flowable-async-job-executor-thread-14146#
[PollExecuteTaskStatusExecution] d8f6db78-8920-425b-9739-2f3f31b01b5b [2026-05-12T03:47:08.983781] Make succeeded (0 warnings): 2 files deployed (effective 4), 0 files undeployed (effective 0), 9 dependent files redeployed (STDOUT, APP/TASK/deploy)#
#2026 05 12 03:55:05.515#Z#DEBUG#2a4a60f1-4db6-11f1-b47b-eeee0a95f40c.location-tracker-db-deployer#flowable-async-job-executor-thread-14146#
[PollExecuteTaskStatusExecution] d8f6db78-8920-425b-9739-2f3f31b01b5b [2026-05-12T03:47:08.983886] Making... ok (1s 939ms) (STDOUT, APP/TASK/deploy)#
#2026 05 12 03:55:05.515#Z#DEBUG#2a4a60f1-4db6-11f1-b47b-eeee0a95f40c.location-tracker-db-deployer#flowable-async-job-executor-thread-14146#
[PollExecuteTaskStatusExecution] d8f6db78-8920-425b-9739-2f3f31b01b5b [2026-05-12T03:47:08.983901] Enabling table replication for the container schema "9005752B873E4CD3A96797040AFE8DB5"... (STDOUT, APP/TASK/deploy)#
#2026 05 12 03:55:05.515#Z#DEBUG#2a4a60f1-4db6-11f1-b47b-eeee0a95f40c.location-tracker-db-deployer#flowable-async-job-executor-thread-14146#
[PollExecuteTaskStatusExecution] d8f6db78-8920-425b-9739-2f3f31b01b5b [2026-05-12T03:47:08.984015] Enabling table replication for the container schema "9005752B873E4CD3A96797040AFE8DB5"... ok (0s 12ms) (STDOUT, APP/TASK/deploy)#
#2026 05 12 03:55:05.515#Z#DEBUG#2a4a60f1-4db6-11f1-b47b-eeee0a95f40c.location-tracker-db-deployer#flowable-async-job-executor-thread-14146#
[PollExecuteTaskStatusExecution] d8f6db78-8920-425b-9739-2f3f31b01b5b [2026-05-12T03:47:08.984099] Starting make in the container "9005752B873E4CD3A96797040AFE8DB5" with 2 files to deploy, 0 files to undeploy... ok (4s 256ms) (STDOUT, APP/TASK/deploy)#
#2026 05 12 03:55:05.515#Z#DEBUG#2a4a60f1-4db6-11f1-b47b-eeee0a95f40c.location-tracker-db-deployer#flowable-async-job-executor-thread-14146#
[PollExecuteTaskStatusExecution] d8f6db78-8920-425b-9739-2f3f31b01b5b [2026-05-12T03:47:08.984316] Deploying to the container "9005752B873E4CD3A96797040AFE8DB5"... ok (4s 522ms) (STDOUT, APP/TASK/deploy)#
#2026 05 12 03:55:05.515#Z#DEBUG#2a4a60f1-4db6-11f1-b47b-eeee0a95f40c.location-tracker-db-deployer#flowable-async-job-executor-thread-14146#
[PollExecuteTaskStatusExecution] d8f6db78-8920-425b-9739-2f3f31b01b5b [2026-05-12T03:47:08.984849] No default-access-role handling needed; global role "9005752B873E4CD3A96797040AFE8DB5::access_role" will not be adapted (STDOUT, APP/TASK/deploy)#
#2026 05 12 03:55:05.515#Z#DEBUG#2a4a60f1-4db6-11f1-b47b-eeee0a95f40c.location-tracker-db-deployer#flowable-async-job-executor-thread-14146#
[PollExecuteTaskStatusExecution] d8f6db78-8920-425b-9739-2f3f31b01b5b [2026-05-12T03:47:08.985100] Unlocking the container "9005752B873E4CD3A96797040AFE8DB5"... (STDOUT, APP/TASK/deploy)#
#2026 05 12 03:55:05.515#Z#DEBUG#2a4a60f1-4db6-11f1-b47b-eeee0a95f40c.location-tracker-db-deployer#flowable-async-job-executor-thread-14146#
[PollExecuteTaskStatusExecution] d8f6db78-8920-425b-9739-2f3f31b01b5b [2026-05-12T03:47:08.985707] Unlocking the container "9005752B873E4CD3A96797040AFE8DB5"... ok (0s 0ms) (STDOUT, APP/TASK/deploy)#
#2026 05 12 03:55:05.515#Z#DEBUG#2a4a60f1-4db6-11f1-b47b-eeee0a95f40c.location-tracker-db-deployer#flowable-async-job-executor-thread-14146#
[PollExecuteTaskStatusExecution] d8f6db78-8920-425b-9739-2f3f31b01b5b [2026-05-12T03:47:08.985985] Deployment to container 9005752B873E4CD3A96797040AFE8DB5 done [Deployment ID: none]. (STDOUT, APP/TASK/deploy)#
#2026 05 12 03:55:05.515#Z#DEBUG#2a4a60f1-4db6-11f1-b47b-eeee0a95f40c.location-tracker-db-deployer#flowable-async-job-executor-thread-14146#
[PollExecuteTaskStatusExecution] d8f6db78-8920-425b-9739-2f3f31b01b5b [2026-05-12T03:47:08.986624] Deployment ended at 2026-05-12 03:47:08 (STDOUT, APP/TASK/deploy)#
#2026 05 12 03:55:05.515#Z#DEBUG#2a4a60f1-4db6-11f1-b47b-eeee0a95f40c.location-tracker-db-deployer#flowable-async-job-executor-thread-14146#
[PollExecuteTaskStatusExecution] d8f6db78-8920-425b-9739-2f3f31b01b5b [2026-05-12T03:47:08.987218] (6s 764ms) (STDOUT, APP/TASK/deploy)#
#2026 05 12 03:55:05.515#Z#DEBUG#2a4a60f1-4db6-11f1-b47b-eeee0a95f40c.location-tracker-db-deployer#flowable-async-job-executor-thread-14146#
[PollExecuteTaskStatusExecution] d8f6db78-8920-425b-9739-2f3f31b01b5b [2026-05-12T03:47:09.007158] npm notice (STDERR, APP/TASK/deploy)#
#2026 05 12 03:55:05.515#Z#DEBUG#2a4a60f1-4db6-11f1-b47b-eeee0a95f40c.location-tracker-db-deployer#flowable-async-job-executor-thread-14146#
[PollExecuteTaskStatusExecution] d8f6db78-8920-425b-9739-2f3f31b01b5b [2026-05-12T03:47:09.007173] npm notice New minor version of npm available! 11.6.2 -> 11.14.1 (STDERR, APP/TASK/deploy)#
#2026 05 12 03:55:05.515#Z#DEBUG#2a4a60f1-4db6-11f1-b47b-eeee0a95f40c.location-tracker-db-deployer#flowable-async-job-executor-thread-14146#
[PollExecuteTaskStatusExecution] d8f6db78-8920-425b-9739-2f3f31b01b5b [2026-05-12T03:47:09.007176] npm notice Changelog: https://github.com/npm/cli/releases/tag/v11.14.1 (STDERR, APP/TASK/deploy)#
#2026 05 12 03:55:05.515#Z#DEBUG#2a4a60f1-4db6-11f1-b47b-eeee0a95f40c.location-tracker-db-deployer#flowable-async-job-executor-thread-14146#
[PollExecuteTaskStatusExecution] d8f6db78-8920-425b-9739-2f3f31b01b5b [2026-05-12T03:47:09.007179] npm notice To update run: npm install -g npm@11.14.1 (STDERR, APP/TASK/deploy)#
#2026 05 12 03:55:05.515#Z#DEBUG#2a4a60f1-4db6-11f1-b47b-eeee0a95f40c.location-tracker-db-deployer#flowable-async-job-executor-thread-14146#
[PollExecuteTaskStatusExecution] d8f6db78-8920-425b-9739-2f3f31b01b5b [2026-05-12T03:47:09.007182] npm notice (STDERR, APP/TASK/deploy)#
#2026 05 12 03:55:05.515#Z#DEBUG#2a4a60f1-4db6-11f1-b47b-eeee0a95f40c.location-tracker-db-deployer#flowable-async-job-executor-thread-14146#
[PollExecuteTaskStatusExecution] d8f6db78-8920-425b-9739-2f3f31b01b5b [2026-05-12T03:47:09.113571] Exit status 0 (STDOUT, APP/TASK/deploy)#
#2026 05 12 03:55:05.515#Z#DEBUG#2a4a60f1-4db6-11f1-b47b-eeee0a95f40c.location-tracker-db-deployer#flowable-async-job-executor-thread-14146#
[PollExecuteTaskStatusExecution] d8f6db78-8920-425b-9739-2f3f31b01b5b [2026-05-12T03:47:10.392733] Cell 4401fcd0-006d-4ceb-9b51-aa22a1b186cf stopping instance e214d394-4a1b-4e2c-908e-db70c4786d77 (STDOUT, CELL)#
#2026 05 12 03:55:05.515#Z#DEBUG#2a4a60f1-4db6-11f1-b47b-eeee0a95f40c.location-tracker-db-deployer#flowable-async-job-executor-thread-14146#
[PollExecuteTaskStatusExecution] d8f6db78-8920-425b-9739-2f3f31b01b5b [2026-05-12T03:47:10.392800] Cell 4401fcd0-006d-4ceb-9b51-aa22a1b186cf destroying container for instance e214d394-4a1b-4e2c-908e-db70c4786d77 (STDOUT, CELL)#
#2026 05 12 03:55:05.515#Z#DEBUG#2a4a60f1-4db6-11f1-b47b-eeee0a95f40c.location-tracker-db-deployer#flowable-async-job-executor-thread-14146#
[PollExecuteTaskStatusExecution] d8f6db78-8920-425b-9739-2f3f31b01b5b [2026-05-12T03:47:14.355901] Cell 4401fcd0-006d-4ceb-9b51-aa22a1b186cf successfully destroyed container for instance e214d394-4a1b-4e2c-908e-db70c4786d77 (STDOUT, CELL)#
#2026 05 12 03:55:05.515#Z#DEBUG#2a4a60f1-4db6-11f1-b47b-eeee0a95f40c.location-tracker-db-deployer#flowable-async-job-executor-thread-14146#
[PollExecuteTaskStatusExecution] d8f6db78-8920-425b-9739-2f3f31b01b5b [2026-05-12T03:53:55.935642] Updated app with guid d8f6db78-8920-425b-9739-2f3f31b01b5b ({"lifecycle"=>{"data"=>{"buildpacks"=>["nodejs_buildpack"]}, "type"=>"buildpack"}}) (STDOUT, API)#
#2026 05 12 03:55:05.515#Z#DEBUG#2a4a60f1-4db6-11f1-b47b-eeee0a95f40c.location-tracker-db-deployer#flowable-async-job-executor-thread-14146#
[PollExecuteTaskStatusExecution] d8f6db78-8920-425b-9739-2f3f31b01b5b [2026-05-12T03:53:56.054776] Updating process: "web" (STDOUT, API)#
#2026 05 12 03:55:05.515#Z#DEBUG#2a4a60f1-4db6-11f1-b47b-eeee0a95f40c.location-tracker-db-deployer#flowable-async-job-executor-thread-14146#
[PollExecuteTaskStatusExecution] d8f6db78-8920-425b-9739-2f3f31b01b5b [2026-05-12T03:54:05.322330] Uploading app package for app with guid d8f6db78-8920-425b-9739-2f3f31b01b5b (STDOUT, API)#
#2026 05 12 03:55:05.515#Z#DEBUG#2a4a60f1-4db6-11f1-b47b-eeee0a95f40c.location-tracker-db-deployer#flowable-async-job-executor-thread-14146#
[PollExecuteTaskStatusExecution] d8f6db78-8920-425b-9739-2f3f31b01b5b [2026-05-12T03:54:05.562678] Updated app with guid d8f6db78-8920-425b-9739-2f3f31b01b5b ({"environment_variables"=>"[PRIVATE DATA HIDDEN]"}) (STDOUT, API)#
#2026 05 12 03:55:05.515#Z#DEBUG#2a4a60f1-4db6-11f1-b47b-eeee0a95f40c.location-tracker-db-deployer#flowable-async-job-executor-thread-14146#
[PollExecuteTaskStatusExecution] d8f6db78-8920-425b-9739-2f3f31b01b5b [2026-05-12T03:54:15.452296] Creating build for app with guid d8f6db78-8920-425b-9739-2f3f31b01b5b (STDOUT, API)#
#2026 05 12 03:55:05.515#Z#DEBUG#2a4a60f1-4db6-11f1-b47b-eeee0a95f40c.location-tracker-db-deployer#flowable-async-job-executor-thread-14146#
[PollExecuteTaskStatusExecution] d8f6db78-8920-425b-9739-2f3f31b01b5b [2026-05-12T03:54:15.778120] Downloading nodejs_buildpack... (STDOUT, STG)#
#2026 05 12 03:55:05.515#Z#DEBUG#2a4a60f1-4db6-11f1-b47b-eeee0a95f40c.location-tracker-db-deployer#flowable-async-job-executor-thread-14146#
[PollExecuteTaskStatusExecution] d8f6db78-8920-425b-9739-2f3f31b01b5b [2026-05-12T03:54:15.807573] Downloaded nodejs_buildpack (STDOUT, STG)#
#2026 05 12 03:55:05.515#Z#DEBUG#2a4a60f1-4db6-11f1-b47b-eeee0a95f40c.location-tracker-db-deployer#flowable-async-job-executor-thread-14146#
[PollExecuteTaskStatusExecution] d8f6db78-8920-425b-9739-2f3f31b01b5b [2026-05-12T03:54:15.807698] Cell 4401fcd0-006d-4ceb-9b51-aa22a1b186cf creating container for instance 61d16897-42c6-49ff-8163-0a103435b556 (STDOUT, STG)#
#2026 05 12 03:55:05.515#Z#DEBUG#2a4a60f1-4db6-11f1-b47b-eeee0a95f40c.location-tracker-db-deployer#flowable-async-job-executor-thread-14146#
[PollExecuteTaskStatusExecution] d8f6db78-8920-425b-9739-2f3f31b01b5b [2026-05-12T03:54:16.563909] Security group rules were updated (STDOUT, STG)#
#2026 05 12 03:55:05.515#Z#DEBUG#2a4a60f1-4db6-11f1-b47b-eeee0a95f40c.location-tracker-db-deployer#flowable-async-job-executor-thread-14146#
[PollExecuteTaskStatusExecution] d8f6db78-8920-425b-9739-2f3f31b01b5b [2026-05-12T03:54:16.664808] Cell 4401fcd0-006d-4ceb-9b51-aa22a1b186cf successfully created container for instance 61d16897-42c6-49ff-8163-0a103435b556 (STDOUT, STG)#
#2026 05 12 03:55:05.515#Z#DEBUG#2a4a60f1-4db6-11f1-b47b-eeee0a95f40c.location-tracker-db-deployer#flowable-async-job-executor-thread-14146#
[PollExecuteTaskStatusExecution] d8f6db78-8920-425b-9739-2f3f31b01b5b [2026-05-12T03:54:18.152885] Downloading app package... (STDOUT, STG)#
#2026 05 12 03:55:05.515#Z#DEBUG#2a4a60f1-4db6-11f1-b47b-eeee0a95f40c.location-tracker-db-deployer#flowable-async-job-executor-thread-14146#
[PollExecuteTaskStatusExecution] d8f6db78-8920-425b-9739-2f3f31b01b5b [2026-05-12T03:54:18.152962] Downloading build artifacts cache... (STDOUT, STG)#
#2026 05 12 03:55:05.515#Z#DEBUG#2a4a60f1-4db6-11f1-b47b-eeee0a95f40c.location-tracker-db-deployer#flowable-async-job-executor-thread-14146#
[PollExecuteTaskStatusExecution] d8f6db78-8920-425b-9739-2f3f31b01b5b [2026-05-12T03:54:18.191683] Downloaded build artifacts cache (228B) (STDOUT, STG)#
#2026 05 12 03:55:05.515#Z#DEBUG#2a4a60f1-4db6-11f1-b47b-eeee0a95f40c.location-tracker-db-deployer#flowable-async-job-executor-thread-14146#
[PollExecuteTaskStatusExecution] d8f6db78-8920-425b-9739-2f3f31b01b5b [2026-05-12T03:54:18.551790] Downloaded app package (2.3M) (STDOUT, STG)#
#2026 05 12 03:55:05.515#Z#DEBUG#2a4a60f1-4db6-11f1-b47b-eeee0a95f40c.location-tracker-db-deployer#flowable-async-job-executor-thread-14146#
[PollExecuteTaskStatusExecution] d8f6db78-8920-425b-9739-2f3f31b01b5b [2026-05-12T03:54:18.678456] -----> Nodejs Buildpack version 1.8.44 (STDOUT, STG)#
#2026 05 12 03:55:05.515#Z#DEBUG#2a4a60f1-4db6-11f1-b47b-eeee0a95f40c.location-tracker-db-deployer#flowable-async-job-executor-thread-14146#
[PollExecuteTaskStatusExecution] d8f6db78-8920-425b-9739-2f3f31b01b5b [2026-05-12T03:54:18.833133] -----> Bootstrapping python (STDOUT, STG)#
#2026 05 12 03:55:05.515#Z#DEBUG#2a4a60f1-4db6-11f1-b47b-eeee0a95f40c.location-tracker-db-deployer#flowable-async-job-executor-thread-14146#
[PollExecuteTaskStatusExecution] d8f6db78-8920-425b-9739-2f3f31b01b5b [2026-05-12T03:54:18.833292] -----> Installing python 3.11.14 (STDOUT, STG)#
#2026 05 12 03:55:05.515#Z#DEBUG#2a4a60f1-4db6-11f1-b47b-eeee0a95f40c.location-tracker-db-deployer#flowable-async-job-executor-thread-14146#
[PollExecuteTaskStatusExecution] d8f6db78-8920-425b-9739-2f3f31b01b5b [2026-05-12T03:54:18.833494] Copy [/tmp/buildpacks/ee597f2be8090397/dependencies/b5e0345ae0ae1932e7d56fffaa49a487/python_3.11.14_linux_x64_cflinuxfs4_66f53248.tgz] (STDOUT, STG)#
#2026 05 12 03:55:05.515#Z#DEBUG#2a4a60f1-4db6-11f1-b47b-eeee0a95f40c.location-tracker-db-deployer#flowable-async-job-executor-thread-14146#
[PollExecuteTaskStatusExecution] d8f6db78-8920-425b-9739-2f3f31b01b5b [2026-05-12T03:54:24.162527] -----> Installing binaries (STDOUT, STG)#
#2026 05 12 03:55:05.515#Z#DEBUG#2a4a60f1-4db6-11f1-b47b-eeee0a95f40c.location-tracker-db-deployer#flowable-async-job-executor-thread-14146#
[PollExecuteTaskStatusExecution] d8f6db78-8920-425b-9739-2f3f31b01b5b [2026-05-12T03:54:24.162684] engines.node (package.json): >=18 (STDOUT, STG)#
#2026 05 12 03:55:05.515#Z#DEBUG#2a4a60f1-4db6-11f1-b47b-eeee0a95f40c.location-tracker-db-deployer#flowable-async-job-executor-thread-14146#
[PollExecuteTaskStatusExecution] d8f6db78-8920-425b-9739-2f3f31b01b5b [2026-05-12T03:54:24.162695] engines.npm (package.json): unspecified (use default) (STDOUT, STG)#
#2026 05 12 03:55:05.515#Z#DEBUG#2a4a60f1-4db6-11f1-b47b-eeee0a95f40c.location-tracker-db-deployer#flowable-async-job-executor-thread-14146#
[PollExecuteTaskStatusExecution] d8f6db78-8920-425b-9739-2f3f31b01b5b [2026-05-12T03:54:24.162747] [31;1m**WARNING**[0m Dangerous semver range (>) in engines.node. See: http://docs.cloudfoundry.org/buildpacks/node/node-tips.html (STDOUT, STG)#
#2026 05 12 03:55:05.515#Z#DEBUG#2a4a60f1-4db6-11f1-b47b-eeee0a95f40c.location-tracker-db-deployer#flowable-async-job-executor-thread-14146#
[PollExecuteTaskStatusExecution] d8f6db78-8920-425b-9739-2f3f31b01b5b [2026-05-12T03:54:24.162877] -----> Installing node 24.13.0 (STDOUT, STG)#
#2026 05 12 03:55:05.515#Z#DEBUG#2a4a60f1-4db6-11f1-b47b-eeee0a95f40c.location-tracker-db-deployer#flowable-async-job-executor-thread-14146#
[PollExecuteTaskStatusExecution] d8f6db78-8920-425b-9739-2f3f31b01b5b [2026-05-12T03:54:24.163277] Copy [/tmp/buildpacks/ee597f2be8090397/dependencies/2f5692219fecc3eee6e6d507a6bfe7b9/node_24.13.0_linux_x64_cflinuxfs4_a816dee1.tgz] (STDOUT, STG)#
#2026 05 12 03:55:05.515#Z#DEBUG#2a4a60f1-4db6-11f1-b47b-eeee0a95f40c.location-tracker-db-deployer#flowable-async-job-executor-thread-14146#
[PollExecuteTaskStatusExecution] d8f6db78-8920-425b-9739-2f3f31b01b5b [2026-05-12T03:54:27.499601] Using default npm version: 11.6.2 (STDOUT, STG)#
#2026 05 12 03:55:05.515#Z#DEBUG#2a4a60f1-4db6-11f1-b47b-eeee0a95f40c.location-tracker-db-deployer#flowable-async-job-executor-thread-14146#
[PollExecuteTaskStatusExecution] d8f6db78-8920-425b-9739-2f3f31b01b5b [2026-05-12T03:54:27.499620] -----> Installing yarn 1.22.22 (STDOUT, STG)#
#2026 05 12 03:55:05.515#Z#DEBUG#2a4a60f1-4db6-11f1-b47b-eeee0a95f40c.location-tracker-db-deployer#flowable-async-job-executor-thread-14146#
[PollExecuteTaskStatusExecution] d8f6db78-8920-425b-9739-2f3f31b01b5b [2026-05-12T03:54:27.499896] Copy [/tmp/buildpacks/ee597f2be8090397/dependencies/e3a39aedd1236924d69cc2d0637a8ed2/yarn_1.22.22_linux_noarch_any-stack_4911d0a6.tgz] (STDOUT, STG)#
#2026 05 12 03:55:05.515#Z#DEBUG#2a4a60f1-4db6-11f1-b47b-eeee0a95f40c.location-tracker-db-deployer#flowable-async-job-executor-thread-14146#
[PollExecuteTaskStatusExecution] d8f6db78-8920-425b-9739-2f3f31b01b5b [2026-05-12T03:54:27.957906] Installed yarn 1.22.22 (STDOUT, STG)#
#2026 05 12 03:55:05.515#Z#DEBUG#2a4a60f1-4db6-11f1-b47b-eeee0a95f40c.location-tracker-db-deployer#flowable-async-job-executor-thread-14146#
[PollExecuteTaskStatusExecution] d8f6db78-8920-425b-9739-2f3f31b01b5b [2026-05-12T03:54:27.957929] -----> Creating runtime environment (STDOUT, STG)#
#2026 05 12 03:55:05.515#Z#DEBUG#2a4a60f1-4db6-11f1-b47b-eeee0a95f40c.location-tracker-db-deployer#flowable-async-job-executor-thread-14146#
[PollExecuteTaskStatusExecution] d8f6db78-8920-425b-9739-2f3f31b01b5b [2026-05-12T03:54:27.960577] NODE_ENV=production (STDOUT, STG)#
#2026 05 12 03:55:05.515#Z#DEBUG#2a4a60f1-4db6-11f1-b47b-eeee0a95f40c.location-tracker-db-deployer#flowable-async-job-executor-thread-14146#
[PollExecuteTaskStatusExecution] d8f6db78-8920-425b-9739-2f3f31b01b5b [2026-05-12T03:54:27.960595] NODE_HOME=/tmp/contents3542565854/deps/0/node (STDOUT, STG)#
#2026 05 12 03:55:05.515#Z#DEBUG#2a4a60f1-4db6-11f1-b47b-eeee0a95f40c.location-tracker-db-deployer#flowable-async-job-executor-thread-14146#
[PollExecuteTaskStatusExecution] d8f6db78-8920-425b-9739-2f3f31b01b5b [2026-05-12T03:54:27.960599] NODE_MODULES_CACHE=true (STDOUT, STG)#
#2026 05 12 03:55:05.515#Z#DEBUG#2a4a60f1-4db6-11f1-b47b-eeee0a95f40c.location-tracker-db-deployer#flowable-async-job-executor-thread-14146#
[PollExecuteTaskStatusExecution] d8f6db78-8920-425b-9739-2f3f31b01b5b [2026-05-12T03:54:27.960602] NODE_VERBOSE=false (STDOUT, STG)#
#2026 05 12 03:55:05.515#Z#DEBUG#2a4a60f1-4db6-11f1-b47b-eeee0a95f40c.location-tracker-db-deployer#flowable-async-job-executor-thread-14146#
[PollExecuteTaskStatusExecution] d8f6db78-8920-425b-9739-2f3f31b01b5b [2026-05-12T03:54:27.960613] NPM_CONFIG_LOGLEVEL=error (STDOUT, STG)#
#2026 05 12 03:55:05.515#Z#DEBUG#2a4a60f1-4db6-11f1-b47b-eeee0a95f40c.location-tracker-db-deployer#flowable-async-job-executor-thread-14146#
[PollExecuteTaskStatusExecution] d8f6db78-8920-425b-9739-2f3f31b01b5b [2026-05-12T03:54:27.960621] NPM_CONFIG_PRODUCTION=true (STDOUT, STG)#
#2026 05 12 03:55:05.515#Z#DEBUG#2a4a60f1-4db6-11f1-b47b-eeee0a95f40c.location-tracker-db-deployer#flowable-async-job-executor-thread-14146#
[PollExecuteTaskStatusExecution] d8f6db78-8920-425b-9739-2f3f31b01b5b [2026-05-12T03:54:27.960706] -----> Building dependencies (STDOUT, STG)#
#2026 05 12 03:55:05.515#Z#DEBUG#2a4a60f1-4db6-11f1-b47b-eeee0a95f40c.location-tracker-db-deployer#flowable-async-job-executor-thread-14146#
[PollExecuteTaskStatusExecution] d8f6db78-8920-425b-9739-2f3f31b01b5b [2026-05-12T03:54:27.960720] Prebuild detected (node_modules already exists) (STDOUT, STG)#
#2026 05 12 03:55:05.515#Z#DEBUG#2a4a60f1-4db6-11f1-b47b-eeee0a95f40c.location-tracker-db-deployer#flowable-async-job-executor-thread-14146#
[PollExecuteTaskStatusExecution] d8f6db78-8920-425b-9739-2f3f31b01b5b [2026-05-12T03:54:27.960724] Rebuilding any native modules (STDOUT, STG)#
#2026 05 12 03:55:05.515#Z#DEBUG#2a4a60f1-4db6-11f1-b47b-eeee0a95f40c.location-tracker-db-deployer#flowable-async-job-executor-thread-14146#
[PollExecuteTaskStatusExecution] d8f6db78-8920-425b-9739-2f3f31b01b5b [2026-05-12T03:54:28.590822] rebuilt dependencies successfully (STDOUT, STG)#
#2026 05 12 03:55:05.515#Z#DEBUG#2a4a60f1-4db6-11f1-b47b-eeee0a95f40c.location-tracker-db-deployer#flowable-async-job-executor-thread-14146#
[PollExecuteTaskStatusExecution] d8f6db78-8920-425b-9739-2f3f31b01b5b [2026-05-12T03:54:28.673794] Installing any new modules (package.json + package-lock.json) (STDOUT, STG)#
#2026 05 12 03:55:05.515#Z#DEBUG#2a4a60f1-4db6-11f1-b47b-eeee0a95f40c.location-tracker-db-deployer#flowable-async-job-executor-thread-14146#
[PollExecuteTaskStatusExecution] d8f6db78-8920-425b-9739-2f3f31b01b5b [2026-05-12T03:54:29.214934] up to date in 436ms (STDOUT, STG)#
#2026 05 12 03:55:05.515#Z#DEBUG#2a4a60f1-4db6-11f1-b47b-eeee0a95f40c.location-tracker-db-deployer#flowable-async-job-executor-thread-14146#
[PollExecuteTaskStatusExecution] d8f6db78-8920-425b-9739-2f3f31b01b5b [2026-05-12T03:54:29.215282] 4 packages are looking for funding (STDOUT, STG)#
#2026 05 12 03:55:05.515#Z#DEBUG#2a4a60f1-4db6-11f1-b47b-eeee0a95f40c.location-tracker-db-deployer#flowable-async-job-executor-thread-14146#
[PollExecuteTaskStatusExecution] d8f6db78-8920-425b-9739-2f3f31b01b5b [2026-05-12T03:54:29.215386] run `npm fund` for details (STDOUT, STG)#
#2026 05 12 03:55:05.515#Z#DEBUG#2a4a60f1-4db6-11f1-b47b-eeee0a95f40c.location-tracker-db-deployer#flowable-async-job-executor-thread-14146#
[PollExecuteTaskStatusExecution] d8f6db78-8920-425b-9739-2f3f31b01b5b [2026-05-12T03:54:30.018828] Contrast Security no credentials found. Will not write environment files. (STDOUT, STG)#
#2026 05 12 03:55:05.515#Z#DEBUG#2a4a60f1-4db6-11f1-b47b-eeee0a95f40c.location-tracker-db-deployer#flowable-async-job-executor-thread-14146#
[PollExecuteTaskStatusExecution] d8f6db78-8920-425b-9739-2f3f31b01b5b [2026-05-12T03:54:42.627660] Exit status 0 (STDOUT, STG)#
#2026 05 12 03:55:05.515#Z#DEBUG#2a4a60f1-4db6-11f1-b47b-eeee0a95f40c.location-tracker-db-deployer#flowable-async-job-executor-thread-14146#
[PollExecuteTaskStatusExecution] d8f6db78-8920-425b-9739-2f3f31b01b5b [2026-05-12T03:54:42.627716] Uploading droplet, build artifacts cache... (STDOUT, STG)#
#2026 05 12 03:55:05.515#Z#DEBUG#2a4a60f1-4db6-11f1-b47b-eeee0a95f40c.location-tracker-db-deployer#flowable-async-job-executor-thread-14146#
[PollExecuteTaskStatusExecution] d8f6db78-8920-425b-9739-2f3f31b01b5b [2026-05-12T03:54:42.627762] Uploading build artifacts cache... (STDOUT, STG)#
#2026 05 12 03:55:05.515#Z#DEBUG#2a4a60f1-4db6-11f1-b47b-eeee0a95f40c.location-tracker-db-deployer#flowable-async-job-executor-thread-14146#
[PollExecuteTaskStatusExecution] d8f6db78-8920-425b-9739-2f3f31b01b5b [2026-05-12T03:54:42.627792] Uploading droplet... (STDOUT, STG)#
#2026 05 12 03:55:05.515#Z#DEBUG#2a4a60f1-4db6-11f1-b47b-eeee0a95f40c.location-tracker-db-deployer#flowable-async-job-executor-thread-14146#
[PollExecuteTaskStatusExecution] d8f6db78-8920-425b-9739-2f3f31b01b5b [2026-05-12T03:54:42.663001] Uploaded build artifacts cache (227B) (STDOUT, STG)#
#2026 05 12 03:55:05.515#Z#DEBUG#2a4a60f1-4db6-11f1-b47b-eeee0a95f40c.location-tracker-db-deployer#flowable-async-job-executor-thread-14146#
[PollExecuteTaskStatusExecution] d8f6db78-8920-425b-9739-2f3f31b01b5b [2026-05-12T03:54:43.515143] Creating droplet for app with guid d8f6db78-8920-425b-9739-2f3f31b01b5b (STDOUT, API)#
#2026 05 12 03:55:05.515#Z#DEBUG#2a4a60f1-4db6-11f1-b47b-eeee0a95f40c.location-tracker-db-deployer#flowable-async-job-executor-thread-14146#
[PollExecuteTaskStatusExecution] d8f6db78-8920-425b-9739-2f3f31b01b5b [2026-05-12T03:54:46.610743] Uploaded droplet (58.4M) (STDOUT, STG)#
#2026 05 12 03:55:05.515#Z#DEBUG#2a4a60f1-4db6-11f1-b47b-eeee0a95f40c.location-tracker-db-deployer#flowable-async-job-executor-thread-14146#
[PollExecuteTaskStatusExecution] d8f6db78-8920-425b-9739-2f3f31b01b5b [2026-05-12T03:54:46.638492] Uploading complete (STDOUT, STG)#
#2026 05 12 03:55:05.515#Z#DEBUG#2a4a60f1-4db6-11f1-b47b-eeee0a95f40c.location-tracker-db-deployer#flowable-async-job-executor-thread-14146#
[PollExecuteTaskStatusExecution] d8f6db78-8920-425b-9739-2f3f31b01b5b [2026-05-12T03:54:47.884718] Cell 4401fcd0-006d-4ceb-9b51-aa22a1b186cf stopping instance 61d16897-42c6-49ff-8163-0a103435b556 (STDOUT, STG)#
#2026 05 12 03:55:05.515#Z#DEBUG#2a4a60f1-4db6-11f1-b47b-eeee0a95f40c.location-tracker-db-deployer#flowable-async-job-executor-thread-14146#
[PollExecuteTaskStatusExecution] d8f6db78-8920-425b-9739-2f3f31b01b5b [2026-05-12T03:54:47.884775] Cell 4401fcd0-006d-4ceb-9b51-aa22a1b186cf destroying container for instance 61d16897-42c6-49ff-8163-0a103435b556 (STDOUT, STG)#
#2026 05 12 03:55:05.515#Z#DEBUG#2a4a60f1-4db6-11f1-b47b-eeee0a95f40c.location-tracker-db-deployer#flowable-async-job-executor-thread-14146#
[PollExecuteTaskStatusExecution] d8f6db78-8920-425b-9739-2f3f31b01b5b [2026-05-12T03:54:47.956717] Staging complete for build 61d16897-42c6-49ff-8163-0a103435b556 (STDOUT, API)#
#2026 05 12 03:55:05.515#Z#DEBUG#2a4a60f1-4db6-11f1-b47b-eeee0a95f40c.location-tracker-db-deployer#flowable-async-job-executor-thread-14146#
[PollExecuteTaskStatusExecution] d8f6db78-8920-425b-9739-2f3f31b01b5b [2026-05-12T03:54:50.928520] Cell 4401fcd0-006d-4ceb-9b51-aa22a1b186cf successfully destroyed container for instance 61d16897-42c6-49ff-8163-0a103435b556 (STDOUT, STG)#
#2026 05 12 03:55:05.515#Z#DEBUG#2a4a60f1-4db6-11f1-b47b-eeee0a95f40c.location-tracker-db-deployer#flowable-async-job-executor-thread-14146#
[PollExecuteTaskStatusExecution] d8f6db78-8920-425b-9739-2f3f31b01b5b [2026-05-12T03:54:55.504034] Updated app with guid d8f6db78-8920-425b-9739-2f3f31b01b5b ({:droplet_guid=>"4ccc0c59-fb21-42d3-acc9-d4df1a49342b"}) (STDOUT, API)#
#2026 05 12 03:55:05.515#Z#DEBUG#2a4a60f1-4db6-11f1-b47b-eeee0a95f40c.location-tracker-db-deployer#flowable-async-job-executor-thread-14146#
[PollExecuteTaskStatusExecution] d8f6db78-8920-425b-9739-2f3f31b01b5b [2026-05-12T03:54:56.028409] Cell 4401fcd0-006d-4ceb-9b51-aa22a1b186cf creating container for instance a669717c-956d-4701-9ddc-f0eca33c8ed9 (STDOUT, CELL)#
#2026 05 12 03:55:05.515#Z#DEBUG#2a4a60f1-4db6-11f1-b47b-eeee0a95f40c.location-tracker-db-deployer#flowable-async-job-executor-thread-14146#
[PollExecuteTaskStatusExecution] d8f6db78-8920-425b-9739-2f3f31b01b5b [2026-05-12T03:54:56.723808] Security group rules were updated (STDOUT, CELL)#
#2026 05 12 03:55:05.515#Z#DEBUG#2a4a60f1-4db6-11f1-b47b-eeee0a95f40c.location-tracker-db-deployer#flowable-async-job-executor-thread-14146#
[PollExecuteTaskStatusExecution] d8f6db78-8920-425b-9739-2f3f31b01b5b [2026-05-12T03:54:56.877590] Cell 4401fcd0-006d-4ceb-9b51-aa22a1b186cf successfully created container for instance a669717c-956d-4701-9ddc-f0eca33c8ed9 (STDOUT, CELL)#
#2026 05 12 03:55:05.515#Z#DEBUG#2a4a60f1-4db6-11f1-b47b-eeee0a95f40c.location-tracker-db-deployer#flowable-async-job-executor-thread-14146#
[PollExecuteTaskStatusExecution] d8f6db78-8920-425b-9739-2f3f31b01b5b [2026-05-12T03:55:02.091354] Invoking pre-start scripts. (STDOUT, APP/TASK/deploy)#
#2026 05 12 03:55:05.515#Z#DEBUG#2a4a60f1-4db6-11f1-b47b-eeee0a95f40c.location-tracker-db-deployer#flowable-async-job-executor-thread-14146#
[PollExecuteTaskStatusExecution] d8f6db78-8920-425b-9739-2f3f31b01b5b [2026-05-12T03:55:02.373918] Invoking start command. (STDOUT, APP/TASK/deploy)#
#2026 05 12 03:55:05.515#Z#DEBUG#2a4a60f1-4db6-11f1-b47b-eeee0a95f40c.location-tracker-db-deployer#flowable-async-job-executor-thread-14146#
[PollExecuteTaskStatusExecution] d8f6db78-8920-425b-9739-2f3f31b01b5b [2026-05-12T03:55:02.933099] > start (STDOUT, APP/TASK/deploy)#
#2026 05 12 03:55:05.515#Z#DEBUG#2a4a60f1-4db6-11f1-b47b-eeee0a95f40c.location-tracker-db-deployer#flowable-async-job-executor-thread-14146#
[PollExecuteTaskStatusExecution] d8f6db78-8920-425b-9739-2f3f31b01b5b [2026-05-12T03:55:02.933118] > node node_modules/@sap/hdi-deploy/deploy.js --use-hdb (STDOUT, APP/TASK/deploy)#
#2026 05 12 03:55:05.515#Z#DEBUG#2a4a60f1-4db6-11f1-b47b-eeee0a95f40c.location-tracker-db-deployer#flowable-async-job-executor-thread-14146#
[PollExecuteTaskStatusExecution] d8f6db78-8920-425b-9739-2f3f31b01b5b [2026-05-12T03:55:03.123925] VCAP_SERVICES: (STDOUT, APP/TASK/deploy)#
#2026 05 12 03:55:05.515#Z#DEBUG#2a4a60f1-4db6-11f1-b47b-eeee0a95f40c.location-tracker-db-deployer#flowable-async-job-executor-thread-14146#
[PollExecuteTaskStatusExecution] d8f6db78-8920-425b-9739-2f3f31b01b5b [2026-05-12T03:55:03.124303] { (STDOUT, APP/TASK/deploy)#
#2026 05 12 03:55:05.515#Z#DEBUG#2a4a60f1-4db6-11f1-b47b-eeee0a95f40c.location-tracker-db-deployer#flowable-async-job-executor-thread-14146#
[PollExecuteTaskStatusExecution] d8f6db78-8920-425b-9739-2f3f31b01b5b [2026-05-12T03:55:03.124316] "hana": [ (STDOUT, APP/TASK/deploy)#
#2026 05 12 03:55:05.515#Z#DEBUG#2a4a60f1-4db6-11f1-b47b-eeee0a95f40c.location-tracker-db-deployer#flowable-async-job-executor-thread-14146#
[PollExecuteTaskStatusExecution] d8f6db78-8920-425b-9739-2f3f31b01b5b [2026-05-12T03:55:03.124321] { (STDOUT, APP/TASK/deploy)#
#2026 05 12 03:55:05.515#Z#DEBUG#2a4a60f1-4db6-11f1-b47b-eeee0a95f40c.location-tracker-db-deployer#flowable-async-job-executor-thread-14146#
[PollExecuteTaskStatusExecution] d8f6db78-8920-425b-9739-2f3f31b01b5b [2026-05-12T03:55:03.124326] "name": "location-tracker-db", (STDOUT, APP/TASK/deploy)#
#2026 05 12 03:55:05.515#Z#DEBUG#2a4a60f1-4db6-11f1-b47b-eeee0a95f40c.location-tracker-db-deployer#flowable-async-job-executor-thread-14146#
[PollExecuteTaskStatusExecution] d8f6db78-8920-425b-9739-2f3f31b01b5b [2026-05-12T03:55:03.124331] "label": "hana", (STDOUT, APP/TASK/deploy)#
#2026 05 12 03:55:05.515#Z#DEBUG#2a4a60f1-4db6-11f1-b47b-eeee0a95f40c.location-tracker-db-deployer#flowable-async-job-executor-thread-14146#
[PollExecuteTaskStatusExecution] d8f6db78-8920-425b-9739-2f3f31b01b5b [2026-05-12T03:55:03.124337] "plan": "hdi-shared", (STDOUT, APP/TASK/deploy)#
#2026 05 12 03:55:05.515#Z#DEBUG#2a4a60f1-4db6-11f1-b47b-eeee0a95f40c.location-tracker-db-deployer#flowable-async-job-executor-thread-14146#
[PollExecuteTaskStatusExecution] d8f6db78-8920-425b-9739-2f3f31b01b5b [2026-05-12T03:55:03.124344] "credentials": { (STDOUT, APP/TASK/deploy)#
#2026 05 12 03:55:05.515#Z#DEBUG#2a4a60f1-4db6-11f1-b47b-eeee0a95f40c.location-tracker-db-deployer#flowable-async-job-executor-thread-14146#
[PollExecuteTaskStatusExecution] d8f6db78-8920-425b-9739-2f3f31b01b5b [2026-05-12T03:55:03.124348] "schema": "9005752B873E4CD3A96797040AFE8DB5", (STDOUT, APP/TASK/deploy)#
#2026 05 12 03:55:05.515#Z#DEBUG#2a4a60f1-4db6-11f1-b47b-eeee0a95f40c.location-tracker-db-deployer#flowable-async-job-executor-thread-14146#
[PollExecuteTaskStatusExecution] d8f6db78-8920-425b-9739-2f3f31b01b5b [2026-05-12T03:55:03.124353] "database_id": "53f603be-4b09-445f-9155-a8d08900b8dd", (STDOUT, APP/TASK/deploy)#
#2026 05 12 03:55:05.515#Z#DEBUG#2a4a60f1-4db6-11f1-b47b-eeee0a95f40c.location-tracker-db-deployer#flowable-async-job-executor-thread-14146#
[PollExecuteTaskStatusExecution] d8f6db78-8920-425b-9739-2f3f31b01b5b [2026-05-12T03:55:03.124362] "user": "9005752B873E4CD3A96797040AFE8DB5_4FMMJEOKWMEPXGBDLMYM8DMOV_RT", (STDOUT, APP/TASK/deploy)#
#2026 05 12 03:55:05.515#Z#DEBUG#2a4a60f1-4db6-11f1-b47b-eeee0a95f40c.location-tracker-db-deployer#flowable-async-job-executor-thread-14146#
[PollExecuteTaskStatusExecution] d8f6db78-8920-425b-9739-2f3f31b01b5b [2026-05-12T03:55:03.124367] "hdi_user": "9005752B873E4CD3A96797040AFE8DB5_4FMMJEOKWMEPXGBDLMYM8DMOV_DT" (STDOUT, APP/TASK/deploy)#
#2026 05 12 03:55:05.515#Z#DEBUG#2a4a60f1-4db6-11f1-b47b-eeee0a95f40c.location-tracker-db-deployer#flowable-async-job-executor-thread-14146#
[PollExecuteTaskStatusExecution] d8f6db78-8920-425b-9739-2f3f31b01b5b [2026-05-12T03:55:03.124372] }, (STDOUT, APP/TASK/deploy)#
#2026 05 12 03:55:05.515#Z#DEBUG#2a4a60f1-4db6-11f1-b47b-eeee0a95f40c.location-tracker-db-deployer#flowable-async-job-executor-thread-14146#
[PollExecuteTaskStatusExecution] d8f6db78-8920-425b-9739-2f3f31b01b5b [2026-05-12T03:55:03.124376] "tags": [ (STDOUT, APP/TASK/deploy)#
#2026 05 12 03:55:05.515#Z#DEBUG#2a4a60f1-4db6-11f1-b47b-eeee0a95f40c.location-tracker-db-deployer#flowable-async-job-executor-thread-14146#
[PollExecuteTaskStatusExecution] d8f6db78-8920-425b-9739-2f3f31b01b5b [2026-05-12T03:55:03.124380] "hana", (STDOUT, APP/TASK/deploy)#
#2026 05 12 03:55:05.515#Z#DEBUG#2a4a60f1-4db6-11f1-b47b-eeee0a95f40c.location-tracker-db-deployer#flowable-async-job-executor-thread-14146#
[PollExecuteTaskStatusExecution] d8f6db78-8920-425b-9739-2f3f31b01b5b [2026-05-12T03:55:03.124386] "database", (STDOUT, APP/TASK/deploy)#
#2026 05 12 03:55:05.515#Z#DEBUG#2a4a60f1-4db6-11f1-b47b-eeee0a95f40c.location-tracker-db-deployer#flowable-async-job-executor-thread-14146#
[PollExecuteTaskStatusExecution] d8f6db78-8920-425b-9739-2f3f31b01b5b [2026-05-12T03:55:03.124390] "relational" (STDOUT, APP/TASK/deploy)#
#2026 05 12 03:55:05.515#Z#DEBUG#2a4a60f1-4db6-11f1-b47b-eeee0a95f40c.location-tracker-db-deployer#flowable-async-job-executor-thread-14146#
[PollExecuteTaskStatusExecution] d8f6db78-8920-425b-9739-2f3f31b01b5b [2026-05-12T03:55:03.124394] ] (STDOUT, APP/TASK/deploy)#
#2026 05 12 03:55:05.515#Z#DEBUG#2a4a60f1-4db6-11f1-b47b-eeee0a95f40c.location-tracker-db-deployer#flowable-async-job-executor-thread-14146#
[PollExecuteTaskStatusExecution] d8f6db78-8920-425b-9739-2f3f31b01b5b [2026-05-12T03:55:03.124399] } (STDOUT, APP/TASK/deploy)#
#2026 05 12 03:55:05.515#Z#DEBUG#2a4a60f1-4db6-11f1-b47b-eeee0a95f40c.location-tracker-db-deployer#flowable-async-job-executor-thread-14146#
[PollExecuteTaskStatusExecution] d8f6db78-8920-425b-9739-2f3f31b01b5b [2026-05-12T03:55:03.124403] ] (STDOUT, APP/TASK/deploy)#
#2026 05 12 03:55:05.515#Z#DEBUG#2a4a60f1-4db6-11f1-b47b-eeee0a95f40c.location-tracker-db-deployer#flowable-async-job-executor-thread-14146#
[PollExecuteTaskStatusExecution] d8f6db78-8920-425b-9739-2f3f31b01b5b [2026-05-12T03:55:03.124408] } (STDOUT, APP/TASK/deploy)#
#2026 05 12 03:55:05.515#Z#DEBUG#2a4a60f1-4db6-11f1-b47b-eeee0a95f40c.location-tracker-db-deployer#flowable-async-job-executor-thread-14146#
[PollExecuteTaskStatusExecution] d8f6db78-8920-425b-9739-2f3f31b01b5b [2026-05-12T03:55:03.573336] @sap/hdi-deploy, version 5.6.1 (mode default), server version 4.00.000.00.1777375411 (4.0.0.0), cloud version 2026.2.12, node version 24.13.0, HDI version 1016, container API version 1007 (STDOUT, APP/TASK/deploy)#
#2026 05 12 03:55:05.515#Z#DEBUG#2a4a60f1-4db6-11f1-b47b-eeee0a95f40c.location-tracker-db-deployer#flowable-async-job-executor-thread-14146#
[PollExecuteTaskStatusExecution] d8f6db78-8920-425b-9739-2f3f31b01b5b [2026-05-12T03:55:03.573642] Deployment started at 2026-05-12 03:55:03 (STDOUT, APP/TASK/deploy)#
#2026 05 12 03:55:05.515#Z#DEBUG#2a4a60f1-4db6-11f1-b47b-eeee0a95f40c.location-tracker-db-deployer#flowable-async-job-executor-thread-14146#
[PollExecuteTaskStatusExecution] d8f6db78-8920-425b-9739-2f3f31b01b5b [2026-05-12T03:55:03.574002] Using hdb@2.27.1 for connection (STDOUT, APP/TASK/deploy)#
#2026 05 12 03:55:05.515#Z#DEBUG#2a4a60f1-4db6-11f1-b47b-eeee0a95f40c.location-tracker-db-deployer#flowable-async-job-executor-thread-14146#
[PollExecuteTaskStatusExecution] d8f6db78-8920-425b-9739-2f3f31b01b5b [2026-05-12T03:55:03.597254] No ignore file at /home/vcap/app/.hdiignore. (STDOUT, APP/TASK/deploy)#
#2026 05 12 03:55:05.515#Z#DEBUG#2a4a60f1-4db6-11f1-b47b-eeee0a95f40c.location-tracker-db-deployer#flowable-async-job-executor-thread-14146#
[PollExecuteTaskStatusExecution] d8f6db78-8920-425b-9739-2f3f31b01b5b [2026-05-12T03:55:03.597773] Collecting files... (STDOUT, APP/TASK/deploy)#
#2026 05 12 03:55:05.515#Z#DEBUG#2a4a60f1-4db6-11f1-b47b-eeee0a95f40c.location-tracker-db-deployer#flowable-async-job-executor-thread-14146#
[PollExecuteTaskStatusExecution] d8f6db78-8920-425b-9739-2f3f31b01b5b [2026-05-12T03:55:03.601514] Collecting files... ok (0s 4ms) (STDOUT, APP/TASK/deploy)#
#2026 05 12 03:55:05.515#Z#DEBUG#2a4a60f1-4db6-11f1-b47b-eeee0a95f40c.location-tracker-db-deployer#flowable-async-job-executor-thread-14146#
[PollExecuteTaskStatusExecution] d8f6db78-8920-425b-9739-2f3f31b01b5b [2026-05-12T03:55:03.601524] 2 directories collected (STDOUT, APP/TASK/deploy)#
#2026 05 12 03:55:05.515#Z#DEBUG#2a4a60f1-4db6-11f1-b47b-eeee0a95f40c.location-tracker-db-deployer#flowable-async-job-executor-thread-14146#
[PollExecuteTaskStatusExecution] d8f6db78-8920-425b-9739-2f3f31b01b5b [2026-05-12T03:55:03.601602] 12 files collected (STDOUT, APP/TASK/deploy)#
#2026 05 12 03:55:05.515#Z#DEBUG#2a4a60f1-4db6-11f1-b47b-eeee0a95f40c.location-tracker-db-deployer#flowable-async-job-executor-thread-14146#
[PollExecuteTaskStatusExecution] d8f6db78-8920-425b-9739-2f3f31b01b5b [2026-05-12T03:55:03.601672] 0 reusable modules collected (STDOUT, APP/TASK/deploy)#
#2026 05 12 03:55:05.515#Z#DEBUG#2a4a60f1-4db6-11f1-b47b-eeee0a95f40c.location-tracker-db-deployer#flowable-async-job-executor-thread-14146#
[PollExecuteTaskStatusExecution] d8f6db78-8920-425b-9739-2f3f31b01b5b [2026-05-12T03:55:03.601696] Target service: location-tracker-db (STDOUT, APP/TASK/deploy)#
#2026 05 12 03:55:05.515#Z#DEBUG#2a4a60f1-4db6-11f1-b47b-eeee0a95f40c.location-tracker-db-deployer#flowable-async-job-executor-thread-14146#
[PollExecuteTaskStatusExecution] d8f6db78-8920-425b-9739-2f3f31b01b5b [2026-05-12T03:55:03.772868] Previous build with request ID 281 finished at 2026-05-12T03:47:08.913 with status Committed and message: Make succeeded (0 warnings): 2 files deployed (effective 4), 0 files undeployed (effective 0), 9 dependent files redeployed. (STDOUT, APP/TASK/deploy)#
#2026 05 12 03:55:05.515#Z#DEBUG#2a4a60f1-4db6-11f1-b47b-eeee0a95f40c.location-tracker-db-deployer#flowable-async-job-executor-thread-14146#
[PollExecuteTaskStatusExecution] d8f6db78-8920-425b-9739-2f3f31b01b5b [2026-05-12T03:55:03.772975] Processing revoke files... (STDOUT, APP/TASK/deploy)#
#2026 05 12 03:55:05.515#Z#DEBUG#2a4a60f1-4db6-11f1-b47b-eeee0a95f40c.location-tracker-db-deployer#flowable-async-job-executor-thread-14146#
[PollExecuteTaskStatusExecution] d8f6db78-8920-425b-9739-2f3f31b01b5b [2026-05-12T03:55:03.773075] Processing revoke files... ok (0s 0ms) (STDOUT, APP/TASK/deploy)#
#2026 05 12 03:55:05.515#Z#DEBUG#2a4a60f1-4db6-11f1-b47b-eeee0a95f40c.location-tracker-db-deployer#flowable-async-job-executor-thread-14146#
[PollExecuteTaskStatusExecution] d8f6db78-8920-425b-9739-2f3f31b01b5b [2026-05-12T03:55:03.773184] Processing grants files... (STDOUT, APP/TASK/deploy)#
#2026 05 12 03:55:05.515#Z#DEBUG#2a4a60f1-4db6-11f1-b47b-eeee0a95f40c.location-tracker-db-deployer#flowable-async-job-executor-thread-14146#
[PollExecuteTaskStatusExecution] d8f6db78-8920-425b-9739-2f3f31b01b5b [2026-05-12T03:55:03.773418] Processing grants files... ok (0s 0ms) (STDOUT, APP/TASK/deploy)#
#2026 05 12 03:55:05.515#Z#DEBUG#2a4a60f1-4db6-11f1-b47b-eeee0a95f40c.location-tracker-db-deployer#flowable-async-job-executor-thread-14146#
[PollExecuteTaskStatusExecution] d8f6db78-8920-425b-9739-2f3f31b01b5b [2026-05-12T03:55:03.776360] Preprocessing files... (STDOUT, APP/TASK/deploy)#
#2026 05 12 03:55:05.515#Z#DEBUG#2a4a60f1-4db6-11f1-b47b-eeee0a95f40c.location-tracker-db-deployer#flowable-async-job-executor-thread-14146#
[PollExecuteTaskStatusExecution] d8f6db78-8920-425b-9739-2f3f31b01b5b [2026-05-12T03:55:03.776909] Preprocessing files... ok (0s 0ms) (STDOUT, APP/TASK/deploy)#
#2026 05 12 03:55:05.515#Z#DEBUG#2a4a60f1-4db6-11f1-b47b-eeee0a95f40c.location-tracker-db-deployer#flowable-async-job-executor-thread-14146#
[PollExecuteTaskStatusExecution] d8f6db78-8920-425b-9739-2f3f31b01b5b [2026-05-12T03:55:03.776924] Connecting to the container "9005752B873E4CD3A96797040AFE8DB5"... (STDOUT, APP/TASK/deploy)#
#2026 05 12 03:55:05.515#Z#DEBUG#2a4a60f1-4db6-11f1-b47b-eeee0a95f40c.location-tracker-db-deployer#flowable-async-job-executor-thread-14146#
[PollExecuteTaskStatusExecution] d8f6db78-8920-425b-9739-2f3f31b01b5b [2026-05-12T03:55:03.849353] Connecting to the container "9005752B873E4CD3A96797040AFE8DB5"... ok (0s 73ms) (STDOUT, APP/TASK/deploy)#
#2026 05 12 03:55:05.515#Z#DEBUG#2a4a60f1-4db6-11f1-b47b-eeee0a95f40c.location-tracker-db-deployer#flowable-async-job-executor-thread-14146#
[PollExecuteTaskStatusExecution] d8f6db78-8920-425b-9739-2f3f31b01b5b [2026-05-12T03:55:03.849486] Locking the container "9005752B873E4CD3A96797040AFE8DB5"... (STDOUT, APP/TASK/deploy)#
#2026 05 12 03:55:05.515#Z#DEBUG#2a4a60f1-4db6-11f1-b47b-eeee0a95f40c.location-tracker-db-deployer#flowable-async-job-executor-thread-14146#
[PollExecuteTaskStatusExecution] d8f6db78-8920-425b-9739-2f3f31b01b5b [2026-05-12T03:55:03.989418] Locking the container "9005752B873E4CD3A96797040AFE8DB5"... ok (0s 140ms) (STDOUT, APP/TASK/deploy)#
#2026 05 12 03:55:05.515#Z#DEBUG#2a4a60f1-4db6-11f1-b47b-eeee0a95f40c.location-tracker-db-deployer#flowable-async-job-executor-thread-14146#
[PollExecuteTaskStatusExecution] d8f6db78-8920-425b-9739-2f3f31b01b5b [2026-05-12T03:55:03.989501] Synchronizing files with the container "9005752B873E4CD3A96797040AFE8DB5"... (STDOUT, APP/TASK/deploy)#
#2026 05 12 03:55:05.515#Z#DEBUG#2a4a60f1-4db6-11f1-b47b-eeee0a95f40c.location-tracker-db-deployer#flowable-async-job-executor-thread-14146#
[PollExecuteTaskStatusExecution] d8f6db78-8920-425b-9739-2f3f31b01b5b [2026-05-12T03:55:04.228007] Deleting files... (STDOUT, APP/TASK/deploy)#
#2026 05 12 03:55:05.515#Z#DEBUG#2a4a60f1-4db6-11f1-b47b-eeee0a95f40c.location-tracker-db-deployer#flowable-async-job-executor-thread-14146#
[PollExecuteTaskStatusExecution] d8f6db78-8920-425b-9739-2f3f31b01b5b [2026-05-12T03:55:04.402632] Deleting files... ok (STDOUT, APP/TASK/deploy)#
#2026 05 12 03:55:05.515#Z#DEBUG#2a4a60f1-4db6-11f1-b47b-eeee0a95f40c.location-tracker-db-deployer#flowable-async-job-executor-thread-14146#
[PollExecuteTaskStatusExecution] d8f6db78-8920-425b-9739-2f3f31b01b5b [2026-05-12T03:55:04.402663] Writing files... (STDOUT, APP/TASK/deploy)#
#2026 05 12 03:55:05.515#Z#DEBUG#2a4a60f1-4db6-11f1-b47b-eeee0a95f40c.location-tracker-db-deployer#flowable-async-job-executor-thread-14146#
[PollExecuteTaskStatusExecution] d8f6db78-8920-425b-9739-2f3f31b01b5b [2026-05-12T03:55:04.402923] Writing 2 items (STDOUT, APP/TASK/deploy)#
#2026 05 12 03:55:05.515#Z#DEBUG#2a4a60f1-4db6-11f1-b47b-eeee0a95f40c.location-tracker-db-deployer#flowable-async-job-executor-thread-14146#
[PollExecuteTaskStatusExecution] d8f6db78-8920-425b-9739-2f3f31b01b5b [2026-05-12T03:55:04.602341] Writing files... ok (STDOUT, APP/TASK/deploy)#
#2026 05 12 03:55:05.515#Z#DEBUG#2a4a60f1-4db6-11f1-b47b-eeee0a95f40c.location-tracker-db-deployer#flowable-async-job-executor-thread-14146#
[PollExecuteTaskStatusExecution] d8f6db78-8920-425b-9739-2f3f31b01b5b [2026-05-12T03:55:04.602372] Synchronizing files with the container "9005752B873E4CD3A96797040AFE8DB5"... ok (0s 613ms) (STDOUT, APP/TASK/deploy)#
#2026 05 12 03:55:05.515#Z#DEBUG#2a4a60f1-4db6-11f1-b47b-eeee0a95f40c.location-tracker-db-deployer#flowable-async-job-executor-thread-14146#
[PollExecuteTaskStatusExecution] d8f6db78-8920-425b-9739-2f3f31b01b5b [2026-05-12T03:55:04.602897] added files: [] (STDOUT, APP/TASK/deploy)#
#2026 05 12 03:55:05.515#Z#DEBUG#2a4a60f1-4db6-11f1-b47b-eeee0a95f40c.location-tracker-db-deployer#flowable-async-job-executor-thread-14146#
[PollExecuteTaskStatusExecution] d8f6db78-8920-425b-9739-2f3f31b01b5b [2026-05-12T03:55:04.602911] modified files: [] (STDOUT, APP/TASK/deploy)#
#2026 05 12 03:55:05.515#Z#DEBUG#2a4a60f1-4db6-11f1-b47b-eeee0a95f40c.location-tracker-db-deployer#flowable-async-job-executor-thread-14146#
[PollExecuteTaskStatusExecution] d8f6db78-8920-425b-9739-2f3f31b01b5b [2026-05-12T03:55:04.602914] deleted files: [] (STDOUT, APP/TASK/deploy)#
#2026 05 12 03:55:05.515#Z#DEBUG#2a4a60f1-4db6-11f1-b47b-eeee0a95f40c.location-tracker-db-deployer#flowable-async-job-executor-thread-14146#
[PollExecuteTaskStatusExecution] d8f6db78-8920-425b-9739-2f3f31b01b5b [2026-05-12T03:55:04.603137] 0 modified or added files are scheduled for deploy based on delta detection (STDOUT, APP/TASK/deploy)#
#2026 05 12 03:55:05.515#Z#DEBUG#2a4a60f1-4db6-11f1-b47b-eeee0a95f40c.location-tracker-db-deployer#flowable-async-job-executor-thread-14146#
[PollExecuteTaskStatusExecution] d8f6db78-8920-425b-9739-2f3f31b01b5b [2026-05-12T03:55:04.603362] 0 deleted files are scheduled for undeploy based on delta detection (filtered by undeploy allowlist) (STDOUT, APP/TASK/deploy)#
#2026 05 12 03:55:05.515#Z#DEBUG#2a4a60f1-4db6-11f1-b47b-eeee0a95f40c.location-tracker-db-deployer#flowable-async-job-executor-thread-14146#
[PollExecuteTaskStatusExecution] d8f6db78-8920-425b-9739-2f3f31b01b5b [2026-05-12T03:55:04.603487] 0 files are scheduled for deploy based on explicit specification (STDOUT, APP/TASK/deploy)#
#2026 05 12 03:55:05.515#Z#DEBUG#2a4a60f1-4db6-11f1-b47b-eeee0a95f40c.location-tracker-db-deployer#flowable-async-job-executor-thread-14146#
[PollExecuteTaskStatusExecution] d8f6db78-8920-425b-9739-2f3f31b01b5b [2026-05-12T03:55:04.603547] 0 files are scheduled for undeploy based on explicit specification (STDOUT, APP/TASK/deploy)#
#2026 05 12 03:55:05.515#Z#DEBUG#2a4a60f1-4db6-11f1-b47b-eeee0a95f40c.location-tracker-db-deployer#flowable-async-job-executor-thread-14146#
[PollExecuteTaskStatusExecution] d8f6db78-8920-425b-9739-2f3f31b01b5b [2026-05-12T03:55:04.603568] Deploying to the container "9005752B873E4CD3A96797040AFE8DB5"... (STDOUT, APP/TASK/deploy)#
#2026 05 12 03:55:15.609#Z#DEBUG#2a4a60f1-4db6-11f1-b47b-eeee0a95f40c.location-tracker-db-deployer#flowable-async-job-executor-thread-14149#
[PollExecuteTaskStatusExecution] d8f6db78-8920-425b-9739-2f3f31b01b5b [2026-05-12T03:55:04.997048] Starting make in the container "9005752B873E4CD3A96797040AFE8DB5" with 0 files to deploy, 0 files to undeploy... (STDOUT, APP/TASK/deploy)#
#2026 05 12 03:55:15.609#Z#DEBUG#2a4a60f1-4db6-11f1-b47b-eeee0a95f40c.location-tracker-db-deployer#flowable-async-job-executor-thread-14149#
[PollExecuteTaskStatusExecution] d8f6db78-8920-425b-9739-2f3f31b01b5b [2026-05-12T03:55:04.997183] Disabling table replication for the container schema "9005752B873E4CD3A96797040AFE8DB5"... (STDOUT, APP/TASK/deploy)#
#2026 05 12 03:55:15.609#Z#DEBUG#2a4a60f1-4db6-11f1-b47b-eeee0a95f40c.location-tracker-db-deployer#flowable-async-job-executor-thread-14149#
[PollExecuteTaskStatusExecution] d8f6db78-8920-425b-9739-2f3f31b01b5b [2026-05-12T03:55:04.997294] Disabling table replication for the container schema "9005752B873E4CD3A96797040AFE8DB5"... ok (0s 15ms) (STDOUT, APP/TASK/deploy)#
#2026 05 12 03:55:15.609#Z#DEBUG#2a4a60f1-4db6-11f1-b47b-eeee0a95f40c.location-tracker-db-deployer#flowable-async-job-executor-thread-14149#
[PollExecuteTaskStatusExecution] d8f6db78-8920-425b-9739-2f3f31b01b5b [2026-05-12T03:55:04.997366] Migrating libraries... (STDOUT, APP/TASK/deploy)#
#2026 05 12 03:55:15.609#Z#DEBUG#2a4a60f1-4db6-11f1-b47b-eeee0a95f40c.location-tracker-db-deployer#flowable-async-job-executor-thread-14149#
[PollExecuteTaskStatusExecution] d8f6db78-8920-425b-9739-2f3f31b01b5b [2026-05-12T03:55:04.997438] Migrating libraries... ok (0s 15ms) (STDOUT, APP/TASK/deploy)#
#2026 05 12 03:55:15.609#Z#DEBUG#2a4a60f1-4db6-11f1-b47b-eeee0a95f40c.location-tracker-db-deployer#flowable-async-job-executor-thread-14149#
[PollExecuteTaskStatusExecution] d8f6db78-8920-425b-9739-2f3f31b01b5b [2026-05-12T03:55:04.997495] Making... (STDOUT, APP/TASK/deploy)#
#2026 05 12 03:55:15.609#Z#DEBUG#2a4a60f1-4db6-11f1-b47b-eeee0a95f40c.location-tracker-db-deployer#flowable-async-job-executor-thread-14149#
[PollExecuteTaskStatusExecution] d8f6db78-8920-425b-9739-2f3f31b01b5b [2026-05-12T03:55:04.997574] Preparing... (STDOUT, APP/TASK/deploy)#
#2026 05 12 03:55:15.609#Z#DEBUG#2a4a60f1-4db6-11f1-b47b-eeee0a95f40c.location-tracker-db-deployer#flowable-async-job-executor-thread-14149#
[PollExecuteTaskStatusExecution] d8f6db78-8920-425b-9739-2f3f31b01b5b [2026-05-12T03:55:04.997626] Preparing... ok (0s 0ms) (STDOUT, APP/TASK/deploy)#
#2026 05 12 03:55:15.609#Z#DEBUG#2a4a60f1-4db6-11f1-b47b-eeee0a95f40c.location-tracker-db-deployer#flowable-async-job-executor-thread-14149#
[PollExecuteTaskStatusExecution] d8f6db78-8920-425b-9739-2f3f31b01b5b [2026-05-12T03:55:04.997703] Preparing the make transaction... (STDOUT, APP/TASK/deploy)#
#2026 05 12 03:55:15.609#Z#DEBUG#2a4a60f1-4db6-11f1-b47b-eeee0a95f40c.location-tracker-db-deployer#flowable-async-job-executor-thread-14149#
[PollExecuteTaskStatusExecution] d8f6db78-8920-425b-9739-2f3f31b01b5b [2026-05-12T03:55:04.997755] Preparing the make transaction... ok (0s 9ms) (STDOUT, APP/TASK/deploy)#
#2026 05 12 03:55:15.609#Z#DEBUG#2a4a60f1-4db6-11f1-b47b-eeee0a95f40c.location-tracker-db-deployer#flowable-async-job-executor-thread-14149#
[PollExecuteTaskStatusExecution] d8f6db78-8920-425b-9739-2f3f31b01b5b [2026-05-12T03:55:04.997827] Calculating dependencies... (STDOUT, APP/TASK/deploy)#
#2026 05 12 03:55:15.609#Z#DEBUG#2a4a60f1-4db6-11f1-b47b-eeee0a95f40c.location-tracker-db-deployer#flowable-async-job-executor-thread-14149#
[PollExecuteTaskStatusExecution] d8f6db78-8920-425b-9739-2f3f31b01b5b [2026-05-12T03:55:04.997886] Expanding... (STDOUT, APP/TASK/deploy)#
#2026 05 12 03:55:15.609#Z#DEBUG#2a4a60f1-4db6-11f1-b47b-eeee0a95f40c.location-tracker-db-deployer#flowable-async-job-executor-thread-14149#
[PollExecuteTaskStatusExecution] d8f6db78-8920-425b-9739-2f3f31b01b5b [2026-05-12T03:55:04.997956] Expanding... ok (0s 12ms) (STDOUT, APP/TASK/deploy)#
#2026 05 12 03:55:15.609#Z#DEBUG#2a4a60f1-4db6-11f1-b47b-eeee0a95f40c.location-tracker-db-deployer#flowable-async-job-executor-thread-14149#
[PollExecuteTaskStatusExecution] d8f6db78-8920-425b-9739-2f3f31b01b5b [2026-05-12T03:55:04.998007] Precompiling... (STDOUT, APP/TASK/deploy)#
#2026 05 12 03:55:15.609#Z#DEBUG#2a4a60f1-4db6-11f1-b47b-eeee0a95f40c.location-tracker-db-deployer#flowable-async-job-executor-thread-14149#
[PollExecuteTaskStatusExecution] d8f6db78-8920-425b-9739-2f3f31b01b5b [2026-05-12T03:55:04.998081] Precompiling... ok (0s 0ms) (STDOUT, APP/TASK/deploy)#
#2026 05 12 03:55:15.609#Z#DEBUG#2a4a60f1-4db6-11f1-b47b-eeee0a95f40c.location-tracker-db-deployer#flowable-async-job-executor-thread-14149#
[PollExecuteTaskStatusExecution] d8f6db78-8920-425b-9739-2f3f31b01b5b [2026-05-12T03:55:04.998133] Merging... (STDOUT, APP/TASK/deploy)#
#2026 05 12 03:55:15.609#Z#DEBUG#2a4a60f1-4db6-11f1-b47b-eeee0a95f40c.location-tracker-db-deployer#flowable-async-job-executor-thread-14149#
[PollExecuteTaskStatusExecution] d8f6db78-8920-425b-9739-2f3f31b01b5b [2026-05-12T03:55:04.998202] Merging... ok (0s 0ms) (STDOUT, APP/TASK/deploy)#
#2026 05 12 03:55:15.609#Z#DEBUG#2a4a60f1-4db6-11f1-b47b-eeee0a95f40c.location-tracker-db-deployer#flowable-async-job-executor-thread-14149#
[PollExecuteTaskStatusExecution] d8f6db78-8920-425b-9739-2f3f31b01b5b [2026-05-12T03:55:04.998256] Calculating dependencies... ok (0s 12ms) (STDOUT, APP/TASK/deploy)#
#2026 05 12 03:55:15.609#Z#DEBUG#2a4a60f1-4db6-11f1-b47b-eeee0a95f40c.location-tracker-db-deployer#flowable-async-job-executor-thread-14149#
[PollExecuteTaskStatusExecution] d8f6db78-8920-425b-9739-2f3f31b01b5b [2026-05-12T03:55:04.998325] No make necessary (STDOUT, APP/TASK/deploy)#
#2026 05 12 03:55:15.609#Z#DEBUG#2a4a60f1-4db6-11f1-b47b-eeee0a95f40c.location-tracker-db-deployer#flowable-async-job-executor-thread-14149#
[PollExecuteTaskStatusExecution] d8f6db78-8920-425b-9739-2f3f31b01b5b [2026-05-12T03:55:04.998377] Making... ok (0s 97ms) (STDOUT, APP/TASK/deploy)#
#2026 05 12 03:55:15.609#Z#DEBUG#2a4a60f1-4db6-11f1-b47b-eeee0a95f40c.location-tracker-db-deployer#flowable-async-job-executor-thread-14149#
[PollExecuteTaskStatusExecution] d8f6db78-8920-425b-9739-2f3f31b01b5b [2026-05-12T03:55:04.998456] Enabling table replication for the container schema "9005752B873E4CD3A96797040AFE8DB5"... (STDOUT, APP/TASK/deploy)#
#2026 05 12 03:55:15.609#Z#DEBUG#2a4a60f1-4db6-11f1-b47b-eeee0a95f40c.location-tracker-db-deployer#flowable-async-job-executor-thread-14149#
[PollExecuteTaskStatusExecution] d8f6db78-8920-425b-9739-2f3f31b01b5b [2026-05-12T03:55:04.998511] Enabling table replication for the container schema "9005752B873E4CD3A96797040AFE8DB5"... ok (0s 13ms) (STDOUT, APP/TASK/deploy)#
#2026 05 12 03:55:15.609#Z#DEBUG#2a4a60f1-4db6-11f1-b47b-eeee0a95f40c.location-tracker-db-deployer#flowable-async-job-executor-thread-14149#
[PollExecuteTaskStatusExecution] d8f6db78-8920-425b-9739-2f3f31b01b5b [2026-05-12T03:55:04.998590] Starting make in the container "9005752B873E4CD3A96797040AFE8DB5" with 0 files to deploy, 0 files to undeploy... ok (0s 169ms) (STDOUT, APP/TASK/deploy)#
#2026 05 12 03:55:15.609#Z#DEBUG#2a4a60f1-4db6-11f1-b47b-eeee0a95f40c.location-tracker-db-deployer#flowable-async-job-executor-thread-14149#
[PollExecuteTaskStatusExecution] d8f6db78-8920-425b-9739-2f3f31b01b5b [2026-05-12T03:55:04.998642] Deploying to the container "9005752B873E4CD3A96797040AFE8DB5"... ok (0s 395ms) (STDOUT, APP/TASK/deploy)#
#2026 05 12 03:55:15.609#Z#DEBUG#2a4a60f1-4db6-11f1-b47b-eeee0a95f40c.location-tracker-db-deployer#flowable-async-job-executor-thread-14149#
[PollExecuteTaskStatusExecution] d8f6db78-8920-425b-9739-2f3f31b01b5b [2026-05-12T03:55:04.998831] No default-access-role handling needed; global role "9005752B873E4CD3A96797040AFE8DB5::access_role" will not be adapted (STDOUT, APP/TASK/deploy)#
#2026 05 12 03:55:15.609#Z#DEBUG#2a4a60f1-4db6-11f1-b47b-eeee0a95f40c.location-tracker-db-deployer#flowable-async-job-executor-thread-14149#
[PollExecuteTaskStatusExecution] d8f6db78-8920-425b-9739-2f3f31b01b5b [2026-05-12T03:55:04.998971] Unlocking the container "9005752B873E4CD3A96797040AFE8DB5"... (STDOUT, APP/TASK/deploy)#
#2026 05 12 03:55:15.609#Z#DEBUG#2a4a60f1-4db6-11f1-b47b-eeee0a95f40c.location-tracker-db-deployer#flowable-async-job-executor-thread-14149#
[PollExecuteTaskStatusExecution] d8f6db78-8920-425b-9739-2f3f31b01b5b [2026-05-12T03:55:04.999310] Unlocking the container "9005752B873E4CD3A96797040AFE8DB5"... ok (0s 0ms) (STDOUT, APP/TASK/deploy)#
#2026 05 12 03:55:15.609#Z#DEBUG#2a4a60f1-4db6-11f1-b47b-eeee0a95f40c.location-tracker-db-deployer#flowable-async-job-executor-thread-14149#
[PollExecuteTaskStatusExecution] d8f6db78-8920-425b-9739-2f3f31b01b5b [2026-05-12T03:55:04.999524] Deployment to container 9005752B873E4CD3A96797040AFE8DB5 done [Deployment ID: none]. (STDOUT, APP/TASK/deploy)#
#2026 05 12 03:55:15.609#Z#DEBUG#2a4a60f1-4db6-11f1-b47b-eeee0a95f40c.location-tracker-db-deployer#flowable-async-job-executor-thread-14149#
[PollExecuteTaskStatusExecution] d8f6db78-8920-425b-9739-2f3f31b01b5b [2026-05-12T03:55:05.000035] Deployment ended at 2026-05-12 03:55:04 (STDOUT, APP/TASK/deploy)#
#2026 05 12 03:55:15.609#Z#DEBUG#2a4a60f1-4db6-11f1-b47b-eeee0a95f40c.location-tracker-db-deployer#flowable-async-job-executor-thread-14149#
[PollExecuteTaskStatusExecution] d8f6db78-8920-425b-9739-2f3f31b01b5b [2026-05-12T03:55:05.000490] (2s 17ms) (STDOUT, APP/TASK/deploy)#
#2026 05 12 03:55:15.609#Z#DEBUG#2a4a60f1-4db6-11f1-b47b-eeee0a95f40c.location-tracker-db-deployer#flowable-async-job-executor-thread-14149#
[PollExecuteTaskStatusExecution] d8f6db78-8920-425b-9739-2f3f31b01b5b [2026-05-12T03:55:05.016921] npm notice (STDERR, APP/TASK/deploy)#
#2026 05 12 03:55:15.609#Z#DEBUG#2a4a60f1-4db6-11f1-b47b-eeee0a95f40c.location-tracker-db-deployer#flowable-async-job-executor-thread-14149#
[PollExecuteTaskStatusExecution] d8f6db78-8920-425b-9739-2f3f31b01b5b [2026-05-12T03:55:05.016940] npm notice New minor version of npm available! 11.6.2 -> 11.14.1 (STDERR, APP/TASK/deploy)#
#2026 05 12 03:55:15.609#Z#DEBUG#2a4a60f1-4db6-11f1-b47b-eeee0a95f40c.location-tracker-db-deployer#flowable-async-job-executor-thread-14149#
[PollExecuteTaskStatusExecution] d8f6db78-8920-425b-9739-2f3f31b01b5b [2026-05-12T03:55:05.016945] npm notice Changelog: https://github.com/npm/cli/releases/tag/v11.14.1 (STDERR, APP/TASK/deploy)#
#2026 05 12 03:55:15.609#Z#DEBUG#2a4a60f1-4db6-11f1-b47b-eeee0a95f40c.location-tracker-db-deployer#flowable-async-job-executor-thread-14149#
[PollExecuteTaskStatusExecution] d8f6db78-8920-425b-9739-2f3f31b01b5b [2026-05-12T03:55:05.016949] npm notice To update run: npm install -g npm@11.14.1 (STDERR, APP/TASK/deploy)#
#2026 05 12 03:55:15.609#Z#DEBUG#2a4a60f1-4db6-11f1-b47b-eeee0a95f40c.location-tracker-db-deployer#flowable-async-job-executor-thread-14149#
[PollExecuteTaskStatusExecution] d8f6db78-8920-425b-9739-2f3f31b01b5b [2026-05-12T03:55:05.016954] npm notice (STDERR, APP/TASK/deploy)#
#2026 05 12 03:55:15.609#Z#DEBUG#2a4a60f1-4db6-11f1-b47b-eeee0a95f40c.location-tracker-db-deployer#flowable-async-job-executor-thread-14149#
[PollExecuteTaskStatusExecution] d8f6db78-8920-425b-9739-2f3f31b01b5b [2026-05-12T03:55:05.097414] Exit status 0 (STDOUT, APP/TASK/deploy)#
#2026 05 12 03:55:15.609#Z#DEBUG#2a4a60f1-4db6-11f1-b47b-eeee0a95f40c.location-tracker-db-deployer#flowable-async-job-executor-thread-14149#
[PollExecuteTaskStatusExecution] d8f6db78-8920-425b-9739-2f3f31b01b5b [2026-05-12T03:55:06.319551] Cell 4401fcd0-006d-4ceb-9b51-aa22a1b186cf stopping instance a669717c-956d-4701-9ddc-f0eca33c8ed9 (STDOUT, CELL)#
#2026 05 12 03:55:15.609#Z#DEBUG#2a4a60f1-4db6-11f1-b47b-eeee0a95f40c.location-tracker-db-deployer#flowable-async-job-executor-thread-14149#
[PollExecuteTaskStatusExecution] d8f6db78-8920-425b-9739-2f3f31b01b5b [2026-05-12T03:55:06.319591] Cell 4401fcd0-006d-4ceb-9b51-aa22a1b186cf destroying container for instance a669717c-956d-4701-9ddc-f0eca33c8ed9 (STDOUT, CELL)#
#2026 05 12 03:55:15.609#Z#DEBUG#2a4a60f1-4db6-11f1-b47b-eeee0a95f40c.location-tracker-db-deployer#flowable-async-job-executor-thread-14149#
[PollExecuteTaskStatusExecution] d8f6db78-8920-425b-9739-2f3f31b01b5b [2026-05-12T03:55:09.724391] Cell 4401fcd0-006d-4ceb-9b51-aa22a1b186cf successfully destroyed container for instance a669717c-956d-4701-9ddc-f0eca33c8ed9 (STDOUT, CELL)#
