#2026 05 12 03:53:41.410#Z#INFO#2a4a60f1-4db6-11f1-b47b-eeee0a95f40c.OPERATION#http-nio-0.0.0.0-8080-exec-1#
[XS2StartProcessListener] Operation ID: 2a4a60f1-4db6-11f1-b47b-eeee0a95f40c#
#2026 05 12 03:53:41.455#Z#DEBUG#2a4a60f1-4db6-11f1-b47b-eeee0a95f40c.OPERATION#http-nio-0.0.0.0-8080-exec-1#
[XS2StartProcessListener] Process environment: {
  "SKIP_SSL_VALIDATION" : "false",
  "FLOWABLE_JOB_EXECUTOR_MAX_THREADS" : "32",
  "VERSION" : "2.44.3",
  "BASIC_AUTH_ENABLED" : "true",
  "FLOWABLE_JOB_EXECUTOR_QUEUE_CAPACITY" : "16",
  "FLOWABLE_JOB_EXECUTOR_CORE_THREADS" : "8"
}#
#2026 05 12 03:53:41.455#Z#DEBUG#2a4a60f1-4db6-11f1-b47b-eeee0a95f40c.OPERATION#http-nio-0.0.0.0-8080-exec-1#
[XS2StartProcessListener] Current user: anohita@infocusin.com#
#2026 05 12 03:53:41.455#Z#DEBUG#2a4a60f1-4db6-11f1-b47b-eeee0a95f40c.OPERATION#http-nio-0.0.0.0-8080-exec-1#
[XS2StartProcessListener] Client space: dev#
#2026 05 12 03:53:41.455#Z#DEBUG#2a4a60f1-4db6-11f1-b47b-eeee0a95f40c.OPERATION#http-nio-0.0.0.0-8080-exec-1#
[XS2StartProcessListener] Client organization: 8cdc8e79trial#
#2026 05 12 03:53:41.455#Z#INFO#2a4a60f1-4db6-11f1-b47b-eeee0a95f40c.OPERATION#http-nio-0.0.0.0-8080-exec-1#
[XS2StartProcessListener] Process variables: {
  "keepFiles" : false,
  "skipAppDigestCalculation" : false,
  "abortOnError" : false,
  "mtaId" : "location-tracker",
  "noFailOnMissingPermissions" : false,
  "isSecurityEnabled" : false,
  "apiRequestPath" : "https://deploy-service.cf.ap21.hana.ondemand.com/api/v1/spaces/27c06231-ae14-4b56-84fc-67ce3d72ceab/operations",
  "deleteServiceBrokers" : false,
  "appArchiveId" : "1264825a-2a32-4573-8b58-760bc007404c",
  "isDisposableUserProvidedServiceEnabled" : false,
  "deleteServiceKeys" : false,
  "noRestartSubscribedApps" : false,
  "noStart" : false,
  "deleteServices" : false
}#
#2026 05 12 03:53:41.541#Z#DEBUG#2a4a60f1-4db6-11f1-b47b-eeee0a95f40c.OPERATION#flowable-async-job-executor-thread-14077#
[ValidateDeployParametersStep] Executing task "validateParametersTask" of process "2a4a6117-4db6-11f1-b47b-eeee0a95f40c"...#
#2026 05 12 03:53:41.541#Z#DEBUG#2a4a60f1-4db6-11f1-b47b-eeee0a95f40c.OPERATION#flowable-async-job-executor-thread-14077#
[ValidateDeployParametersStep] Validating parameters...#
#2026 05 12 03:53:41.543#Z#INFO#2a4a60f1-4db6-11f1-b47b-eeee0a95f40c.OPERATION#flowable-async-job-executor-thread-14077#
[ValidateDeployParametersStep] Size of mtars is 7,380,717 and size of extension descriptors is 0#
#2026 05 12 03:53:41.575#Z#INFO#2a4a60f1-4db6-11f1-b47b-eeee0a95f40c.OPERATION#flowable-async-job-executor-thread-14077#
[ValidateDeployParametersStep] Archive was not split! Total size in bytes: 7,380,717#
#2026 05 12 03:53:41.575#Z#INFO#2a4a60f1-4db6-11f1-b47b-eeee0a95f40c.OPERATION#flowable-async-job-executor-thread-14077#
[ValidateDeployParametersStep] Deploying in org "8cdc8e79trial" and space "dev"#
#2026 05 12 03:53:41.587#Z#DEBUG#2a4a60f1-4db6-11f1-b47b-eeee0a95f40c.OPERATION#flowable-async-job-executor-thread-14077#
[ValidateDeployParametersStep] Parameters validated#
#2026 05 12 03:53:41.587#Z#DEBUG#2a4a60f1-4db6-11f1-b47b-eeee0a95f40c.OPERATION#flowable-async-job-executor-thread-14077#
Step "Validate Parameters" finished#
#2026 05 12 03:53:41.628#Z#DEBUG#2a4a60f1-4db6-11f1-b47b-eeee0a95f40c.OPERATION#flowable-async-job-executor-thread-14078#
[DeleteRemainingFileParts] Executing task "deleteRemainingFileParts" of process "2a4a6117-4db6-11f1-b47b-eeee0a95f40c"...#
#2026 05 12 03:53:41.629#Z#DEBUG#2a4a60f1-4db6-11f1-b47b-eeee0a95f40c.OPERATION#flowable-async-job-executor-thread-14078#
Step "Delete Remaining File Parts" finished#
#2026 05 12 03:53:41.684#Z#DEBUG#2a4a60f1-4db6-11f1-b47b-eeee0a95f40c.OPERATION#flowable-async-job-executor-thread-14079#
[XS2ProcessMtaArchiveStep] Executing task "processArchiveTask" of process "2a4a6117-4db6-11f1-b47b-eeee0a95f40c"...#
#2026 05 12 03:53:41.685#Z#DEBUG#2a4a60f1-4db6-11f1-b47b-eeee0a95f40c.OPERATION#flowable-async-job-executor-thread-14079#
[XS2ProcessMtaArchiveStep] Processing MTA archive...#
#2026 05 12 03:53:41.685#Z#DEBUG#2a4a60f1-4db6-11f1-b47b-eeee0a95f40c.OPERATION#flowable-async-job-executor-thread-14079#
[XS2ProcessMtaArchiveStep] MTA Archive ID: 1264825a-2a32-4573-8b58-760bc007404c#
#2026 05 12 03:53:42.011#Z#DEBUG#2a4a60f1-4db6-11f1-b47b-eeee0a95f40c.OPERATION#flowable-async-job-executor-thread-14079#
[XS2ProcessMtaArchiveStep] MTA Descriptor length: 1,975#
#2026 05 12 03:53:42.011#Z#DEBUG#2a4a60f1-4db6-11f1-b47b-eeee0a95f40c.OPERATION#flowable-async-job-executor-thread-14079#
[XS2ProcessMtaArchiveStep] MTA Archive Modules: [location-tracker-db-deployer, location-tracker-approuter, location-tracker-srv]#
#2026 05 12 03:53:42.011#Z#DEBUG#2a4a60f1-4db6-11f1-b47b-eeee0a95f40c.OPERATION#flowable-async-job-executor-thread-14079#
[XS2ProcessMtaArchiveStep] MTA Archive Requires: []#
#2026 05 12 03:53:42.011#Z#DEBUG#2a4a60f1-4db6-11f1-b47b-eeee0a95f40c.OPERATION#flowable-async-job-executor-thread-14079#
[XS2ProcessMtaArchiveStep] MTA Archive Resources: [location-tracker-auth]#
#2026 05 12 03:53:42.031#Z#DEBUG#2a4a60f1-4db6-11f1-b47b-eeee0a95f40c.OPERATION#flowable-async-job-executor-thread-14079#
[XS2ProcessMtaArchiveStep] MTA archive processed#
#2026 05 12 03:53:42.031#Z#DEBUG#2a4a60f1-4db6-11f1-b47b-eeee0a95f40c.OPERATION#flowable-async-job-executor-thread-14079#
Step "Process Archive" finished#
#2026 05 12 03:53:42.090#Z#DEBUG#2a4a60f1-4db6-11f1-b47b-eeee0a95f40c.OPERATION#flowable-async-job-executor-thread-14080#
[ProcessMtaExtensionDescriptorsStep] Executing task "processExtensionDescriptorsTask" of process "2a4a6117-4db6-11f1-b47b-eeee0a95f40c"...#
#2026 05 12 03:53:42.093#Z#DEBUG#2a4a60f1-4db6-11f1-b47b-eeee0a95f40c.OPERATION#flowable-async-job-executor-thread-14080#
[ProcessMtaExtensionDescriptorsStep] Processing MTA extension descriptors...#
#2026 05 12 03:53:42.093#Z#DEBUG#2a4a60f1-4db6-11f1-b47b-eeee0a95f40c.OPERATION#flowable-async-job-executor-thread-14080#
[ProcessMtaExtensionDescriptorsStep] Provided extension descriptors: [ ]#
#2026 05 12 03:53:42.093#Z#DEBUG#2a4a60f1-4db6-11f1-b47b-eeee0a95f40c.OPERATION#flowable-async-job-executor-thread-14080#
[ProcessMtaExtensionDescriptorsStep] No extension descriptors in use#
#2026 05 12 03:53:42.093#Z#DEBUG#2a4a60f1-4db6-11f1-b47b-eeee0a95f40c.OPERATION#flowable-async-job-executor-thread-14080#
[ProcessMtaExtensionDescriptorsStep] MTA extension descriptors processed#
#2026 05 12 03:53:42.093#Z#DEBUG#2a4a60f1-4db6-11f1-b47b-eeee0a95f40c.OPERATION#flowable-async-job-executor-thread-14080#
Step "Process Extension Descriptors" finished#
#2026 05 12 03:53:42.129#Z#DEBUG#2a4a60f1-4db6-11f1-b47b-eeee0a95f40c.OPERATION#flowable-async-job-executor-thread-14081#
[XS2DetectMtaSchemaVersionStep] Executing task "detectSchemaVersionTask" of process "2a4a6117-4db6-11f1-b47b-eeee0a95f40c"...#
#2026 05 12 03:53:42.130#Z#DEBUG#2a4a60f1-4db6-11f1-b47b-eeee0a95f40c.OPERATION#flowable-async-job-executor-thread-14081#
[XS2DetectMtaSchemaVersionStep] Detecting MTA major schema version...#
#2026 05 12 03:53:42.131#Z#INFO#2a4a60f1-4db6-11f1-b47b-eeee0a95f40c.OPERATION#flowable-async-job-executor-thread-14081#
[XS2DetectMtaSchemaVersionStep] Detected MTA schema version: "3"#
#2026 05 12 03:53:42.141#Z#DEBUG#2a4a60f1-4db6-11f1-b47b-eeee0a95f40c.OPERATION#flowable-async-job-executor-thread-14081#
Step "Detect Schema Version" finished#
#2026 05 12 03:53:42.178#Z#DEBUG#2a4a60f1-4db6-11f1-b47b-eeee0a95f40c.OPERATION#flowable-async-job-executor-thread-14082#
[MergeDescriptorsStep] Executing task "mergeDescriptorsTask" of process "2a4a6117-4db6-11f1-b47b-eeee0a95f40c"...#
#2026 05 12 03:53:42.179#Z#DEBUG#2a4a60f1-4db6-11f1-b47b-eeee0a95f40c.OPERATION#flowable-async-job-executor-thread-14082#
[MergeDescriptorsStep] Validating and merging descriptors...#
#2026 05 12 03:53:42.181#Z#DEBUG#2a4a60f1-4db6-11f1-b47b-eeee0a95f40c.OPERATION#flowable-async-job-executor-thread-14082#
[MergeDescriptorsStep] Merged deployment descriptor: {
  "majorSchemaVersion" : 3,
  "schemaVersion" : "3.3.0",
  "id" : "location-tracker",
  "version" : "1.0.0",
  "modules" : [ {
    "majorSchemaVersion" : 3,
    "name" : "location-tracker-srv",
    "type" : "javascript.nodejs",
    "path" : "location-tracker-srv",
    "properties" : { },
    "parameters" : {
      "buildpack" : "nodejs_buildpack",
      "instances" : 1
    },
    "requiredDependencies" : [ {
      "majorSchemaVersion" : 3,
      "name" : "********",
      "properties" : { },
      "parameters" : { },
      "propertiesMetadata" : {
        "metadata" : { }
      },
      "parametersMetadata" : {
        "metadata" : { }
      }
    }, {
      "majorSchemaVersion" : 3,
      "name" : "location-tracker-db",
      "properties" : { },
      "parameters" : { },
      "propertiesMetadata" : {
        "metadata" : { }
      },
      "parametersMetadata" : {
        "metadata" : { }
      }
    } ],
    "providedDependencies" : [ {
      "majorSchemaVersion" : 3,
      "name" : "srv-api",
      "isPublic" : false,
      "properties" : {
        "srv-url" : "${default-url}"
      },
      "parameters" : { },
      "propertiesMetadata" : {
        "metadata" : { }
      },
      "parametersMetadata" : {
        "metadata" : { }
      }
    }, {
      "majorSchemaVersion" : 3,
      "name" : "location-tracker-srv",
      "isPublic" : false,
      "properties" : { },
      "parameters" : { },
      "propertiesMetadata" : {
        "metadata" : { }
      },
      "parametersMetadata" : {
        "metadata" : { }
      }
    } ],
    "propertiesMetadata" : {
      "metadata" : { }
    },
    "parametersMetadata" : {
      "metadata" : { }
    },
    "hooks" : [ ]
  }, {
    "majorSchemaVersion" : 3,
    "name" : "location-tracker-db-deployer",
    "type" : "com.sap.xs.hdi",
    "path" : "location-tracker-db-deployer",
    "properties" : {
      "EXIT" : 1
    },
    "parameters" : {
      "memory" : "256M",
      "buildpack" : "nodejs_buildpack",
      "no-route" : true,
      "dependency-type" : "hard",
      "tasks" : [ {
        "name" : "deploy",
        "memory" : "256M",
        "command" : "npm start"
      } ],
      "no-start" : true
    },
    "requiredDependencies" : [ {
      "majorSchemaVersion" : 3,
      "name" : "location-tracker-db",
      "properties" : { },
      "parameters" : { },
      "propertiesMetadata" : {
        "metadata" : { }
      },
      "parametersMetadata" : {
        "metadata" : { }
      }
    } ],
    "providedDependencies" : [ {
      "majorSchemaVersion" : 3,
      "name" : "location-tracker-db-deployer",
      "isPublic" : false,
      "properties" : { },
      "parameters" : { },
      "propertiesMetadata" : {
        "metadata" : { }
      },
      "parametersMetadata" : {
        "metadata" : { }
      }
    } ],
    "propertiesMetadata" : {
      "metadata" : { }
    },
    "parametersMetadata" : {
      "metadata" : { }
    },
    "hooks" : [ ]
  }, {
    "majorSchemaVersion" : 3,
    "name" : "location-tracker-approuter",
    "type" : "javascript.nodejs",
    "path" : "location-tracker-approuter",
    "properties" : { },
    "parameters" : {
      "buildpack" : "nodejs_buildpack",
      "keep-existing-routes" : true,
      "instances" : 1
    },
    "requiredDependencies" : [ {
      "majorSchemaVersion" : 3,
      "name" : "********",
      "properties" : { },
      "parameters" : { },
      "propertiesMetadata" : {
        "metadata" : { }
      },
      "parametersMetadata" : {
        "metadata" : { }
      }
    }, {
      "majorSchemaVersion" : 3,
      "name" : "srv-api",
      "group" : "destinations",
      "properties" : {
        "name" : "srv-api",
        "forwardAuthToken" : "********",
        "url" : "~{srv-url}"
      },
      "parameters" : { },
      "propertiesMetadata" : {
        "metadata" : { }
      },
      "parametersMetadata" : {
        "metadata" : { }
      }
    } ],
    "providedDependencies" : [ {
      "majorSchemaVersion" : 3,
      "name" : "location-tracker-approuter",
      "isPublic" : false,
      "properties" : { },
      "parameters" : { },
      "propertiesMetadata" : {
        "metadata" : { }
      },
      "parametersMetadata" : {
        "metadata" : { }
      }
    } ],
    "propertiesMetadata" : {
      "metadata" : { }
    },
    "parametersMetadata" : {
      "metadata" : { }
    },
    "hooks" : [ ]
  } ],
  "resources" : [ {
    "majorSchemaVersion" : 3,
    "name" : "********",
    "type" : "org.cloudfoundry.managed-service",
    "properties" : { },
    "parameters" : {
      "path" : "./xs-security.json",
      "service-plan" : "application",
      "type" : "managed-service",
      "config" : {
        "oauth2-configuration" : "********",
        "role-collections" : [ {
          "description" : "generated",
          "name" : "FleetAdmin (location-tracker ${org}-${space})",
          "role-template-references" : [ "$XSAPPNAME.FleetAdmin" ]
        }, {
          "description" : "generated",
          "name" : "Driver (location-tracker ${org}-${space})",
          "role-template-references" : [ "$XSAPPNAME.Driver" ]
        } ],
        "tenant-mode" : "dedicated",
        "xsappname" : "location-tracker-${org}-${space}"
      },
      "service" : "xsuaa"
    },
    "isActive" : true,
    "isOptional" : false,
    "propertiesMetadata" : {
      "metadata" : { }
    },
    "parametersMetadata" : {
      "metadata" : { }
    },
    "requiredDependencies" : [ ],
    "processedAfter" : [ ]
  }, {
    "majorSchemaVersion" : 3,
    "name" : "location-tracker-db",
    "type" : "com.sap.xs.hdi-container",
    "properties" : { },
    "parameters" : {
      "type" : "managed-service",
      "service" : "hana",
      "service-plan" : "hdi-shared"
    },
    "isActive" : true,
    "isOptional" : false,
    "propertiesMetadata" : {
      "metadata" : { }
    },
    "parametersMetadata" : {
      "metadata" : { }
    },
    "requiredDependencies" : [ ],
    "processedAfter" : [ ]
  } ],
  "parameters" : {
    "enable-parallel-deployments" : true
  },
  "parametersMetadata" : {
    "metadata" : { }
  }
}#
#2026 05 12 03:53:42.183#Z#DEBUG#2a4a60f1-4db6-11f1-b47b-eeee0a95f40c.OPERATION#flowable-async-job-executor-thread-14082#
[MergeDescriptorsStep] Descriptors validated and merged#
#2026 05 12 03:53:42.183#Z#DEBUG#2a4a60f1-4db6-11f1-b47b-eeee0a95f40c.OPERATION#flowable-async-job-executor-thread-14082#
Step "Merge Descriptors" finished#
#2026 05 12 03:53:42.229#Z#DEBUG#2a4a60f1-4db6-11f1-b47b-eeee0a95f40c.OPERATION#flowable-async-job-executor-thread-14083#
[DetectDeployedMtaStep] Executing task "detectDeployedMtaTask" of process "2a4a6117-4db6-11f1-b47b-eeee0a95f40c"...#
#2026 05 12 03:53:42.230#Z#DEBUG#2a4a60f1-4db6-11f1-b47b-eeee0a95f40c.OPERATION#flowable-async-job-executor-thread-14083#
[DetectDeployedMtaStep] Detecting deployed MTA...#
#2026 05 12 03:53:42.302#Z#DEBUG#2a4a60f1-4db6-11f1-b47b-eeee0a95f40c.OPERATION#flowable-async-job-executor-thread-14083#
[DetectDeployedMtaStep] Detecting MTA by id location-tracker and namespace null#
#2026 05 12 03:53:42.302#Z#DEBUG#2a4a60f1-4db6-11f1-b47b-eeee0a95f40c.OPERATION#flowable-async-job-executor-thread-14083#
[DetectDeployedMtaStep] Getting applications by metadata label selector "mta_id=06e2424f9bcf514929555d1b5eb3846d,!mta_namespace"...#
#2026 05 12 03:53:42.366#Z#DEBUG#2a4a60f1-4db6-11f1-b47b-eeee0a95f40c.OPERATION#flowable-async-job-executor-thread-14083#
[DetectDeployedMtaStep] Getting service instances by metadata label selector "mta_id=06e2424f9bcf514929555d1b5eb3846d,!mta_namespace"...#
#2026 05 12 03:53:42.491#Z#DEBUG#2a4a60f1-4db6-11f1-b47b-eeee0a95f40c.OPERATION#flowable-async-job-executor-thread-14083#
[DetectDeployedMtaStep] Deployed MTA: {
  "metadata" : {
    "id" : "location-tracker",
    "version" : "1.0.0"
  },
  "applications" : [ {
    "name" : "location-tracker-db-deployer",
    "metadata" : {
      "guid" : "d8f6db78-8920-425b-9739-2f3f31b01b5b",
      "createdAt" : [ 2026, 5, 4, 5, 51, 4 ],
      "updatedAt" : [ 2026, 5, 12, 3, 46, 54 ]
    },
    "v3Metadata" : {
      "annotations" : {
        "mta_id" : "location-tracker",
        "mta_version" : "1.0.0",
        "mta_module" : "{\"name\":\"location-tracker-db-deployer\"}",
        "mta_module_provided_dependencies" : "[]",
        "mta_bound_services" : "[\"location-tracker-db\"]"
      },
      "labels" : {
        "mta_id" : "06e2424f9bcf514929555d1b5eb3846d"
      }
    },
    "state" : "STOPPED",
    "lifecycle" : {
      "type" : "BUILDPACK",
      "data" : {
        "buildpacks" : [ "nodejs_buildpack" ],
        "stack" : "cflinuxfs4"
      }
    },
    "space" : {
      "name" : "dev",
      "metadata" : {
        "guid" : "27c06231-ae14-4b56-84fc-67ce3d72ceab",
        "createdAt" : [ 2026, 4, 18, 3, 0, 23 ],
        "updatedAt" : [ 2026, 4, 18, 3, 0, 23 ]
      },
      "organization" : {
        "name" : "8cdc8e79trial",
        "metadata" : {
          "guid" : "e798cb16-a193-4ee4-a228-ba147135aa22",
          "createdAt" : [ 2026, 4, 18, 3, 0, 22 ],
          "updatedAt" : [ 2026, 4, 18, 3, 0, 22 ]
        }
      }
    },
    "moduleName" : "location-tracker-db-deployer",
    "boundMtaServices" : [ "location-tracker-db" ],
    "providedDependencyNames" : [ ],
    "productizationState" : "LIVE"
  }, {
    "name" : "location-tracker-srv",
    "metadata" : {
      "guid" : "89df08ac-9c69-404a-9ee2-4d34f41e6d70",
      "createdAt" : [ 2026, 5, 4, 5, 51, 5 ],
      "updatedAt" : [ 2026, 5, 12, 3, 47, 34 ]
    },
    "v3Metadata" : {
      "annotations" : {
        "mta_id" : "location-tracker",
        "mta_version" : "1.0.0",
        "mta_module" : "{\"name\":\"location-tracker-srv\"}",
        "mta_module_provided_dependencies" : "[]",
        "mta_bound_services" : "********"
      },
      "labels" : {
        "mta_id" : "06e2424f9bcf514929555d1b5eb3846d"
      }
    },
    "state" : "STARTED",
    "lifecycle" : {
      "type" : "BUILDPACK",
      "data" : {
        "buildpacks" : [ "nodejs_buildpack" ],
        "stack" : "cflinuxfs4"
      }
    },
    "space" : {
      "name" : "dev",
      "metadata" : {
        "guid" : "27c06231-ae14-4b56-84fc-67ce3d72ceab",
        "createdAt" : [ 2026, 4, 18, 3, 0, 23 ],
        "updatedAt" : [ 2026, 4, 18, 3, 0, 23 ]
      },
      "organization" : {
        "name" : "8cdc8e79trial",
        "metadata" : {
          "guid" : "e798cb16-a193-4ee4-a228-ba147135aa22",
          "createdAt" : [ 2026, 4, 18, 3, 0, 22 ],
          "updatedAt" : [ 2026, 4, 18, 3, 0, 22 ]
        }
      }
    },
    "moduleName" : "location-tracker-srv",
    "boundMtaServices" : [ "********", "location-tracker-db" ],
    "providedDependencyNames" : [ ],
    "productizationState" : "LIVE"
  }, {
    "name" : "location-tracker-approuter",
    "metadata" : {
      "guid" : "33b337aa-3f96-4a05-9a6c-5fe500e4f2a3",
      "createdAt" : [ 2026, 5, 4, 7, 42, 51 ],
      "updatedAt" : [ 2026, 5, 12, 3, 47, 4 ]
    },
    "v3Metadata" : {
      "annotations" : {
        "mta_id" : "location-tracker",
        "mta_version" : "1.0.0",
        "mta_module" : "{\"name\":\"location-tracker-approuter\"}",
        "mta_module_provided_dependencies" : "[]",
        "mta_bound_services" : "********"
      },
      "labels" : {
        "mta_id" : "06e2424f9bcf514929555d1b5eb3846d"
      }
    },
    "state" : "STARTED",
    "lifecycle" : {
      "type" : "BUILDPACK",
      "data" : {
        "buildpacks" : [ "nodejs_buildpack" ],
        "stack" : "cflinuxfs4"
      }
    },
    "space" : {
      "name" : "dev",
      "metadata" : {
        "guid" : "27c06231-ae14-4b56-84fc-67ce3d72ceab",
        "createdAt" : [ 2026, 4, 18, 3, 0, 23 ],
        "updatedAt" : [ 2026, 4, 18, 3, 0, 23 ]
      },
      "organization" : {
        "name" : "8cdc8e79trial",
        "metadata" : {
          "guid" : "e798cb16-a193-4ee4-a228-ba147135aa22",
          "createdAt" : [ 2026, 4, 18, 3, 0, 22 ],
          "updatedAt" : [ 2026, 4, 18, 3, 0, 22 ]
        }
      }
    },
    "moduleName" : "location-tracker-approuter",
    "boundMtaServices" : [ "********" ],
    "providedDependencyNames" : [ ],
    "productizationState" : "LIVE"
  } ],
  "services" : [ {
    "name" : "location-tracker-db",
    "metadata" : {
      "guid" : "9f1db384-76f3-4e65-9e84-c50afac5bdd2",
      "createdAt" : [ 2026, 4, 21, 16, 25, 34 ],
      "updatedAt" : [ 2026, 5, 4, 5, 50, 44 ]
    },
    "v3Metadata" : {
      "annotations" : {
        "mta_id" : "location-tracker",
        "mta_version" : "1.0.0",
        "mta_resource" : "{\"name\":\"location-tracker-db\"}"
      },
      "labels" : {
        "mta_id" : "06e2424f9bcf514929555d1b5eb3846d"
      }
    },
    "label" : "hana",
    "plan" : "hdi-shared",
    "credentials" : "********",
    "tags" : [ ],
    "type" : "managed",
    "lastOperation" : {
      "type" : "UPDATE",
      "state" : "SUCCEEDED"
    },
    "resourceName" : "location-tracker-db"
  }, {
    "name" : "********",
    "metadata" : {
      "guid" : "f65f8b02-5dca-4437-a03d-a9b5f4b53153",
      "createdAt" : [ 2026, 5, 4, 5, 50, 44 ],
      "updatedAt" : [ 2026, 5, 4, 5, 50, 45 ]
    },
    "v3Metadata" : {
      "annotations" : {
        "mta_id" : "location-tracker",
        "mta_version" : "1.0.0",
        "mta_resource" : "********"
      },
      "labels" : {
        "mta_id" : "06e2424f9bcf514929555d1b5eb3846d"
      }
    },
    "label" : "xsuaa",
    "plan" : "application",
    "credentials" : "********",
    "tags" : [ ],
    "type" : "managed",
    "lastOperation" : {
      "type" : "UPDATE",
      "description" : "",
      "state" : "SUCCEEDED"
    },
    "resourceName" : "********"
  } ]
}#
#2026 05 12 03:53:42.491#Z#INFO#2a4a60f1-4db6-11f1-b47b-eeee0a95f40c.OPERATION#flowable-async-job-executor-thread-14083#
[DetectDeployedMtaStep] Detected deployed MTA with ID "location-tracker" and version "1.0.0"#
#2026 05 12 03:53:42.502#Z#DEBUG#2a4a60f1-4db6-11f1-b47b-eeee0a95f40c.OPERATION#flowable-async-job-executor-thread-14083#
[DetectDeployedMtaStep] Detecting backup mta by id "location-tracker" and namespace "null"#
#2026 05 12 03:53:42.502#Z#DEBUG#2a4a60f1-4db6-11f1-b47b-eeee0a95f40c.OPERATION#flowable-async-job-executor-thread-14083#
[DetectDeployedMtaStep] Getting applications by metadata label selector "mta_id=06e2424f9bcf514929555d1b5eb3846d,mta_namespace=b698114a0995e936895b9598a6c19a2c"...#
#2026 05 12 03:53:42.540#Z#DEBUG#2a4a60f1-4db6-11f1-b47b-eeee0a95f40c.OPERATION#flowable-async-job-executor-thread-14083#
[DetectDeployedMtaStep] Getting service instances by metadata label selector "mta_id=06e2424f9bcf514929555d1b5eb3846d,mta_namespace=b698114a0995e936895b9598a6c19a2c"...#
#2026 05 12 03:53:42.626#Z#DEBUG#2a4a60f1-4db6-11f1-b47b-eeee0a95f40c.OPERATION#flowable-async-job-executor-thread-14083#
[DetectDeployedMtaStep] Deployed MTA service keys: [ ]#
#2026 05 12 03:53:42.626#Z#DEBUG#2a4a60f1-4db6-11f1-b47b-eeee0a95f40c.OPERATION#flowable-async-job-executor-thread-14083#
Step "Detect Deployed MTA" finished#
#2026 05 12 03:53:42.663#Z#DEBUG#2a4a60f1-4db6-11f1-b47b-eeee0a95f40c.OPERATION#flowable-async-job-executor-thread-14084#
[XS2CollectSystemParametersStep] Executing task "collectSystemParametersTask" of process "2a4a6117-4db6-11f1-b47b-eeee0a95f40c"...#
#2026 05 12 03:53:42.664#Z#DEBUG#2a4a60f1-4db6-11f1-b47b-eeee0a95f40c.OPERATION#flowable-async-job-executor-thread-14084#
[XS2CollectSystemParametersStep] Collecting system parameters...#
#2026 05 12 03:53:42.664#Z#DEBUG#2a4a60f1-4db6-11f1-b47b-eeee0a95f40c.OPERATION#flowable-async-job-executor-thread-14084#
[XS2CollectSystemParametersStep] Getting default domain...#
#2026 05 12 03:53:42.717#Z#DEBUG#2a4a60f1-4db6-11f1-b47b-eeee0a95f40c.OPERATION#flowable-async-job-executor-thread-14084#
[XS2CollectSystemParametersStep] Default domain: cfapps.ap21.hana.ondemand.com#
#2026 05 12 03:53:42.719#Z#DEBUG#2a4a60f1-4db6-11f1-b47b-eeee0a95f40c.OPERATION#flowable-async-job-executor-thread-14084#
[XS2CollectSystemParametersStep] Checking for overwriting read-only parameters for mta with id: "location-tracker"#
#2026 05 12 03:53:42.719#Z#DEBUG#2a4a60f1-4db6-11f1-b47b-eeee0a95f40c.OPERATION#flowable-async-job-executor-thread-14084#
[XS2CollectSystemParametersStep] No read-only parameters are overwritten#
#2026 05 12 03:53:42.734#Z#DEBUG#2a4a60f1-4db6-11f1-b47b-eeee0a95f40c.OPERATION#flowable-async-job-executor-thread-14084#
[XS2CollectSystemParametersStep] Descriptor with system parameters: {
  "majorSchemaVersion" : 3,
  "schemaVersion" : "3.3.0",
  "id" : "location-tracker",
  "version" : "1.0.0",
  "modules" : [ {
    "majorSchemaVersion" : 3,
    "name" : "location-tracker-srv",
    "type" : "javascript.nodejs",
    "path" : "location-tracker-srv",
    "properties" : { },
    "parameters" : {
      "default-url" : "${protocol}://${default-uri}",
      "default-app-name" : "location-tracker-srv",
      "generated-password" : "********",
      "default-live-url" : "${protocol}://${default-live-uri}",
      "default-uri" : "${host}.${domain}",
      "default-instances" : 1,
      "default-live-host" : "8cdc8e79trial-dev-location-tracker-srv",
      "instances" : 1,
      "buildpack" : "nodejs_buildpack",
      "default-host" : "8cdc8e79trial-dev-location-tracker-srv",
      "app-name" : "${default-app-name}",
      "default-live-uri" : "8cdc8e79trial-dev-location-tracker-srv.${domain}",
      "protocol" : "https",
      "default-live-app-name" : "location-tracker-srv",
      "default-live-domain" : "cfapps.ap21.hana.ondemand.com",
      "domain" : "${default-domain}",
      "host" : "${default-host}",
      "generated-user" : "********"
    },
    "requiredDependencies" : [ {
      "majorSchemaVersion" : 3,
      "name" : "********",
      "properties" : { },
      "parameters" : { },
      "propertiesMetadata" : {
        "metadata" : { }
      },
      "parametersMetadata" : {
        "metadata" : { }
      }
    }, {
      "majorSchemaVersion" : 3,
      "name" : "location-tracker-db",
      "properties" : { },
      "parameters" : { },
      "propertiesMetadata" : {
        "metadata" : { }
      },
      "parametersMetadata" : {
        "metadata" : { }
      }
    } ],
    "providedDependencies" : [ {
      "majorSchemaVersion" : 3,
      "name" : "srv-api",
      "isPublic" : false,
      "properties" : {
        "srv-url" : "${default-url}"
      },
      "parameters" : { },
      "propertiesMetadata" : {
        "metadata" : { }
      },
      "parametersMetadata" : {
        "metadata" : { }
      }
    }, {
      "majorSchemaVersion" : 3,
      "name" : "location-tracker-srv",
      "isPublic" : false,
      "properties" : { },
      "parameters" : { },
      "propertiesMetadata" : {
        "metadata" : { }
      },
      "parametersMetadata" : {
        "metadata" : { }
      }
    } ],
    "propertiesMetadata" : {
      "metadata" : { }
    },
    "parametersMetadata" : {
      "metadata" : { }
    },
    "hooks" : [ ]
  }, {
    "majorSchemaVersion" : 3,
    "name" : "location-tracker-db-deployer",
    "type" : "com.sap.xs.hdi",
    "path" : "location-tracker-db-deployer",
    "properties" : {
      "EXIT" : 1
    },
    "parameters" : {
      "default-url" : "${protocol}://${default-uri}",
      "default-app-name" : "location-tracker-db-deployer",
      "generated-password" : "********",
      "default-live-url" : "${protocol}://${default-live-uri}",
      "default-uri" : "${host}.${domain}",
      "memory" : "256M",
      "default-instances" : 1,
      "no-route" : true,
      "default-live-host" : "8cdc8e79trial-dev-location-tracker-db-deployer",
      "instances" : "${default-instances}",
      "buildpack" : "nodejs_buildpack",
      "default-host" : "8cdc8e79trial-dev-location-tracker-db-deployer",
      "app-name" : "${default-app-name}",
      "default-live-uri" : "8cdc8e79trial-dev-location-tracker-db-deployer.${domain}",
      "protocol" : "https",
      "default-live-app-name" : "location-tracker-db-deployer",
      "default-live-domain" : "cfapps.ap21.hana.ondemand.com",
      "dependency-type" : "hard",
      "domain" : "${default-domain}",
      "host" : "${default-host}",
      "generated-user" : "********",
      "tasks" : [ {
        "name" : "deploy",
        "memory" : "256M",
        "command" : "npm start"
      } ],
      "no-start" : true
    },
    "requiredDependencies" : [ {
      "majorSchemaVersion" : 3,
      "name" : "location-tracker-db",
      "properties" : { },
      "parameters" : { },
      "propertiesMetadata" : {
        "metadata" : { }
      },
      "parametersMetadata" : {
        "metadata" : { }
      }
    } ],
    "providedDependencies" : [ {
      "majorSchemaVersion" : 3,
      "name" : "location-tracker-db-deployer",
      "isPublic" : false,
      "properties" : { },
      "parameters" : { },
      "propertiesMetadata" : {
        "metadata" : { }
      },
      "parametersMetadata" : {
        "metadata" : { }
      }
    } ],
    "propertiesMetadata" : {
      "metadata" : { }
    },
    "parametersMetadata" : {
      "metadata" : { }
    },
    "hooks" : [ ]
  }, {
    "majorSchemaVersion" : 3,
    "name" : "location-tracker-approuter",
    "type" : "javascript.nodejs",
    "path" : "location-tracker-approuter",
    "properties" : { },
    "parameters" : {
      "default-url" : "${protocol}://${default-uri}",
      "default-app-name" : "location-tracker-approuter",
      "generated-password" : "********",
      "default-live-url" : "${protocol}://${default-live-uri}",
      "default-uri" : "${host}.${domain}",
      "default-instances" : 1,
      "default-live-host" : "8cdc8e79trial-dev-location-tracker-approuter",
      "instances" : 1,
      "buildpack" : "nodejs_buildpack",
      "default-host" : "8cdc8e79trial-dev-location-tracker-approuter",
      "keep-existing-routes" : true,
      "app-name" : "${default-app-name}",
      "default-live-uri" : "8cdc8e79trial-dev-location-tracker-approuter.${domain}",
      "protocol" : "https",
      "default-live-app-name" : "location-tracker-approuter",
      "default-live-domain" : "cfapps.ap21.hana.ondemand.com",
      "domain" : "${default-domain}",
      "host" : "${default-host}",
      "generated-user" : "********"
    },
    "requiredDependencies" : [ {
      "majorSchemaVersion" : 3,
      "name" : "********",
      "properties" : { },
      "parameters" : { },
      "propertiesMetadata" : {
        "metadata" : { }
      },
      "parametersMetadata" : {
        "metadata" : { }
      }
    }, {
      "majorSchemaVersion" : 3,
      "name" : "srv-api",
      "group" : "destinations",
      "properties" : {
        "name" : "srv-api",
        "forwardAuthToken" : "********",
        "url" : "~{srv-url}"
      },
      "parameters" : { },
      "propertiesMetadata" : {
        "metadata" : { }
      },
      "parametersMetadata" : {
        "metadata" : { }
      }
    } ],
    "providedDependencies" : [ {
      "majorSchemaVersion" : 3,
      "name" : "location-tracker-approuter",
      "isPublic" : false,
      "properties" : { },
      "parameters" : { },
      "propertiesMetadata" : {
        "metadata" : { }
      },
      "parametersMetadata" : {
        "metadata" : { }
      }
    } ],
    "propertiesMetadata" : {
      "metadata" : { }
    },
    "parametersMetadata" : {
      "metadata" : { }
    },
    "hooks" : [ ]
  } ],
  "resources" : [ {
    "majorSchemaVersion" : 3,
    "name" : "********",
    "type" : "org.cloudfoundry.managed-service",
    "properties" : { },
    "parameters" : {
      "generated-password" : "********",
      "path" : "./xs-security.json",
      "service-name" : "${default-service-name}",
      "service-plan" : "application",
      "service" : "xsuaa",
      "generated-user" : "********",
      "default-xsappname" : "********",
      "type" : "managed-service",
      "config" : {
        "oauth2-configuration" : "********",
        "role-collections" : [ {
          "description" : "generated",
          "name" : "FleetAdmin (location-tracker ${org}-${space})",
          "role-template-references" : [ "$XSAPPNAME.FleetAdmin" ]
        }, {
          "description" : "generated",
          "name" : "Driver (location-tracker ${org}-${space})",
          "role-template-references" : [ "$XSAPPNAME.Driver" ]
        } ],
        "tenant-mode" : "dedicated",
        "xsappname" : "location-tracker-${org}-${space}"
      },
      "default-service-name" : "********",
      "default-container-name" : "********"
    },
    "isActive" : true,
    "isOptional" : false,
    "propertiesMetadata" : {
      "metadata" : { }
    },
    "parametersMetadata" : {
      "metadata" : { }
    },
    "requiredDependencies" : [ ],
    "processedAfter" : [ ]
  }, {
    "majorSchemaVersion" : 3,
    "name" : "location-tracker-db",
    "type" : "com.sap.xs.hdi-container",
    "properties" : { },
    "parameters" : {
      "generated-password" : "********",
      "service-name" : "${default-service-name}",
      "service-plan" : "hdi-shared",
      "service" : "hana",
      "generated-user" : "********",
      "default-xsappname" : "location-tracker-db",
      "type" : "managed-service",
      "default-service-name" : "location-tracker-db",
      "default-container-name" : "8CDC8E79TRIAL_DEV_LOCATION_TRACKER_DB"
    },
    "isActive" : true,
    "isOptional" : false,
    "propertiesMetadata" : {
      "metadata" : { }
    },
    "parametersMetadata" : {
      "metadata" : { }
    },
    "requiredDependencies" : [ ],
    "processedAfter" : [ ]
  } ],
  "parameters" : {
    "mta-id" : "location-tracker",
    "authorization-url" : "********",
    "org-guid" : "e798cb16-a193-4ee4-a228-ba147135aa22",
    "org" : "8cdc8e79trial",
    "deploy-target" : "8cdc8e79trial dev",
    "enable-parallel-deployments" : true,
    "space" : "dev",
    "xs-api-url" : "https://api.cf.ap21.hana.ondemand.com",
    "deploy-url" : "deploy-service.cfapps.ap21.hana.ondemand.com",
    "xs-type" : "CF",
    "default-domain" : "cfapps.ap21.hana.ondemand.com",
    "mta-version" : "1.0.0",
    "xs-auth-url" : "********",
    "space-guid" : "27c06231-ae14-4b56-84fc-67ce3d72ceab",
    "user" : "********",
    "controller-url" : "https://api.cf.ap21.hana.ondemand.com",
    "timestamp" : "20260512035341"
  },
  "parametersMetadata" : {
    "metadata" : { }
  }
}#
#2026 05 12 03:53:42.736#Z#DEBUG#2a4a60f1-4db6-11f1-b47b-eeee0a95f40c.OPERATION#flowable-async-job-executor-thread-14084#
[XS2CollectSystemParametersStep] Version rule: SAME_HIGHER#
#2026 05 12 03:53:42.736#Z#INFO#2a4a60f1-4db6-11f1-b47b-eeee0a95f40c.OPERATION#flowable-async-job-executor-thread-14084#
[XS2CollectSystemParametersStep] Detected new MTA version: "1.0.0"#
#2026 05 12 03:53:42.744#Z#INFO#2a4a60f1-4db6-11f1-b47b-eeee0a95f40c.OPERATION#flowable-async-job-executor-thread-14084#
[XS2CollectSystemParametersStep] Deployed MTA version: "1.0.0"#
#2026 05 12 03:53:42.750#Z#DEBUG#2a4a60f1-4db6-11f1-b47b-eeee0a95f40c.OPERATION#flowable-async-job-executor-thread-14084#
[XS2CollectSystemParametersStep] MTA accepted for deployment#
#2026 05 12 03:53:42.751#Z#DEBUG#2a4a60f1-4db6-11f1-b47b-eeee0a95f40c.OPERATION#flowable-async-job-executor-thread-14084#
[XS2CollectSystemParametersStep] System parameters collected#
#2026 05 12 03:53:42.751#Z#DEBUG#2a4a60f1-4db6-11f1-b47b-eeee0a95f40c.OPERATION#flowable-async-job-executor-thread-14084#
Step "Collect System Parameters" finished#
#2026 05 12 03:53:42.794#Z#DEBUG#2a4a60f1-4db6-11f1-b47b-eeee0a95f40c.OPERATION#flowable-async-job-executor-thread-14084#
[ProcessDescriptorStep] Executing task "processDescriptorTask" of process "2a4a6117-4db6-11f1-b47b-eeee0a95f40c"...#
#2026 05 12 03:53:42.794#Z#DEBUG#2a4a60f1-4db6-11f1-b47b-eeee0a95f40c.OPERATION#flowable-async-job-executor-thread-14084#
[ProcessDescriptorStep] Resolving properties and parameters in merged descriptor...#
#2026 05 12 03:53:42.800#Z#DEBUG#2a4a60f1-4db6-11f1-b47b-eeee0a95f40c.OPERATION#flowable-async-job-executor-thread-14084#
[ProcessDescriptorStep] Subscriptions: [ ]#
#2026 05 12 03:53:42.800#Z#DEBUG#2a4a60f1-4db6-11f1-b47b-eeee0a95f40c.OPERATION#flowable-async-job-executor-thread-14084#
[ProcessDescriptorStep] MTA modules: [location-tracker-db-deployer, location-tracker-approuter, location-tracker-srv]#
#2026 05 12 03:53:42.801#Z#DEBUG#2a4a60f1-4db6-11f1-b47b-eeee0a95f40c.OPERATION#flowable-async-job-executor-thread-14084#
[ProcessDescriptorStep] Resolved deployment descriptor: {
  "majorSchemaVersion" : 3,
  "schemaVersion" : "3.3.0",
  "id" : "location-tracker",
  "version" : "1.0.0",
  "modules" : [ {
    "majorSchemaVersion" : 3,
    "name" : "location-tracker-srv",
    "type" : "javascript.nodejs",
    "path" : "location-tracker-srv",
    "properties" : { },
    "parameters" : {
      "default-url" : "https://8cdc8e79trial-dev-location-tracker-srv.cfapps.ap21.hana.ondemand.com",
      "default-app-name" : "location-tracker-srv",
      "generated-password" : "********",
      "default-live-url" : "https://8cdc8e79trial-dev-location-tracker-srv.cfapps.ap21.hana.ondemand.com",
      "default-uri" : "8cdc8e79trial-dev-location-tracker-srv.cfapps.ap21.hana.ondemand.com",
      "default-instances" : 1,
      "default-live-host" : "8cdc8e79trial-dev-location-tracker-srv",
      "instances" : 1,
      "buildpack" : "nodejs_buildpack",
      "default-host" : "8cdc8e79trial-dev-location-tracker-srv",
      "app-name" : "location-tracker-srv",
      "default-live-uri" : "8cdc8e79trial-dev-location-tracker-srv.cfapps.ap21.hana.ondemand.com",
      "protocol" : "https",
      "default-live-app-name" : "location-tracker-srv",
      "default-live-domain" : "cfapps.ap21.hana.ondemand.com",
      "domain" : "cfapps.ap21.hana.ondemand.com",
      "host" : "8cdc8e79trial-dev-location-tracker-srv",
      "generated-user" : "********"
    },
    "requiredDependencies" : [ {
      "majorSchemaVersion" : 3,
      "name" : "********",
      "properties" : { },
      "parameters" : { },
      "propertiesMetadata" : {
        "metadata" : { }
      },
      "parametersMetadata" : {
        "metadata" : { }
      }
    }, {
      "majorSchemaVersion" : 3,
      "name" : "location-tracker-db",
      "properties" : { },
      "parameters" : { },
      "propertiesMetadata" : {
        "metadata" : { }
      },
      "parametersMetadata" : {
        "metadata" : { }
      }
    } ],
    "providedDependencies" : [ {
      "majorSchemaVersion" : 3,
      "name" : "srv-api",
      "isPublic" : false,
      "properties" : {
        "srv-url" : "https://8cdc8e79trial-dev-location-tracker-srv.cfapps.ap21.hana.ondemand.com"
      },
      "parameters" : { },
      "propertiesMetadata" : {
        "metadata" : { }
      },
      "parametersMetadata" : {
        "metadata" : { }
      }
    }, {
      "majorSchemaVersion" : 3,
      "name" : "location-tracker-srv",
      "isPublic" : false,
      "properties" : { },
      "parameters" : { },
      "propertiesMetadata" : {
        "metadata" : { }
      },
      "parametersMetadata" : {
        "metadata" : { }
      }
    } ],
    "propertiesMetadata" : {
      "metadata" : { }
    },
    "parametersMetadata" : {
      "metadata" : { }
    },
    "hooks" : [ ]
  }, {
    "majorSchemaVersion" : 3,
    "name" : "location-tracker-db-deployer",
    "type" : "com.sap.xs.hdi",
    "path" : "location-tracker-db-deployer",
    "properties" : {
      "EXIT" : 1
    },
    "parameters" : {
      "default-url" : "https://8cdc8e79trial-dev-location-tracker-db-deployer.cfapps.ap21.hana.ondemand.com",
      "default-app-name" : "location-tracker-db-deployer",
      "generated-password" : "********",
      "default-live-url" : "https://8cdc8e79trial-dev-location-tracker-db-deployer.cfapps.ap21.hana.ondemand.com",
      "default-uri" : "8cdc8e79trial-dev-location-tracker-db-deployer.cfapps.ap21.hana.ondemand.com",
      "memory" : "256M",
      "default-instances" : 1,
      "no-route" : true,
      "default-live-host" : "8cdc8e79trial-dev-location-tracker-db-deployer",
      "instances" : 1,
      "buildpack" : "nodejs_buildpack",
      "default-host" : "8cdc8e79trial-dev-location-tracker-db-deployer",
      "app-name" : "location-tracker-db-deployer",
      "default-live-uri" : "8cdc8e79trial-dev-location-tracker-db-deployer.cfapps.ap21.hana.ondemand.com",
      "protocol" : "https",
      "default-live-app-name" : "location-tracker-db-deployer",
      "default-live-domain" : "cfapps.ap21.hana.ondemand.com",
      "dependency-type" : "hard",
      "domain" : "cfapps.ap21.hana.ondemand.com",
      "host" : "8cdc8e79trial-dev-location-tracker-db-deployer",
      "generated-user" : "********",
      "tasks" : [ {
        "command" : "npm start",
        "memory" : "256M",
        "name" : "deploy"
      } ],
      "no-start" : true
    },
    "requiredDependencies" : [ {
      "majorSchemaVersion" : 3,
      "name" : "location-tracker-db",
      "properties" : { },
      "parameters" : { },
      "propertiesMetadata" : {
        "metadata" : { }
      },
      "parametersMetadata" : {
        "metadata" : { }
      }
    } ],
    "providedDependencies" : [ {
      "majorSchemaVersion" : 3,
      "name" : "location-tracker-db-deployer",
      "isPublic" : false,
      "properties" : { },
      "parameters" : { },
      "propertiesMetadata" : {
        "metadata" : { }
      },
      "parametersMetadata" : {
        "metadata" : { }
      }
    } ],
    "propertiesMetadata" : {
      "metadata" : { }
    },
    "parametersMetadata" : {
      "metadata" : { }
    },
    "hooks" : [ ]
  }, {
    "majorSchemaVersion" : 3,
    "name" : "location-tracker-approuter",
    "type" : "javascript.nodejs",
    "path" : "location-tracker-approuter",
    "properties" : { },
    "parameters" : {
      "default-url" : "https://8cdc8e79trial-dev-location-tracker-approuter.cfapps.ap21.hana.ondemand.com",
      "default-app-name" : "location-tracker-approuter",
      "generated-password" : "********",
      "default-live-url" : "https://8cdc8e79trial-dev-location-tracker-approuter.cfapps.ap21.hana.ondemand.com",
      "default-uri" : "8cdc8e79trial-dev-location-tracker-approuter.cfapps.ap21.hana.ondemand.com",
      "default-instances" : 1,
      "default-live-host" : "8cdc8e79trial-dev-location-tracker-approuter",
      "instances" : 1,
      "buildpack" : "nodejs_buildpack",
      "default-host" : "8cdc8e79trial-dev-location-tracker-approuter",
      "keep-existing-routes" : true,
      "app-name" : "location-tracker-approuter",
      "default-live-uri" : "8cdc8e79trial-dev-location-tracker-approuter.cfapps.ap21.hana.ondemand.com",
      "protocol" : "https",
      "default-live-app-name" : "location-tracker-approuter",
      "default-live-domain" : "cfapps.ap21.hana.ondemand.com",
      "domain" : "cfapps.ap21.hana.ondemand.com",
      "host" : "8cdc8e79trial-dev-location-tracker-approuter",
      "generated-user" : "********"
    },
    "requiredDependencies" : [ {
      "majorSchemaVersion" : 3,
      "name" : "********",
      "properties" : { },
      "parameters" : { },
      "propertiesMetadata" : {
        "metadata" : { }
      },
      "parametersMetadata" : {
        "metadata" : { }
      }
    }, {
      "majorSchemaVersion" : 3,
      "name" : "srv-api",
      "group" : "destinations",
      "properties" : {
        "name" : "srv-api",
        "forwardAuthToken" : "********",
        "url" : "https://8cdc8e79trial-dev-location-tracker-srv.cfapps.ap21.hana.ondemand.com"
      },
      "parameters" : { },
      "propertiesMetadata" : {
        "metadata" : { }
      },
      "parametersMetadata" : {
        "metadata" : { }
      }
    } ],
    "providedDependencies" : [ {
      "majorSchemaVersion" : 3,
      "name" : "location-tracker-approuter",
      "isPublic" : false,
      "properties" : { },
      "parameters" : { },
      "propertiesMetadata" : {
        "metadata" : { }
      },
      "parametersMetadata" : {
        "metadata" : { }
      }
    } ],
    "propertiesMetadata" : {
      "metadata" : { }
    },
    "parametersMetadata" : {
      "metadata" : { }
    },
    "hooks" : [ ]
  } ],
  "resources" : [ {
    "majorSchemaVersion" : 3,
    "name" : "********",
    "type" : "org.cloudfoundry.managed-service",
    "properties" : { },
    "parameters" : {
      "generated-password" : "********",
      "path" : "./xs-security.json",
      "service-name" : "********",
      "service-plan" : "application",
      "service" : "xsuaa",
      "generated-user" : "********",
      "default-xsappname" : "********",
      "type" : "managed-service",
      "config" : {
        "oauth2-configuration" : "********",
        "role-collections" : [ {
          "description" : "generated",
          "name" : "FleetAdmin (location-tracker 8cdc8e79trial-dev)",
          "role-template-references" : [ "$XSAPPNAME.FleetAdmin" ]
        }, {
          "description" : "generated",
          "name" : "Driver (location-tracker 8cdc8e79trial-dev)",
          "role-template-references" : [ "$XSAPPNAME.Driver" ]
        } ],
        "tenant-mode" : "dedicated",
        "xsappname" : "location-tracker-8cdc8e79trial-dev"
      },
      "default-service-name" : "********",
      "default-container-name" : "********"
    },
    "isActive" : true,
    "isOptional" : false,
    "propertiesMetadata" : {
      "metadata" : { }
    },
    "parametersMetadata" : {
      "metadata" : { }
    },
    "requiredDependencies" : [ ],
    "processedAfter" : [ ]
  }, {
    "majorSchemaVersion" : 3,
    "name" : "location-tracker-db",
    "type" : "com.sap.xs.hdi-container",
    "properties" : { },
    "parameters" : {
      "generated-password" : "********",
      "service-name" : "location-tracker-db",
      "service-plan" : "hdi-shared",
      "service" : "hana",
      "generated-user" : "********",
      "default-xsappname" : "location-tracker-db",
      "type" : "managed-service",
      "default-service-name" : "location-tracker-db",
      "default-container-name" : "8CDC8E79TRIAL_DEV_LOCATION_TRACKER_DB"
    },
    "isActive" : true,
    "isOptional" : false,
    "propertiesMetadata" : {
      "metadata" : { }
    },
    "parametersMetadata" : {
      "metadata" : { }
    },
    "requiredDependencies" : [ ],
    "processedAfter" : [ ]
  } ],
  "parameters" : {
    "mta-id" : "location-tracker",
    "authorization-url" : "********",
    "org-guid" : "e798cb16-a193-4ee4-a228-ba147135aa22",
    "org" : "8cdc8e79trial",
    "deploy-target" : "8cdc8e79trial dev",
    "enable-parallel-deployments" : true,
    "region-primary-domain" : "ap21.hana.ondemand.com",
    "space" : "dev",
    "region-domain" : "ap21.hana.ondemand.com",
    "xs-api-url" : "https://api.cf.ap21.hana.ondemand.com",
    "deploy-url" : "deploy-service.cfapps.ap21.hana.ondemand.com",
    "xs-type" : "CF",
    "default-domain" : "cfapps.ap21.hana.ondemand.com",
    "mta-version" : "1.0.0",
    "xs-auth-url" : "********",
    "space-guid" : "27c06231-ae14-4b56-84fc-67ce3d72ceab",
    "user" : "********",
    "controller-url" : "https://api.cf.ap21.hana.ondemand.com",
    "timestamp" : "20260512035341"
  },
  "parametersMetadata" : {
    "metadata" : { }
  }
}#
#2026 05 12 03:53:42.801#Z#DEBUG#2a4a60f1-4db6-11f1-b47b-eeee0a95f40c.OPERATION#flowable-async-job-executor-thread-14084#
[ProcessDescriptorStep] Merged descriptor properties and parameters resolved#
#2026 05 12 03:53:42.801#Z#DEBUG#2a4a60f1-4db6-11f1-b47b-eeee0a95f40c.OPERATION#flowable-async-job-executor-thread-14084#
Step "Process Descriptor Step" finished#
#2026 05 12 03:53:42.858#Z#DEBUG#2a4a60f1-4db6-11f1-b47b-eeee0a95f40c.OPERATION#flowable-async-job-executor-thread-14084#
[XS2BuildCloudDeployModelStep] Executing task "buildDeployModelTask" of process "2a4a6117-4db6-11f1-b47b-eeee0a95f40c"...#
#2026 05 12 03:53:42.860#Z#DEBUG#2a4a60f1-4db6-11f1-b47b-eeee0a95f40c.OPERATION#flowable-async-job-executor-thread-14084#
[XS2BuildCloudDeployModelStep] Service keys defined for content deployment grouped by service name: { }#
#2026 05 12 03:53:42.861#Z#DEBUG#2a4a60f1-4db6-11f1-b47b-eeee0a95f40c.OPERATION#flowable-async-job-executor-thread-14084#
[XS2BuildCloudDeployModelStep] Building cloud deployment model...#
#2026 05 12 03:53:42.862#Z#DEBUG#2a4a60f1-4db6-11f1-b47b-eeee0a95f40c.OPERATION#flowable-async-job-executor-thread-14084#
[XS2BuildCloudDeployModelStep] MTA archive modules: [location-tracker-db-deployer, location-tracker-approuter, location-tracker-srv]#
#2026 05 12 03:53:42.863#Z#DEBUG#2a4a60f1-4db6-11f1-b47b-eeee0a95f40c.OPERATION#flowable-async-job-executor-thread-14084#
[XS2BuildCloudDeployModelStep] Deployed modules: [location-tracker-approuter, location-tracker-db-deployer, location-tracker-srv]#
#2026 05 12 03:53:42.863#Z#DEBUG#2a4a60f1-4db6-11f1-b47b-eeee0a95f40c.OPERATION#flowable-async-job-executor-thread-14084#
[XS2BuildCloudDeployModelStep] MTA modules: [location-tracker-db-deployer, location-tracker-approuter, location-tracker-srv]#
#2026 05 12 03:53:42.863#Z#DEBUG#2a4a60f1-4db6-11f1-b47b-eeee0a95f40c.OPERATION#flowable-async-job-executor-thread-14084#
[XS2BuildCloudDeployModelStep] Service keys to create: {
  "location-tracker-db" : [ ],
  "location-tracker-auth" : "********"
}#
#2026 05 12 03:53:42.864#Z#DEBUG#2a4a60f1-4db6-11f1-b47b-eeee0a95f40c.OPERATION#flowable-async-job-executor-thread-14084#
[XS2BuildCloudDeployModelStep] Modules to deploy: [{
  "majorSchemaVersion" : 3,
  "name" : "location-tracker-srv",
  "type" : "javascript.nodejs",
  "path" : "location-tracker-srv",
  "properties" : { },
  "parameters" : {
    "default-url" : "https://8cdc8e79trial-dev-location-tracker-srv.cfapps.ap21.hana.ondemand.com",
    "default-app-name" : "location-tracker-srv",
    "generated-password" : "********",
    "default-live-url" : "https://8cdc8e79trial-dev-location-tracker-srv.cfapps.ap21.hana.ondemand.com",
    "default-uri" : "8cdc8e79trial-dev-location-tracker-srv.cfapps.ap21.hana.ondemand.com",
    "default-instances" : 1,
    "default-live-host" : "8cdc8e79trial-dev-location-tracker-srv",
    "instances" : 1,
    "buildpack" : "nodejs_buildpack",
    "default-host" : "8cdc8e79trial-dev-location-tracker-srv",
    "app-name" : "location-tracker-srv",
    "default-live-uri" : "8cdc8e79trial-dev-location-tracker-srv.cfapps.ap21.hana.ondemand.com",
    "protocol" : "https",
    "default-live-app-name" : "location-tracker-srv",
    "default-live-domain" : "cfapps.ap21.hana.ondemand.com",
    "dependency-type" : "soft",
    "domain" : "cfapps.ap21.hana.ondemand.com",
    "host" : "8cdc8e79trial-dev-location-tracker-srv",
    "generated-user" : "********"
  },
  "requiredDependencies" : [ {
    "majorSchemaVersion" : 3,
    "name" : "********",
    "properties" : { },
    "parameters" : { },
    "propertiesMetadata" : {
      "metadata" : { }
    },
    "parametersMetadata" : {
      "metadata" : { }
    }
  }, {
    "majorSchemaVersion" : 3,
    "name" : "location-tracker-db",
    "properties" : { },
    "parameters" : { },
    "propertiesMetadata" : {
      "metadata" : { }
    },
    "parametersMetadata" : {
      "metadata" : { }
    }
  } ],
  "providedDependencies" : [ {
    "majorSchemaVersion" : 3,
    "name" : "srv-api",
    "isPublic" : false,
    "properties" : {
      "srv-url" : "https://8cdc8e79trial-dev-location-tracker-srv.cfapps.ap21.hana.ondemand.com"
    },
    "parameters" : { },
    "propertiesMetadata" : {
      "metadata" : { }
    },
    "parametersMetadata" : {
      "metadata" : { }
    }
  }, {
    "majorSchemaVersion" : 3,
    "name" : "location-tracker-srv",
    "isPublic" : false,
    "properties" : { },
    "parameters" : { },
    "propertiesMetadata" : {
      "metadata" : { }
    },
    "parametersMetadata" : {
      "metadata" : { }
    }
  } ],
  "propertiesMetadata" : {
    "metadata" : { }
  },
  "parametersMetadata" : {
    "metadata" : { }
  },
  "deployedAfter" : [ ],
  "hooks" : [ ]
}, {
  "majorSchemaVersion" : 3,
  "name" : "location-tracker-db-deployer",
  "type" : "com.sap.xs.hdi",
  "path" : "location-tracker-db-deployer",
  "properties" : {
    "EXIT" : 1
  },
  "parameters" : {
    "default-url" : "https://8cdc8e79trial-dev-location-tracker-db-deployer.cfapps.ap21.hana.ondemand.com",
    "default-app-name" : "location-tracker-db-deployer",
    "generated-password" : "********",
    "default-live-url" : "https://8cdc8e79trial-dev-location-tracker-db-deployer.cfapps.ap21.hana.ondemand.com",
    "default-uri" : "8cdc8e79trial-dev-location-tracker-db-deployer.cfapps.ap21.hana.ondemand.com",
    "memory" : "256M",
    "default-instances" : 1,
    "no-route" : true,
    "default-live-host" : "8cdc8e79trial-dev-location-tracker-db-deployer",
    "instances" : 1,
    "buildpack" : "nodejs_buildpack",
    "default-host" : "8cdc8e79trial-dev-location-tracker-db-deployer",
    "app-name" : "location-tracker-db-deployer",
    "default-live-uri" : "8cdc8e79trial-dev-location-tracker-db-deployer.cfapps.ap21.hana.ondemand.com",
    "protocol" : "https",
    "default-live-app-name" : "location-tracker-db-deployer",
    "default-live-domain" : "cfapps.ap21.hana.ondemand.com",
    "dependency-type" : "hard",
    "domain" : "cfapps.ap21.hana.ondemand.com",
    "host" : "8cdc8e79trial-dev-location-tracker-db-deployer",
    "generated-user" : "********",
    "tasks" : [ {
      "command" : "npm start",
      "memory" : "256M",
      "name" : "deploy"
    } ],
    "no-start" : true
  },
  "requiredDependencies" : [ {
    "majorSchemaVersion" : 3,
    "name" : "location-tracker-db",
    "properties" : { },
    "parameters" : { },
    "propertiesMetadata" : {
      "metadata" : { }
    },
    "parametersMetadata" : {
      "metadata" : { }
    }
  } ],
  "providedDependencies" : [ {
    "majorSchemaVersion" : 3,
    "name" : "location-tracker-db-deployer",
    "isPublic" : false,
    "properties" : { },
    "parameters" : { },
    "propertiesMetadata" : {
      "metadata" : { }
    },
    "parametersMetadata" : {
      "metadata" : { }
    }
  } ],
  "propertiesMetadata" : {
    "metadata" : { }
  },
  "parametersMetadata" : {
    "metadata" : { }
  },
  "deployedAfter" : [ ],
  "hooks" : [ ]
}, {
  "majorSchemaVersion" : 3,
  "name" : "location-tracker-approuter",
  "type" : "javascript.nodejs",
  "path" : "location-tracker-approuter",
  "properties" : { },
  "parameters" : {
    "default-url" : "https://8cdc8e79trial-dev-location-tracker-approuter.cfapps.ap21.hana.ondemand.com",
    "default-app-name" : "location-tracker-approuter",
    "generated-password" : "********",
    "default-live-url" : "https://8cdc8e79trial-dev-location-tracker-approuter.cfapps.ap21.hana.ondemand.com",
    "default-uri" : "8cdc8e79trial-dev-location-tracker-approuter.cfapps.ap21.hana.ondemand.com",
    "default-instances" : 1,
    "default-live-host" : "8cdc8e79trial-dev-location-tracker-approuter",
    "instances" : 1,
    "buildpack" : "nodejs_buildpack",
    "default-host" : "8cdc8e79trial-dev-location-tracker-approuter",
    "keep-existing-routes" : true,
    "app-name" : "location-tracker-approuter",
    "default-live-uri" : "8cdc8e79trial-dev-location-tracker-approuter.cfapps.ap21.hana.ondemand.com",
    "protocol" : "https",
    "default-live-app-name" : "location-tracker-approuter",
    "default-live-domain" : "cfapps.ap21.hana.ondemand.com",
    "dependency-type" : "soft",
    "domain" : "cfapps.ap21.hana.ondemand.com",
    "host" : "8cdc8e79trial-dev-location-tracker-approuter",
    "generated-user" : "********"
  },
  "requiredDependencies" : [ {
    "majorSchemaVersion" : 3,
    "name" : "********",
    "properties" : { },
    "parameters" : { },
    "propertiesMetadata" : {
      "metadata" : { }
    },
    "parametersMetadata" : {
      "metadata" : { }
    }
  }, {
    "majorSchemaVersion" : 3,
    "name" : "srv-api",
    "group" : "destinations",
    "properties" : {
      "name" : "srv-api",
      "forwardAuthToken" : "********",
      "url" : "https://8cdc8e79trial-dev-location-tracker-srv.cfapps.ap21.hana.ondemand.com"
    },
    "parameters" : { },
    "propertiesMetadata" : {
      "metadata" : { }
    },
    "parametersMetadata" : {
      "metadata" : { }
    }
  } ],
  "providedDependencies" : [ {
    "majorSchemaVersion" : 3,
    "name" : "location-tracker-approuter",
    "isPublic" : false,
    "properties" : { },
    "parameters" : { },
    "propertiesMetadata" : {
      "metadata" : { }
    },
    "parametersMetadata" : {
      "metadata" : { }
    }
  } ],
  "propertiesMetadata" : {
    "metadata" : { }
  },
  "parametersMetadata" : {
    "metadata" : { }
  },
  "deployedAfter" : [ ],
  "hooks" : [ ]
}]#
#2026 05 12 03:53:42.865#Z#DEBUG#2a4a60f1-4db6-11f1-b47b-eeee0a95f40c.OPERATION#flowable-async-job-executor-thread-14084#
[XS2BuildCloudDeployModelStep] Custom domains: []#
#2026 05 12 03:53:42.867#Z#DEBUG#2a4a60f1-4db6-11f1-b47b-eeee0a95f40c.OPERATION#flowable-async-job-executor-thread-14084#
[XS2BuildCloudDeployModelStep] Calculating resource batches...#
#2026 05 12 03:53:42.868#Z#DEBUG#2a4a60f1-4db6-11f1-b47b-eeee0a95f40c.OPERATION#flowable-async-job-executor-thread-14084#
[XS2BuildCloudDeployModelStep] Calculating resource batches completed.#
#2026 05 12 03:53:42.868#Z#DEBUG#2a4a60f1-4db6-11f1-b47b-eeee0a95f40c.OPERATION#flowable-async-job-executor-thread-14084#
[XS2BuildCloudDeployModelStep] Cloud deployment model built#
#2026 05 12 03:53:42.868#Z#DEBUG#2a4a60f1-4db6-11f1-b47b-eeee0a95f40c.OPERATION#flowable-async-job-executor-thread-14084#
Step "Build Deploy Model" finished#
#2026 05 12 03:53:42.915#Z#DEBUG#2a4a60f1-4db6-11f1-b47b-eeee0a95f40c.OPERATION#flowable-async-job-executor-thread-14084#
[BuildCloudUndeployModelStep] Executing task "buildUndeployModelTask" of process "2a4a6117-4db6-11f1-b47b-eeee0a95f40c"...#
#2026 05 12 03:53:42.916#Z#DEBUG#2a4a60f1-4db6-11f1-b47b-eeee0a95f40c.OPERATION#flowable-async-job-executor-thread-14084#
[BuildCloudUndeployModelStep] Building cloud undeployment model...#
#2026 05 12 03:53:42.918#Z#DEBUG#2a4a60f1-4db6-11f1-b47b-eeee0a95f40c.OPERATION#flowable-async-job-executor-thread-14084#
[BuildCloudUndeployModelStep] Detecting service keys to delete.#
#2026 05 12 03:53:42.918#Z#DEBUG#2a4a60f1-4db6-11f1-b47b-eeee0a95f40c.OPERATION#flowable-async-job-executor-thread-14084#
[BuildCloudUndeployModelStep] No deployed service keys detected!#
#2026 05 12 03:53:42.918#Z#DEBUG#2a4a60f1-4db6-11f1-b47b-eeee0a95f40c.OPERATION#flowable-async-job-executor-thread-14084#
[BuildCloudUndeployModelStep] Detected service keys to delete "[]"#
#2026 05 12 03:53:42.922#Z#DEBUG#2a4a60f1-4db6-11f1-b47b-eeee0a95f40c.OPERATION#flowable-async-job-executor-thread-14084#
[BuildCloudUndeployModelStep] MTA modules: [location-tracker-db-deployer, location-tracker-approuter, location-tracker-srv]#
#2026 05 12 03:53:42.922#Z#DEBUG#2a4a60f1-4db6-11f1-b47b-eeee0a95f40c.OPERATION#flowable-async-job-executor-thread-14084#
[BuildCloudUndeployModelStep] Modules to undeploy: [ ]#
#2026 05 12 03:53:42.922#Z#DEBUG#2a4a60f1-4db6-11f1-b47b-eeee0a95f40c.OPERATION#flowable-async-job-executor-thread-14084#
[BuildCloudUndeployModelStep] Modules that won't be changed: [ ]#
#2026 05 12 03:53:42.924#Z#DEBUG#2a4a60f1-4db6-11f1-b47b-eeee0a95f40c.OPERATION#flowable-async-job-executor-thread-14084#
[BuildCloudUndeployModelStep] Subscriptions to delete: [ ]#
#2026 05 12 03:53:42.925#Z#DEBUG#2a4a60f1-4db6-11f1-b47b-eeee0a95f40c.OPERATION#flowable-async-job-executor-thread-14084#
[BuildCloudUndeployModelStep] Cloud services to delete: []#
#2026 05 12 03:53:42.925#Z#DEBUG#2a4a60f1-4db6-11f1-b47b-eeee0a95f40c.OPERATION#flowable-async-job-executor-thread-14084#
[BuildCloudUndeployModelStep] Cloud applications to undeploy: [ ]#
#2026 05 12 03:53:42.928#Z#DEBUG#2a4a60f1-4db6-11f1-b47b-eeee0a95f40c.OPERATION#flowable-async-job-executor-thread-14084#
[BuildCloudUndeployModelStep] Cloud undeployment model built#
#2026 05 12 03:53:42.928#Z#DEBUG#2a4a60f1-4db6-11f1-b47b-eeee0a95f40c.OPERATION#flowable-async-job-executor-thread-14084#
Step "Build Undeploy Model" finished#
#2026 05 12 03:53:42.993#Z#DEBUG#2a4a60f1-4db6-11f1-b47b-eeee0a95f40c.OPERATION#flowable-async-job-executor-thread-14084#
[AddDomainsStep] Executing task "addDomainsTask" of process "2a4a6117-4db6-11f1-b47b-eeee0a95f40c"...#
#2026 05 12 03:53:42.994#Z#DEBUG#2a4a60f1-4db6-11f1-b47b-eeee0a95f40c.OPERATION#flowable-async-job-executor-thread-14084#
[AddDomainsStep] Custom domains: []#
#2026 05 12 03:53:42.994#Z#DEBUG#2a4a60f1-4db6-11f1-b47b-eeee0a95f40c.OPERATION#flowable-async-job-executor-thread-14084#
Step "Add Domains" finished#
#2026 05 12 03:53:43.140#Z#DEBUG#2a4a60f1-4db6-11f1-b47b-eeee0a95f40c.OPERATION#flowable-async-job-executor-thread-14082#
[ExtractBatchedServicesWithResolvedDynamicParametersStep] Executing task "prepareModulesDeploymentTask" of process "2b45d827-4db6-11f1-b47b-eeee0a95f40c"...#
#2026 05 12 03:53:43.141#Z#DEBUG#2a4a60f1-4db6-11f1-b47b-eeee0a95f40c.OPERATION#flowable-async-job-executor-thread-14082#
[ExtractBatchedServicesWithResolvedDynamicParametersStep] Extracting services and resolving dynamic parameters from batch#
#2026 05 12 03:53:43.142#Z#DEBUG#2a4a60f1-4db6-11f1-b47b-eeee0a95f40c.OPERATION#flowable-async-job-executor-thread-14082#
[ExtractBatchedServicesWithResolvedDynamicParametersStep] Services to create: [ {
  "isOptional" : false,
  "isManaged" : true,
  "name" : "********",
  "v3Metadata" : {
    "annotations" : {
      "mta_id" : "location-tracker",
      "mta_version" : "1.0.0",
      "mta_resource" : "********"
    },
    "labels" : {
      "mta_id" : "06e2424f9bcf514929555d1b5eb3846d"
    }
  },
  "label" : "xsuaa",
  "plan" : "application",
  "credentials" : "********",
  "tags" : [ ],
  "type" : "managed",
  "resourceName" : "********",
  "shouldSkipParametersUpdate" : false,
  "shouldSkipPlanUpdate" : false,
  "shouldSkipTagsUpdate" : false,
  "shouldSkipSyslogUrlUpdate" : false
}, {
  "isOptional" : false,
  "isManaged" : true,
  "name" : "location-tracker-db",
  "v3Metadata" : {
    "annotations" : {
      "mta_id" : "location-tracker",
      "mta_version" : "1.0.0",
      "mta_resource" : "{\"name\":\"location-tracker-db\"}"
    },
    "labels" : {
      "mta_id" : "06e2424f9bcf514929555d1b5eb3846d"
    }
  },
  "label" : "hana",
  "plan" : "hdi-shared",
  "credentials" : "********",
  "tags" : [ ],
  "type" : "managed",
  "resourceName" : "location-tracker-db",
  "shouldSkipParametersUpdate" : false,
  "shouldSkipPlanUpdate" : false,
  "shouldSkipTagsUpdate" : false,
  "shouldSkipSyslogUrlUpdate" : false
} ]#
#2026 05 12 03:53:43.143#Z#DEBUG#2a4a60f1-4db6-11f1-b47b-eeee0a95f40c.OPERATION#flowable-async-job-executor-thread-14082#
Step "Extract Services with Resolved Dynamic parameters from batch" finished#
#2026 05 12 03:53:43.249#Z#DEBUG#2a4a60f1-4db6-11f1-b47b-eeee0a95f40c.OPERATION#flowable-async-job-executor-thread-14078#
[CheckServiceOperationStateStep] Executing task "CheckServiceOperationStateTask" of process "2b5b8245-4db6-11f1-b47b-eeee0a95f40c"...#
#2026 05 12 03:53:43.250#Z#DEBUG#2a4a60f1-4db6-11f1-b47b-eeee0a95f40c.OPERATION#flowable-async-job-executor-thread-14078#
[CheckServiceOperationStateStep] Getting service instance "location-tracker-auth"...#
#2026 05 12 03:53:43.369#Z#DEBUG#2a4a60f1-4db6-11f1-b47b-eeee0a95f40c.OPERATION#flowable-async-job-executor-thread-14078#
Step "Check for service operations in Progress" finished#
#2026 05 12 03:53:43.402#Z#DEBUG#2a4a60f1-4db6-11f1-b47b-eeee0a95f40c.OPERATION#flowable-async-job-executor-thread-14079#
[DetermineServiceCreateUpdateServiceActionsStep] Executing task "DetermineServiceCreateUpdateActionsTask" of process "2b5b8245-4db6-11f1-b47b-eeee0a95f40c"...#
#2026 05 12 03:53:43.403#Z#INFO#2a4a60f1-4db6-11f1-b47b-eeee0a95f40c.OPERATION#flowable-async-job-executor-thread-14079#
[DetermineServiceCreateUpdateServiceActionsStep] Processing service "location-tracker-auth"...#
#2026 05 12 03:53:43.410#Z#DEBUG#2a4a60f1-4db6-11f1-b47b-eeee0a95f40c.OPERATION#flowable-async-job-executor-thread-14079#
[DetermineServiceCreateUpdateServiceActionsStep] Getting service instance "location-tracker-auth"...#
#2026 05 12 03:53:43.531#Z#INFO#2a4a60f1-4db6-11f1-b47b-eeee0a95f40c.OPERATION#flowable-async-job-executor-thread-14079#
[DetermineServiceCreateUpdateServiceActionsStep] Setting service "location-tracker-auth" parameters from "xs-security.json"#
#2026 05 12 03:53:43.567#Z#DEBUG#2a4a60f1-4db6-11f1-b47b-eeee0a95f40c.OPERATION#flowable-async-job-executor-thread-14079#
[DetermineServiceCreateUpdateServiceActionsStep] Existing service: {
  "name" : "********",
  "metadata" : {
    "guid" : "f65f8b02-5dca-4437-a03d-a9b5f4b53153",
    "createdAt" : [ 2026, 5, 4, 5, 50, 44 ],
    "updatedAt" : [ 2026, 5, 4, 5, 50, 45 ]
  },
  "v3Metadata" : {
    "annotations" : {
      "mta_id" : "location-tracker",
      "mta_version" : "1.0.0",
      "mta_resource" : "********"
    },
    "labels" : {
      "mta_id" : "06e2424f9bcf514929555d1b5eb3846d"
    }
  },
  "label" : "xsuaa",
  "plan" : "application",
  "credentials" : "********",
  "tags" : [ ],
  "type" : "managed",
  "lastOperation" : {
    "type" : "UPDATE",
    "description" : "",
    "state" : "SUCCEEDED"
  }
}#
#2026 05 12 03:53:43.567#Z#DEBUG#2a4a60f1-4db6-11f1-b47b-eeee0a95f40c.OPERATION#flowable-async-job-executor-thread-14079#
[DetermineServiceCreateUpdateServiceActionsStep] Service parameters will be updated#
#2026 05 12 03:53:43.568#Z#DEBUG#2a4a60f1-4db6-11f1-b47b-eeee0a95f40c.OPERATION#flowable-async-job-executor-thread-14079#
[DetermineServiceCreateUpdateServiceActionsStep] New parameters: {
  "attributes" : [ ],
  "oauth2-configuration" : "********",
  "role-collections" : [ {
    "description" : "generated",
    "name" : "FleetAdmin (location-tracker 8cdc8e79trial-dev)",
    "role-template-references" : [ "$XSAPPNAME.FleetAdmin" ]
  }, {
    "description" : "generated",
    "name" : "Driver (location-tracker 8cdc8e79trial-dev)",
    "role-template-references" : [ "$XSAPPNAME.Driver" ]
  } ],
  "role-templates" : [ {
    "name" : "FleetAdmin",
    "description" : "generated",
    "scope-references" : [ "$XSAPPNAME.FleetAdmin" ],
    "attribute-references" : [ ]
  }, {
    "name" : "Driver",
    "description" : "generated",
    "scope-references" : [ "$XSAPPNAME.Driver" ],
    "attribute-references" : [ ]
  } ],
  "scopes" : [ {
    "name" : "$XSAPPNAME.FleetAdmin",
    "description" : "FleetAdmin"
  }, {
    "name" : "$XSAPPNAME.Driver",
    "description" : "Driver"
  } ],
  "tenant-mode" : "dedicated",
  "xsappname" : "location-tracker-8cdc8e79trial-dev"
}#
#2026 05 12 03:53:43.568#Z#DEBUG#2a4a60f1-4db6-11f1-b47b-eeee0a95f40c.OPERATION#flowable-async-job-executor-thread-14079#
Step "Determine update actions" finished#
#2026 05 12 03:53:43.612#Z#DEBUG#2a4a60f1-4db6-11f1-b47b-eeee0a95f40c.OPERATION#flowable-async-job-executor-thread-14080#
[CheckForServiceBindingOrKeyOperationStep] Executing task "CheckForServiceBindingOrKeyCreation" of process "2b5b8245-4db6-11f1-b47b-eeee0a95f40c"...#
#2026 05 12 03:53:43.613#Z#DEBUG#2a4a60f1-4db6-11f1-b47b-eeee0a95f40c.OPERATION#flowable-async-job-executor-thread-14080#
Step "Check for service binding or key creation" finished#
#2026 05 12 03:53:43.653#Z#DEBUG#2a4a60f1-4db6-11f1-b47b-eeee0a95f40c.OPERATION#flowable-async-job-executor-thread-14080#
[UpdateServiceParametersStep] Executing task "UpdateServiceParametersTask" of process "2b5b8245-4db6-11f1-b47b-eeee0a95f40c"...#
#2026 05 12 03:53:43.655#Z#INFO#2a4a60f1-4db6-11f1-b47b-eeee0a95f40c.OPERATION#flowable-async-job-executor-thread-14080#
[UpdateServiceParametersStep] Updating service "location-tracker-auth"...#
#2026 05 12 03:53:43.662#Z#DEBUG#2a4a60f1-4db6-11f1-b47b-eeee0a95f40c.OPERATION#flowable-async-job-executor-thread-14080#
[UpdateServiceParametersStep] Updating service parameters for service "location-tracker-auth"...#
#2026 05 12 03:53:43.776#Z#DEBUG#2a4a60f1-4db6-11f1-b47b-eeee0a95f40c.OPERATION#flowable-async-job-executor-thread-14080#
[UpdateServiceParametersStep] Service "location-tracker-auth" updated#
#2026 05 12 03:53:43.776#Z#DEBUG#2a4a60f1-4db6-11f1-b47b-eeee0a95f40c.OPERATION#flowable-async-job-executor-thread-14080#
[UpdateServiceParametersStep] Triggered service operations: {
  "location-tracker-auth" : "UPDATE"
}#
#2026 05 12 03:53:43.778#Z#DEBUG#2a4a60f1-4db6-11f1-b47b-eeee0a95f40c.OPERATION#flowable-async-job-executor-thread-14080#
Step "Update parameters" finished#
#2026 05 12 03:53:44.269#Z#DEBUG#2a4a60f1-4db6-11f1-b47b-eeee0a95f40c.OPERATION#flowable-async-job-executor-thread-3115#
[CheckServiceOperationStateStep] Executing task "CheckServiceOperationStateTask" of process "2bf244d1-4db6-11f1-94ac-eeee0a908bed"...#
#2026 05 12 03:53:44.272#Z#DEBUG#2a4a60f1-4db6-11f1-b47b-eeee0a95f40c.OPERATION#flowable-async-job-executor-thread-3115#
[CheckServiceOperationStateStep] Getting service instance "location-tracker-db"...#
#2026 05 12 03:53:44.390#Z#DEBUG#2a4a60f1-4db6-11f1-b47b-eeee0a95f40c.OPERATION#flowable-async-job-executor-thread-3115#
Step "Check for service operations in Progress" finished#
#2026 05 12 03:53:44.468#Z#DEBUG#2a4a60f1-4db6-11f1-b47b-eeee0a95f40c.OPERATION#flowable-async-job-executor-thread-3116#
[DetermineServiceCreateUpdateServiceActionsStep] Executing task "DetermineServiceCreateUpdateActionsTask" of process "2bf244d1-4db6-11f1-94ac-eeee0a908bed"...#
#2026 05 12 03:53:44.471#Z#INFO#2a4a60f1-4db6-11f1-b47b-eeee0a95f40c.OPERATION#flowable-async-job-executor-thread-3116#
[DetermineServiceCreateUpdateServiceActionsStep] Processing service "location-tracker-db"...#
#2026 05 12 03:53:44.481#Z#DEBUG#2a4a60f1-4db6-11f1-b47b-eeee0a95f40c.OPERATION#flowable-async-job-executor-thread-3116#
[DetermineServiceCreateUpdateServiceActionsStep] Getting service instance "location-tracker-db"...#
#2026 05 12 03:53:44.608#Z#DEBUG#2a4a60f1-4db6-11f1-b47b-eeee0a95f40c.OPERATION#flowable-async-job-executor-thread-3116#
[DetermineServiceCreateUpdateServiceActionsStep] Existing service: {
  "name" : "location-tracker-db",
  "metadata" : {
    "guid" : "9f1db384-76f3-4e65-9e84-c50afac5bdd2",
    "createdAt" : [ 2026, 4, 21, 16, 25, 34 ],
    "updatedAt" : [ 2026, 5, 4, 5, 50, 44 ]
  },
  "v3Metadata" : {
    "annotations" : {
      "mta_id" : "location-tracker",
      "mta_version" : "1.0.0",
      "mta_resource" : "{\"name\":\"location-tracker-db\"}"
    },
    "labels" : {
      "mta_id" : "06e2424f9bcf514929555d1b5eb3846d"
    }
  },
  "label" : "hana",
  "plan" : "hdi-shared",
  "credentials" : "********",
  "tags" : [ ],
  "type" : "managed",
  "lastOperation" : {
    "type" : "UPDATE",
    "state" : "SUCCEEDED"
  }
}#
#2026 05 12 03:53:44.608#Z#WARN#2a4a60f1-4db6-11f1-b47b-eeee0a95f40c.OPERATION#flowable-async-job-executor-thread-3116#
[DetermineServiceCreateUpdateServiceActionsStep] Service parameters for service "location-tracker-db" will not be updated, as the parameters are not defined or empty.#
#2026 05 12 03:53:44.609#Z#DEBUG#2a4a60f1-4db6-11f1-b47b-eeee0a95f40c.OPERATION#flowable-async-job-executor-thread-3116#
Step "Determine update actions" finished#
#2026 05 12 03:53:44.694#Z#DEBUG#2a4a60f1-4db6-11f1-b47b-eeee0a95f40c.OPERATION#flowable-async-job-executor-thread-3117#
[CheckForServiceBindingOrKeyOperationStep] Executing task "CheckForServiceBindingOrKeyCreation" of process "2bf244d1-4db6-11f1-94ac-eeee0a908bed"...#
#2026 05 12 03:53:44.697#Z#DEBUG#2a4a60f1-4db6-11f1-b47b-eeee0a95f40c.OPERATION#flowable-async-job-executor-thread-3117#
Step "Check for service binding or key creation" finished#
#2026 05 12 03:53:54.903#Z#DEBUG#2a4a60f1-4db6-11f1-b47b-eeee0a95f40c.OPERATION#flowable-async-job-executor-thread-14087#
[UpdateServiceParametersStep] Executing task "UpdateServiceParametersTask" of process "2b5b8245-4db6-11f1-b47b-eeee0a95f40c"...#
#2026 05 12 03:53:54.904#Z#DEBUG#2a4a60f1-4db6-11f1-b47b-eeee0a95f40c.OPERATION#flowable-async-job-executor-thread-14087#
[UpdateServiceParametersStep] Polling service operations...#
#2026 05 12 03:53:54.907#Z#DEBUG#2a4a60f1-4db6-11f1-b47b-eeee0a95f40c.OPERATION#flowable-async-job-executor-thread-14087#
[UpdateServiceParametersStep] Getting service instance "location-tracker-auth"...#
#2026 05 12 03:53:55.032#Z#DEBUG#2a4a60f1-4db6-11f1-b47b-eeee0a95f40c.OPERATION#flowable-async-job-executor-thread-14087#
[UpdateServiceParametersStep] Last operation for service "location-tracker-auth": {
  "type" : "UPDATE",
  "description" : "",
  "state" : "SUCCEEDED"
}#
#2026 05 12 03:53:55.033#Z#DEBUG#2a4a60f1-4db6-11f1-b47b-eeee0a95f40c.OPERATION#flowable-async-job-executor-thread-14087#
[UpdateServiceParametersStep] Service "location-tracker-auth" updated#
#2026 05 12 03:53:55.033#Z#INFO#2a4a60f1-4db6-11f1-b47b-eeee0a95f40c.OPERATION#flowable-async-job-executor-thread-14087#
[UpdateServiceParametersStep] 1 of 1 done#
#2026 05 12 03:53:55.040#Z#DEBUG#2a4a60f1-4db6-11f1-b47b-eeee0a95f40c.OPERATION#flowable-async-job-executor-thread-14087#
[UpdateServiceParametersStep] Remaining services to poll: [ ]#
#2026 05 12 03:53:55.042#Z#DEBUG#2a4a60f1-4db6-11f1-b47b-eeee0a95f40c.OPERATION#flowable-async-job-executor-thread-14087#
Step "Update parameters" finished#
#2026 05 12 03:53:55.306#Z#DEBUG#2a4a60f1-4db6-11f1-b47b-eeee0a95f40c.OPERATION#flowable-async-job-executor-thread-14091#
[PrepareModulesDeploymentStep] Executing task "prepareModulesDeploymentTask" of process "32861286-4db6-11f1-b47b-eeee0a95f40c"...#
#2026 05 12 03:53:55.307#Z#DEBUG#2a4a60f1-4db6-11f1-b47b-eeee0a95f40c.OPERATION#flowable-async-job-executor-thread-14091#
[PrepareModulesDeploymentStep] Preparing modules deployment...#
#2026 05 12 03:53:55.310#Z#DEBUG#2a4a60f1-4db6-11f1-b47b-eeee0a95f40c.OPERATION#flowable-async-job-executor-thread-14091#
Step "Prepare Modules Deployment" finished#
#2026 05 12 03:53:55.353#Z#DEBUG#2a4a60f1-4db6-11f1-b47b-eeee0a95f40c.OPERATION#flowable-async-job-executor-thread-14092#
[ComputeNextModulesStep] Executing task "computeNextModulesToDeployInParallel" of process "32861286-4db6-11f1-b47b-eeee0a95f40c"...#
#2026 05 12 03:53:55.353#Z#DEBUG#2a4a60f1-4db6-11f1-b47b-eeee0a95f40c.OPERATION#flowable-async-job-executor-thread-14092#
[ComputeNextModulesStep] Computing modules for next parallel iteration...#
#2026 05 12 03:53:55.356#Z#DEBUG#2a4a60f1-4db6-11f1-b47b-eeee0a95f40c.OPERATION#flowable-async-job-executor-thread-14092#
[ComputeNextModulesStep] Completed modules detected: []#
#2026 05 12 03:53:55.356#Z#DEBUG#2a4a60f1-4db6-11f1-b47b-eeee0a95f40c.OPERATION#flowable-async-job-executor-thread-14092#
[ComputeNextModulesStep] All modules for deploy detected: [location-tracker-db-deployer, location-tracker-approuter, location-tracker-srv]#
#2026 05 12 03:53:55.356#Z#DEBUG#2a4a60f1-4db6-11f1-b47b-eeee0a95f40c.OPERATION#flowable-async-job-executor-thread-14092#
[ComputeNextModulesStep] Modules not for deploy detected: []#
#2026 05 12 03:53:55.357#Z#DEBUG#2a4a60f1-4db6-11f1-b47b-eeee0a95f40c.OPERATION#flowable-async-job-executor-thread-14092#
[ComputeNextModulesStep] Computed modules for next parallel iteration: [ {
  "majorSchemaVersion" : 3,
  "name" : "location-tracker-srv",
  "type" : "javascript.nodejs",
  "path" : "location-tracker-srv",
  "properties" : { },
  "parameters" : {
    "app-name" : "location-tracker-srv",
    "buildpack" : "nodejs_buildpack",
    "default-app-name" : "location-tracker-srv",
    "default-host" : "8cdc8e79trial-dev-location-tracker-srv",
    "default-instances" : 1,
    "default-live-app-name" : "location-tracker-srv",
    "default-live-domain" : "cfapps.ap21.hana.ondemand.com",
    "default-live-host" : "8cdc8e79trial-dev-location-tracker-srv",
    "default-live-uri" : "8cdc8e79trial-dev-location-tracker-srv.cfapps.ap21.hana.ondemand.com",
    "default-live-url" : "https://8cdc8e79trial-dev-location-tracker-srv.cfapps.ap21.hana.ondemand.com",
    "default-uri" : "8cdc8e79trial-dev-location-tracker-srv.cfapps.ap21.hana.ondemand.com",
    "default-url" : "https://8cdc8e79trial-dev-location-tracker-srv.cfapps.ap21.hana.ondemand.com",
    "dependency-type" : "soft",
    "domain" : "cfapps.ap21.hana.ondemand.com",
    "generated-password" : "********",
    "generated-user" : "********",
    "host" : "8cdc8e79trial-dev-location-tracker-srv",
    "instances" : 1,
    "protocol" : "https"
  },
  "requiredDependencies" : [ {
    "majorSchemaVersion" : 3,
    "name" : "********",
    "properties" : { },
    "parameters" : { },
    "propertiesMetadata" : {
      "metadata" : { }
    },
    "parametersMetadata" : {
      "metadata" : { }
    }
  }, {
    "majorSchemaVersion" : 3,
    "name" : "location-tracker-db",
    "properties" : { },
    "parameters" : { },
    "propertiesMetadata" : {
      "metadata" : { }
    },
    "parametersMetadata" : {
      "metadata" : { }
    }
  } ],
  "providedDependencies" : [ {
    "majorSchemaVersion" : 3,
    "name" : "srv-api",
    "isPublic" : false,
    "properties" : {
      "srv-url" : "https://8cdc8e79trial-dev-location-tracker-srv.cfapps.ap21.hana.ondemand.com"
    },
    "parameters" : { },
    "propertiesMetadata" : {
      "metadata" : { }
    },
    "parametersMetadata" : {
      "metadata" : { }
    }
  }, {
    "majorSchemaVersion" : 3,
    "name" : "location-tracker-srv",
    "isPublic" : false,
    "properties" : { },
    "parameters" : { },
    "propertiesMetadata" : {
      "metadata" : { }
    },
    "parametersMetadata" : {
      "metadata" : { }
    }
  } ],
  "propertiesMetadata" : {
    "metadata" : { }
  },
  "parametersMetadata" : {
    "metadata" : { }
  },
  "deployedAfter" : [ ],
  "hooks" : [ ]
}, {
  "majorSchemaVersion" : 3,
  "name" : "location-tracker-db-deployer",
  "type" : "com.sap.xs.hdi",
  "path" : "location-tracker-db-deployer",
  "properties" : {
    "EXIT" : 1
  },
  "parameters" : {
    "app-name" : "location-tracker-db-deployer",
    "buildpack" : "nodejs_buildpack",
    "default-app-name" : "location-tracker-db-deployer",
    "default-host" : "8cdc8e79trial-dev-location-tracker-db-deployer",
    "default-instances" : 1,
    "default-live-app-name" : "location-tracker-db-deployer",
    "default-live-domain" : "cfapps.ap21.hana.ondemand.com",
    "default-live-host" : "8cdc8e79trial-dev-location-tracker-db-deployer",
    "default-live-uri" : "8cdc8e79trial-dev-location-tracker-db-deployer.cfapps.ap21.hana.ondemand.com",
    "default-live-url" : "https://8cdc8e79trial-dev-location-tracker-db-deployer.cfapps.ap21.hana.ondemand.com",
    "default-uri" : "8cdc8e79trial-dev-location-tracker-db-deployer.cfapps.ap21.hana.ondemand.com",
    "default-url" : "https://8cdc8e79trial-dev-location-tracker-db-deployer.cfapps.ap21.hana.ondemand.com",
    "dependency-type" : "hard",
    "domain" : "cfapps.ap21.hana.ondemand.com",
    "generated-password" : "********",
    "generated-user" : "********",
    "host" : "8cdc8e79trial-dev-location-tracker-db-deployer",
    "instances" : 1,
    "memory" : "256M",
    "no-route" : true,
    "no-start" : true,
    "protocol" : "https",
    "tasks" : [ {
      "command" : "npm start",
      "memory" : "256M",
      "name" : "deploy"
    } ]
  },
  "requiredDependencies" : [ {
    "majorSchemaVersion" : 3,
    "name" : "location-tracker-db",
    "properties" : { },
    "parameters" : { },
    "propertiesMetadata" : {
      "metadata" : { }
    },
    "parametersMetadata" : {
      "metadata" : { }
    }
  } ],
  "providedDependencies" : [ {
    "majorSchemaVersion" : 3,
    "name" : "location-tracker-db-deployer",
    "isPublic" : false,
    "properties" : { },
    "parameters" : { },
    "propertiesMetadata" : {
      "metadata" : { }
    },
    "parametersMetadata" : {
      "metadata" : { }
    }
  } ],
  "propertiesMetadata" : {
    "metadata" : { }
  },
  "parametersMetadata" : {
    "metadata" : { }
  },
  "deployedAfter" : [ ],
  "hooks" : [ ]
}, {
  "majorSchemaVersion" : 3,
  "name" : "location-tracker-approuter",
  "type" : "javascript.nodejs",
  "path" : "location-tracker-approuter",
  "properties" : { },
  "parameters" : {
    "app-name" : "location-tracker-approuter",
    "buildpack" : "nodejs_buildpack",
    "default-app-name" : "location-tracker-approuter",
    "default-host" : "8cdc8e79trial-dev-location-tracker-approuter",
    "default-instances" : 1,
    "default-live-app-name" : "location-tracker-approuter",
    "default-live-domain" : "cfapps.ap21.hana.ondemand.com",
    "default-live-host" : "8cdc8e79trial-dev-location-tracker-approuter",
    "default-live-uri" : "8cdc8e79trial-dev-location-tracker-approuter.cfapps.ap21.hana.ondemand.com",
    "default-live-url" : "https://8cdc8e79trial-dev-location-tracker-approuter.cfapps.ap21.hana.ondemand.com",
    "default-uri" : "8cdc8e79trial-dev-location-tracker-approuter.cfapps.ap21.hana.ondemand.com",
    "default-url" : "https://8cdc8e79trial-dev-location-tracker-approuter.cfapps.ap21.hana.ondemand.com",
    "dependency-type" : "soft",
    "domain" : "cfapps.ap21.hana.ondemand.com",
    "generated-password" : "********",
    "generated-user" : "********",
    "host" : "8cdc8e79trial-dev-location-tracker-approuter",
    "instances" : 1,
    "keep-existing-routes" : true,
    "protocol" : "https"
  },
  "requiredDependencies" : [ {
    "majorSchemaVersion" : 3,
    "name" : "********",
    "properties" : { },
    "parameters" : { },
    "propertiesMetadata" : {
      "metadata" : { }
    },
    "parametersMetadata" : {
      "metadata" : { }
    }
  }, {
    "majorSchemaVersion" : 3,
    "name" : "srv-api",
    "group" : "destinations",
    "properties" : {
      "forwardAuthToken" : "********",
      "name" : "srv-api",
      "url" : "https://8cdc8e79trial-dev-location-tracker-srv.cfapps.ap21.hana.ondemand.com"
    },
    "parameters" : { },
    "propertiesMetadata" : {
      "metadata" : { }
    },
    "parametersMetadata" : {
      "metadata" : { }
    }
  } ],
  "providedDependencies" : [ {
    "majorSchemaVersion" : 3,
    "name" : "location-tracker-approuter",
    "isPublic" : false,
    "properties" : { },
    "parameters" : { },
    "propertiesMetadata" : {
      "metadata" : { }
    },
    "parametersMetadata" : {
      "metadata" : { }
    }
  } ],
  "propertiesMetadata" : {
    "metadata" : { }
  },
  "parametersMetadata" : {
    "metadata" : { }
  },
  "deployedAfter" : [ ],
  "hooks" : [ ]
} ]#
#2026 05 12 03:53:55.357#Z#DEBUG#2a4a60f1-4db6-11f1-b47b-eeee0a95f40c.OPERATION#flowable-async-job-executor-thread-14092#
Step "Compute Next Modules To Deploy" finished#
#2026 05 12 03:53:55.553#Z#DEBUG#2a4a60f1-4db6-11f1-b47b-eeee0a95f40c.OPERATION#flowable-async-job-executor-thread-14092#
[ProcessDescriptorStep] Executing task "reprocessDescriptorTask" of process "32a84151-4db6-11f1-b47b-eeee0a95f40c"...#
#2026 05 12 03:53:55.553#Z#DEBUG#2a4a60f1-4db6-11f1-b47b-eeee0a95f40c.OPERATION#flowable-async-job-executor-thread-14092#
[ProcessDescriptorStep] Resolving properties and parameters in merged descriptor...#
#2026 05 12 03:53:55.557#Z#DEBUG#2a4a60f1-4db6-11f1-b47b-eeee0a95f40c.OPERATION#flowable-async-job-executor-thread-14092#
[ProcessDescriptorStep] Subscriptions: [ ]#
#2026 05 12 03:53:55.562#Z#DEBUG#2a4a60f1-4db6-11f1-b47b-eeee0a95f40c.OPERATION#flowable-async-job-executor-thread-14092#
[ProcessDescriptorStep] MTA modules: [location-tracker-db-deployer, location-tracker-approuter, location-tracker-srv]#
#2026 05 12 03:53:55.564#Z#DEBUG#2a4a60f1-4db6-11f1-b47b-eeee0a95f40c.OPERATION#flowable-async-job-executor-thread-14092#
[ProcessDescriptorStep] Resolved deployment descriptor: {
  "majorSchemaVersion" : 3,
  "schemaVersion" : "3.3.0",
  "id" : "location-tracker",
  "version" : "1.0.0",
  "modules" : [ {
    "majorSchemaVersion" : 3,
    "name" : "location-tracker-srv",
    "type" : "javascript.nodejs",
    "path" : "location-tracker-srv",
    "properties" : { },
    "parameters" : {
      "default-url" : "https://8cdc8e79trial-dev-location-tracker-srv.cfapps.ap21.hana.ondemand.com",
      "default-app-name" : "location-tracker-srv",
      "generated-password" : "********",
      "default-live-url" : "https://8cdc8e79trial-dev-location-tracker-srv.cfapps.ap21.hana.ondemand.com",
      "default-uri" : "8cdc8e79trial-dev-location-tracker-srv.cfapps.ap21.hana.ondemand.com",
      "default-instances" : 1,
      "default-live-host" : "8cdc8e79trial-dev-location-tracker-srv",
      "instances" : 1,
      "buildpack" : "nodejs_buildpack",
      "default-host" : "8cdc8e79trial-dev-location-tracker-srv",
      "app-name" : "location-tracker-srv",
      "default-live-uri" : "8cdc8e79trial-dev-location-tracker-srv.cfapps.ap21.hana.ondemand.com",
      "protocol" : "https",
      "default-live-app-name" : "location-tracker-srv",
      "default-live-domain" : "cfapps.ap21.hana.ondemand.com",
      "domain" : "cfapps.ap21.hana.ondemand.com",
      "host" : "8cdc8e79trial-dev-location-tracker-srv",
      "generated-user" : "********"
    },
    "requiredDependencies" : [ {
      "majorSchemaVersion" : 3,
      "name" : "********",
      "properties" : { },
      "parameters" : { },
      "propertiesMetadata" : {
        "metadata" : { }
      },
      "parametersMetadata" : {
        "metadata" : { }
      }
    }, {
      "majorSchemaVersion" : 3,
      "name" : "location-tracker-db",
      "properties" : { },
      "parameters" : { },
      "propertiesMetadata" : {
        "metadata" : { }
      },
      "parametersMetadata" : {
        "metadata" : { }
      }
    } ],
    "providedDependencies" : [ {
      "majorSchemaVersion" : 3,
      "name" : "srv-api",
      "isPublic" : false,
      "properties" : {
        "srv-url" : "https://8cdc8e79trial-dev-location-tracker-srv.cfapps.ap21.hana.ondemand.com"
      },
      "parameters" : { },
      "propertiesMetadata" : {
        "metadata" : { }
      },
      "parametersMetadata" : {
        "metadata" : { }
      }
    }, {
      "majorSchemaVersion" : 3,
      "name" : "location-tracker-srv",
      "isPublic" : false,
      "properties" : { },
      "parameters" : { },
      "propertiesMetadata" : {
        "metadata" : { }
      },
      "parametersMetadata" : {
        "metadata" : { }
      }
    } ],
    "propertiesMetadata" : {
      "metadata" : { }
    },
    "parametersMetadata" : {
      "metadata" : { }
    },
    "hooks" : [ ]
  }, {
    "majorSchemaVersion" : 3,
    "name" : "location-tracker-db-deployer",
    "type" : "com.sap.xs.hdi",
    "path" : "location-tracker-db-deployer",
    "properties" : {
      "EXIT" : 1
    },
    "parameters" : {
      "default-url" : "https://8cdc8e79trial-dev-location-tracker-db-deployer.cfapps.ap21.hana.ondemand.com",
      "default-app-name" : "location-tracker-db-deployer",
      "generated-password" : "********",
      "default-live-url" : "https://8cdc8e79trial-dev-location-tracker-db-deployer.cfapps.ap21.hana.ondemand.com",
      "default-uri" : "8cdc8e79trial-dev-location-tracker-db-deployer.cfapps.ap21.hana.ondemand.com",
      "memory" : "256M",
      "default-instances" : 1,
      "no-route" : true,
      "default-live-host" : "8cdc8e79trial-dev-location-tracker-db-deployer",
      "instances" : 1,
      "buildpack" : "nodejs_buildpack",
      "default-host" : "8cdc8e79trial-dev-location-tracker-db-deployer",
      "app-name" : "location-tracker-db-deployer",
      "default-live-uri" : "8cdc8e79trial-dev-location-tracker-db-deployer.cfapps.ap21.hana.ondemand.com",
      "protocol" : "https",
      "default-live-app-name" : "location-tracker-db-deployer",
      "default-live-domain" : "cfapps.ap21.hana.ondemand.com",
      "dependency-type" : "hard",
      "domain" : "cfapps.ap21.hana.ondemand.com",
      "host" : "8cdc8e79trial-dev-location-tracker-db-deployer",
      "generated-user" : "********",
      "tasks" : [ {
        "command" : "npm start",
        "memory" : "256M",
        "name" : "deploy"
      } ],
      "no-start" : true
    },
    "requiredDependencies" : [ {
      "majorSchemaVersion" : 3,
      "name" : "location-tracker-db",
      "properties" : { },
      "parameters" : { },
      "propertiesMetadata" : {
        "metadata" : { }
      },
      "parametersMetadata" : {
        "metadata" : { }
      }
    } ],
    "providedDependencies" : [ {
      "majorSchemaVersion" : 3,
      "name" : "location-tracker-db-deployer",
      "isPublic" : false,
      "properties" : { },
      "parameters" : { },
      "propertiesMetadata" : {
        "metadata" : { }
      },
      "parametersMetadata" : {
        "metadata" : { }
      }
    } ],
    "propertiesMetadata" : {
      "metadata" : { }
    },
    "parametersMetadata" : {
      "metadata" : { }
    },
    "hooks" : [ ]
  }, {
    "majorSchemaVersion" : 3,
    "name" : "location-tracker-approuter",
    "type" : "javascript.nodejs",
    "path" : "location-tracker-approuter",
    "properties" : { },
    "parameters" : {
      "default-url" : "https://8cdc8e79trial-dev-location-tracker-approuter.cfapps.ap21.hana.ondemand.com",
      "default-app-name" : "location-tracker-approuter",
      "generated-password" : "********",
      "default-live-url" : "https://8cdc8e79trial-dev-location-tracker-approuter.cfapps.ap21.hana.ondemand.com",
      "default-uri" : "8cdc8e79trial-dev-location-tracker-approuter.cfapps.ap21.hana.ondemand.com",
      "default-instances" : 1,
      "default-live-host" : "8cdc8e79trial-dev-location-tracker-approuter",
      "instances" : 1,
      "buildpack" : "nodejs_buildpack",
      "default-host" : "8cdc8e79trial-dev-location-tracker-approuter",
      "keep-existing-routes" : true,
      "app-name" : "location-tracker-approuter",
      "default-live-uri" : "8cdc8e79trial-dev-location-tracker-approuter.cfapps.ap21.hana.ondemand.com",
      "protocol" : "https",
      "default-live-app-name" : "location-tracker-approuter",
      "default-live-domain" : "cfapps.ap21.hana.ondemand.com",
      "domain" : "cfapps.ap21.hana.ondemand.com",
      "host" : "8cdc8e79trial-dev-location-tracker-approuter",
      "generated-user" : "********"
    },
    "requiredDependencies" : [ {
      "majorSchemaVersion" : 3,
      "name" : "********",
      "properties" : { },
      "parameters" : { },
      "propertiesMetadata" : {
        "metadata" : { }
      },
      "parametersMetadata" : {
        "metadata" : { }
      }
    }, {
      "majorSchemaVersion" : 3,
      "name" : "srv-api",
      "group" : "destinations",
      "properties" : {
        "name" : "srv-api",
        "forwardAuthToken" : "********",
        "url" : "https://8cdc8e79trial-dev-location-tracker-srv.cfapps.ap21.hana.ondemand.com"
      },
      "parameters" : { },
      "propertiesMetadata" : {
        "metadata" : { }
      },
      "parametersMetadata" : {
        "metadata" : { }
      }
    } ],
    "providedDependencies" : [ {
      "majorSchemaVersion" : 3,
      "name" : "location-tracker-approuter",
      "isPublic" : false,
      "properties" : { },
      "parameters" : { },
      "propertiesMetadata" : {
        "metadata" : { }
      },
      "parametersMetadata" : {
        "metadata" : { }
      }
    } ],
    "propertiesMetadata" : {
      "metadata" : { }
    },
    "parametersMetadata" : {
      "metadata" : { }
    },
    "hooks" : [ ]
  } ],
  "resources" : [ {
    "majorSchemaVersion" : 3,
    "name" : "********",
    "type" : "org.cloudfoundry.managed-service",
    "properties" : { },
    "parameters" : {
      "generated-password" : "********",
      "path" : "./xs-security.json",
      "service-name" : "********",
      "service-plan" : "application",
      "service" : "xsuaa",
      "generated-user" : "********",
      "default-xsappname" : "********",
      "type" : "managed-service",
      "config" : {
        "oauth2-configuration" : "********",
        "role-collections" : [ {
          "description" : "generated",
          "name" : "FleetAdmin (location-tracker 8cdc8e79trial-dev)",
          "role-template-references" : [ "$XSAPPNAME.FleetAdmin" ]
        }, {
          "description" : "generated",
          "name" : "Driver (location-tracker 8cdc8e79trial-dev)",
          "role-template-references" : [ "$XSAPPNAME.Driver" ]
        } ],
        "tenant-mode" : "dedicated",
        "xsappname" : "location-tracker-8cdc8e79trial-dev"
      },
      "default-service-name" : "********",
      "default-container-name" : "********"
    },
    "isActive" : true,
    "isOptional" : false,
    "propertiesMetadata" : {
      "metadata" : { }
    },
    "parametersMetadata" : {
      "metadata" : { }
    },
    "requiredDependencies" : [ ],
    "processedAfter" : [ ]
  }, {
    "majorSchemaVersion" : 3,
    "name" : "location-tracker-db",
    "type" : "com.sap.xs.hdi-container",
    "properties" : { },
    "parameters" : {
      "generated-password" : "********",
      "service-name" : "location-tracker-db",
      "service-plan" : "hdi-shared",
      "service" : "hana",
      "generated-user" : "********",
      "default-xsappname" : "location-tracker-db",
      "type" : "managed-service",
      "default-service-name" : "location-tracker-db",
      "default-container-name" : "8CDC8E79TRIAL_DEV_LOCATION_TRACKER_DB"
    },
    "isActive" : true,
    "isOptional" : false,
    "propertiesMetadata" : {
      "metadata" : { }
    },
    "parametersMetadata" : {
      "metadata" : { }
    },
    "requiredDependencies" : [ ],
    "processedAfter" : [ ]
  } ],
  "parameters" : {
    "mta-id" : "location-tracker",
    "authorization-url" : "********",
    "org-guid" : "e798cb16-a193-4ee4-a228-ba147135aa22",
    "org" : "8cdc8e79trial",
    "deploy-target" : "8cdc8e79trial dev",
    "enable-parallel-deployments" : true,
    "region-primary-domain" : "ap21.hana.ondemand.com",
    "space" : "dev",
    "region-domain" : "ap21.hana.ondemand.com",
    "xs-api-url" : "https://api.cf.ap21.hana.ondemand.com",
    "deploy-url" : "deploy-service.cfapps.ap21.hana.ondemand.com",
    "xs-type" : "CF",
    "default-domain" : "cfapps.ap21.hana.ondemand.com",
    "mta-version" : "1.0.0",
    "xs-auth-url" : "********",
    "space-guid" : "27c06231-ae14-4b56-84fc-67ce3d72ceab",
    "user" : "********",
    "controller-url" : "https://api.cf.ap21.hana.ondemand.com",
    "timestamp" : "20260512035341"
  },
  "parametersMetadata" : {
    "metadata" : { }
  }
}#
#2026 05 12 03:53:55.564#Z#DEBUG#2a4a60f1-4db6-11f1-b47b-eeee0a95f40c.OPERATION#flowable-async-job-executor-thread-14092#
[ProcessDescriptorStep] Merged descriptor properties and parameters resolved#
#2026 05 12 03:53:55.564#Z#DEBUG#2a4a60f1-4db6-11f1-b47b-eeee0a95f40c.OPERATION#flowable-async-job-executor-thread-14092#
Step "Re-Process Descriptor Step" finished#
#2026 05 12 03:53:55.601#Z#DEBUG#2a4a60f1-4db6-11f1-b47b-eeee0a95f40c.OPERATION#flowable-async-job-executor-thread-14092#
[BuildApplicationDeployModelStep] Executing task "buildApplicationDeployModelTask" of process "32a84151-4db6-11f1-b47b-eeee0a95f40c"...#
#2026 05 12 03:53:55.603#Z#DEBUG#2a4a60f1-4db6-11f1-b47b-eeee0a95f40c.OPERATION#flowable-async-job-executor-thread-14092#
[BuildApplicationDeployModelStep] Building cloud deployment model for application "location-tracker-db-deployer"...#
#2026 05 12 03:53:55.608#Z#DEBUG#2a4a60f1-4db6-11f1-b47b-eeee0a95f40c.OPERATION#flowable-async-job-executor-thread-14092#
[BuildApplicationDeployModelStep] No health-check-type is specified. Setting default type: port#
#2026 05 12 03:53:55.609#Z#INFO#2a4a60f1-4db6-11f1-b47b-eeee0a95f40c.OPERATION#flowable-async-job-executor-thread-14092#
[BuildApplicationDeployModelStep] Building configuration entries for org 8cdc8e79trial, space dev, spaceId 27c06231-ae14-4b56-84fc-67ce3d72ceab and namespace null!#
#2026 05 12 03:53:55.609#Z#DEBUG#2a4a60f1-4db6-11f1-b47b-eeee0a95f40c.OPERATION#flowable-async-job-executor-thread-14092#
[BuildApplicationDeployModelStep] Configuration entries to publish: [ ]#
#2026 05 12 03:53:55.610#Z#DEBUG#2a4a60f1-4db6-11f1-b47b-eeee0a95f40c.OPERATION#flowable-async-job-executor-thread-14092#
[BuildApplicationDeployModelStep] Cloud deployment model for application built#
#2026 05 12 03:53:55.610#Z#DEBUG#2a4a60f1-4db6-11f1-b47b-eeee0a95f40c.OPERATION#flowable-async-job-executor-thread-14092#
Step "Build Application Deploy Model" finished#
#2026 05 12 03:53:55.652#Z#DEBUG#2a4a60f1-4db6-11f1-b47b-eeee0a95f40c.OPERATION#flowable-async-job-executor-thread-14092#
[CreateOrUpdateAppStep] Executing task "createAppTask" of process "32a84151-4db6-11f1-b47b-eeee0a95f40c"...#
#2026 05 12 03:53:55.654#Z#DEBUG#2a4a60f1-4db6-11f1-b47b-eeee0a95f40c.OPERATION#flowable-async-job-executor-thread-14092#
[CreateOrUpdateAppStep] Getting application "location-tracker-db-deployer"...#
#2026 05 12 03:53:55.703#Z#INFO#2a4a60f1-4db6-11f1-b47b-eeee0a95f40c.OPERATION#flowable-async-job-executor-thread-14092#
[CreateOrUpdateAppStep] Updating application "location-tracker-db-deployer"...#
#2026 05 12 03:53:55.714#Z#DEBUG#2a4a60f1-4db6-11f1-b47b-eeee0a95f40c.OPERATION#flowable-async-job-executor-thread-14092#
[CreateOrUpdateAppStep] Getting process for application "d8f6db78-8920-425b-9739-2f3f31b01b5b"...#
#2026 05 12 03:53:55.763#Z#DEBUG#2a4a60f1-4db6-11f1-b47b-eeee0a95f40c.OPERATION#flowable-async-job-executor-thread-14092#
[CreateOrUpdateAppStep] Getting routes for application "d8f6db78-8920-425b-9739-2f3f31b01b5b"...#
#2026 05 12 03:53:55.795#Z#DEBUG#2a4a60f1-4db6-11f1-b47b-eeee0a95f40c.OPERATION#flowable-async-job-executor-thread-14092#
[CreateOrUpdateAppStep] Getting features for application "d8f6db78-8920-425b-9739-2f3f31b01b5b"#
#2026 05 12 03:53:55.823#Z#DEBUG#2a4a60f1-4db6-11f1-b47b-eeee0a95f40c.OPERATION#flowable-async-job-executor-thread-14092#
[CreateOrUpdateAppStep] Updating staging of application "location-tracker-db-deployer" to: {
  "isReadinessHealthCheckEnabled" : true,
  "buildpacks" : [ "nodejs_buildpack" ],
  "healthCheckType" : "port",
  "appFeatures" : { }
}#
#2026 05 12 03:53:56.068#Z#DEBUG#2a4a60f1-4db6-11f1-b47b-eeee0a95f40c.OPERATION#flowable-async-job-executor-thread-14092#
[CreateOrUpdateAppStep] Application "location-tracker-db-deployer" updated#
#2026 05 12 03:53:56.068#Z#DEBUG#2a4a60f1-4db6-11f1-b47b-eeee0a95f40c.OPERATION#flowable-async-job-executor-thread-14092#
[CreateOrUpdateAppStep] Getting environment of application "d8f6db78-8920-425b-9739-2f3f31b01b5b"...#
#2026 05 12 03:53:56.166#Z#DEBUG#2a4a60f1-4db6-11f1-b47b-eeee0a95f40c.OPERATION#flowable-async-job-executor-thread-14092#
[CreateOrUpdateAppStep] Application "location-tracker-db-deployer" updated#
#2026 05 12 03:53:56.166#Z#DEBUG#2a4a60f1-4db6-11f1-b47b-eeee0a95f40c.OPERATION#flowable-async-job-executor-thread-14092#
Step "Create App" finished#
#2026 05 12 03:53:56.269#Z#DEBUG#2a4a60f1-4db6-11f1-b47b-eeee0a95f40c.OPERATION#flowable-async-job-executor-thread-14092#
[CheckServiceBindingOperationStep] Executing task "checkForServiceBindingOperationInProgress" of process "331ed034-4db6-11f1-b47b-eeee0a95f40c"...#
#2026 05 12 03:53:56.269#Z#DEBUG#2a4a60f1-4db6-11f1-b47b-eeee0a95f40c.OPERATION#flowable-async-job-executor-thread-14092#
[CheckServiceBindingOperationStep] Checking for service binding operation in progress between app "location-tracker-db-deployer" and service instance "location-tracker-db"#
#2026 05 12 03:53:56.270#Z#DEBUG#2a4a60f1-4db6-11f1-b47b-eeee0a95f40c.OPERATION#flowable-async-job-executor-thread-14092#
[CheckServiceBindingOperationStep] Getting application guid "location-tracker-db-deployer"...#
#2026 05 12 03:53:56.310#Z#DEBUG#2a4a60f1-4db6-11f1-b47b-eeee0a95f40c.OPERATION#flowable-async-job-executor-thread-14092#
[CheckServiceBindingOperationStep] Getting GUID of required service instance "location-tracker-db"...#
#2026 05 12 03:53:56.341#Z#DEBUG#2a4a60f1-4db6-11f1-b47b-eeee0a95f40c.OPERATION#flowable-async-job-executor-thread-14092#
[CheckServiceBindingOperationStep] Getting binding of service instance "9f1db384-76f3-4e65-9e84-c50afac5bdd2" with application "d8f6db78-8920-425b-9739-2f3f31b01b5b"...#
#2026 05 12 03:53:56.378#Z#DEBUG#2a4a60f1-4db6-11f1-b47b-eeee0a95f40c.OPERATION#flowable-async-job-executor-thread-14092#
[CheckServiceBindingOperationStep] Service binding operation "78641460-fc2d-4b62-9ce8-09f1f6953f47" with type "create" is in state "succeeded"#
#2026 05 12 03:53:56.378#Z#DEBUG#2a4a60f1-4db6-11f1-b47b-eeee0a95f40c.OPERATION#flowable-async-job-executor-thread-14092#
Step "Check For Service Binding Operation In Progress" finished#
#2026 05 12 03:53:56.394#Z#DEBUG#2a4a60f1-4db6-11f1-b47b-eeee0a95f40c.OPERATION#flowable-async-job-executor-thread-3121#
[ProcessDescriptorStep] Executing task "reprocessDescriptorTask" of process "3325608c-4db6-11f1-94ac-eeee0a908bed"...#
#2026 05 12 03:53:56.396#Z#DEBUG#2a4a60f1-4db6-11f1-b47b-eeee0a95f40c.OPERATION#flowable-async-job-executor-thread-3121#
[ProcessDescriptorStep] Resolving properties and parameters in merged descriptor...#
#2026 05 12 03:53:56.403#Z#DEBUG#2a4a60f1-4db6-11f1-b47b-eeee0a95f40c.OPERATION#flowable-async-job-executor-thread-3121#
[ProcessDescriptorStep] Subscriptions: [ ]#
#2026 05 12 03:53:56.414#Z#DEBUG#2a4a60f1-4db6-11f1-b47b-eeee0a95f40c.OPERATION#flowable-async-job-executor-thread-3121#
[ProcessDescriptorStep] MTA modules: [location-tracker-db-deployer, location-tracker-approuter, location-tracker-srv]#
#2026 05 12 03:53:56.419#Z#DEBUG#2a4a60f1-4db6-11f1-b47b-eeee0a95f40c.OPERATION#flowable-async-job-executor-thread-3121#
[ProcessDescriptorStep] Resolved deployment descriptor: {
  "majorSchemaVersion" : 3,
  "schemaVersion" : "3.3.0",
  "id" : "location-tracker",
  "version" : "1.0.0",
  "modules" : [ {
    "majorSchemaVersion" : 3,
    "name" : "location-tracker-srv",
    "type" : "javascript.nodejs",
    "path" : "location-tracker-srv",
    "properties" : { },
    "parameters" : {
      "default-url" : "https://8cdc8e79trial-dev-location-tracker-srv.cfapps.ap21.hana.ondemand.com",
      "default-app-name" : "location-tracker-srv",
      "generated-password" : "********",
      "default-live-url" : "https://8cdc8e79trial-dev-location-tracker-srv.cfapps.ap21.hana.ondemand.com",
      "default-uri" : "8cdc8e79trial-dev-location-tracker-srv.cfapps.ap21.hana.ondemand.com",
      "default-instances" : 1,
      "default-live-host" : "8cdc8e79trial-dev-location-tracker-srv",
      "instances" : 1,
      "buildpack" : "nodejs_buildpack",
      "default-host" : "8cdc8e79trial-dev-location-tracker-srv",
      "app-name" : "location-tracker-srv",
      "default-live-uri" : "8cdc8e79trial-dev-location-tracker-srv.cfapps.ap21.hana.ondemand.com",
      "protocol" : "https",
      "default-live-app-name" : "location-tracker-srv",
      "default-live-domain" : "cfapps.ap21.hana.ondemand.com",
      "domain" : "cfapps.ap21.hana.ondemand.com",
      "host" : "8cdc8e79trial-dev-location-tracker-srv",
      "generated-user" : "********"
    },
    "requiredDependencies" : [ {
      "majorSchemaVersion" : 3,
      "name" : "********",
      "properties" : { },
      "parameters" : { },
      "propertiesMetadata" : {
        "metadata" : { }
      },
      "parametersMetadata" : {
        "metadata" : { }
      }
    }, {
      "majorSchemaVersion" : 3,
      "name" : "location-tracker-db",
      "properties" : { },
      "parameters" : { },
      "propertiesMetadata" : {
        "metadata" : { }
      },
      "parametersMetadata" : {
        "metadata" : { }
      }
    } ],
    "providedDependencies" : [ {
      "majorSchemaVersion" : 3,
      "name" : "srv-api",
      "isPublic" : false,
      "properties" : {
        "srv-url" : "https://8cdc8e79trial-dev-location-tracker-srv.cfapps.ap21.hana.ondemand.com"
      },
      "parameters" : { },
      "propertiesMetadata" : {
        "metadata" : { }
      },
      "parametersMetadata" : {
        "metadata" : { }
      }
    }, {
      "majorSchemaVersion" : 3,
      "name" : "location-tracker-srv",
      "isPublic" : false,
      "properties" : { },
      "parameters" : { },
      "propertiesMetadata" : {
        "metadata" : { }
      },
      "parametersMetadata" : {
        "metadata" : { }
      }
    } ],
    "propertiesMetadata" : {
      "metadata" : { }
    },
    "parametersMetadata" : {
      "metadata" : { }
    },
    "hooks" : [ ]
  }, {
    "majorSchemaVersion" : 3,
    "name" : "location-tracker-db-deployer",
    "type" : "com.sap.xs.hdi",
    "path" : "location-tracker-db-deployer",
    "properties" : {
      "EXIT" : 1
    },
    "parameters" : {
      "default-url" : "https://8cdc8e79trial-dev-location-tracker-db-deployer.cfapps.ap21.hana.ondemand.com",
      "default-app-name" : "location-tracker-db-deployer",
      "generated-password" : "********",
      "default-live-url" : "https://8cdc8e79trial-dev-location-tracker-db-deployer.cfapps.ap21.hana.ondemand.com",
      "default-uri" : "8cdc8e79trial-dev-location-tracker-db-deployer.cfapps.ap21.hana.ondemand.com",
      "memory" : "256M",
      "default-instances" : 1,
      "no-route" : true,
      "default-live-host" : "8cdc8e79trial-dev-location-tracker-db-deployer",
      "instances" : 1,
      "buildpack" : "nodejs_buildpack",
      "default-host" : "8cdc8e79trial-dev-location-tracker-db-deployer",
      "app-name" : "location-tracker-db-deployer",
      "default-live-uri" : "8cdc8e79trial-dev-location-tracker-db-deployer.cfapps.ap21.hana.ondemand.com",
      "protocol" : "https",
      "default-live-app-name" : "location-tracker-db-deployer",
      "default-live-domain" : "cfapps.ap21.hana.ondemand.com",
      "dependency-type" : "hard",
      "domain" : "cfapps.ap21.hana.ondemand.com",
      "host" : "8cdc8e79trial-dev-location-tracker-db-deployer",
      "generated-user" : "********",
      "tasks" : [ {
        "command" : "npm start",
        "memory" : "256M",
        "name" : "deploy"
      } ],
      "no-start" : true
    },
    "requiredDependencies" : [ {
      "majorSchemaVersion" : 3,
      "name" : "location-tracker-db",
      "properties" : { },
      "parameters" : { },
      "propertiesMetadata" : {
        "metadata" : { }
      },
      "parametersMetadata" : {
        "metadata" : { }
      }
    } ],
    "providedDependencies" : [ {
      "majorSchemaVersion" : 3,
      "name" : "location-tracker-db-deployer",
      "isPublic" : false,
      "properties" : { },
      "parameters" : { },
      "propertiesMetadata" : {
        "metadata" : { }
      },
      "parametersMetadata" : {
        "metadata" : { }
      }
    } ],
    "propertiesMetadata" : {
      "metadata" : { }
    },
    "parametersMetadata" : {
      "metadata" : { }
    },
    "hooks" : [ ]
  }, {
    "majorSchemaVersion" : 3,
    "name" : "location-tracker-approuter",
    "type" : "javascript.nodejs",
    "path" : "location-tracker-approuter",
    "properties" : { },
    "parameters" : {
      "default-url" : "https://8cdc8e79trial-dev-location-tracker-approuter.cfapps.ap21.hana.ondemand.com",
      "default-app-name" : "location-tracker-approuter",
      "generated-password" : "********",
      "default-live-url" : "https://8cdc8e79trial-dev-location-tracker-approuter.cfapps.ap21.hana.ondemand.com",
      "default-uri" : "8cdc8e79trial-dev-location-tracker-approuter.cfapps.ap21.hana.ondemand.com",
      "default-instances" : 1,
      "default-live-host" : "8cdc8e79trial-dev-location-tracker-approuter",
      "instances" : 1,
      "buildpack" : "nodejs_buildpack",
      "default-host" : "8cdc8e79trial-dev-location-tracker-approuter",
      "keep-existing-routes" : true,
      "app-name" : "location-tracker-approuter",
      "default-live-uri" : "8cdc8e79trial-dev-location-tracker-approuter.cfapps.ap21.hana.ondemand.com",
      "protocol" : "https",
      "default-live-app-name" : "location-tracker-approuter",
      "default-live-domain" : "cfapps.ap21.hana.ondemand.com",
      "domain" : "cfapps.ap21.hana.ondemand.com",
      "host" : "8cdc8e79trial-dev-location-tracker-approuter",
      "generated-user" : "********"
    },
    "requiredDependencies" : [ {
      "majorSchemaVersion" : 3,
      "name" : "********",
      "properties" : { },
      "parameters" : { },
      "propertiesMetadata" : {
        "metadata" : { }
      },
      "parametersMetadata" : {
        "metadata" : { }
      }
    }, {
      "majorSchemaVersion" : 3,
      "name" : "srv-api",
      "group" : "destinations",
      "properties" : {
        "name" : "srv-api",
        "forwardAuthToken" : "********",
        "url" : "https://8cdc8e79trial-dev-location-tracker-srv.cfapps.ap21.hana.ondemand.com"
      },
      "parameters" : { },
      "propertiesMetadata" : {
        "metadata" : { }
      },
      "parametersMetadata" : {
        "metadata" : { }
      }
    } ],
    "providedDependencies" : [ {
      "majorSchemaVersion" : 3,
      "name" : "location-tracker-approuter",
      "isPublic" : false,
      "properties" : { },
      "parameters" : { },
      "propertiesMetadata" : {
        "metadata" : { }
      },
      "parametersMetadata" : {
        "metadata" : { }
      }
    } ],
    "propertiesMetadata" : {
      "metadata" : { }
    },
    "parametersMetadata" : {
      "metadata" : { }
    },
    "hooks" : [ ]
  } ],
  "resources" : [ {
    "majorSchemaVersion" : 3,
    "name" : "********",
    "type" : "org.cloudfoundry.managed-service",
    "properties" : { },
    "parameters" : {
      "generated-password" : "********",
      "path" : "./xs-security.json",
      "service-name" : "********",
      "service-plan" : "application",
      "service" : "xsuaa",
      "generated-user" : "********",
      "default-xsappname" : "********",
      "type" : "managed-service",
      "config" : {
        "oauth2-configuration" : "********",
        "role-collections" : [ {
          "description" : "generated",
          "name" : "FleetAdmin (location-tracker 8cdc8e79trial-dev)",
          "role-template-references" : [ "$XSAPPNAME.FleetAdmin" ]
        }, {
          "description" : "generated",
          "name" : "Driver (location-tracker 8cdc8e79trial-dev)",
          "role-template-references" : [ "$XSAPPNAME.Driver" ]
        } ],
        "tenant-mode" : "dedicated",
        "xsappname" : "location-tracker-8cdc8e79trial-dev"
      },
      "default-service-name" : "********",
      "default-container-name" : "********"
    },
    "isActive" : true,
    "isOptional" : false,
    "propertiesMetadata" : {
      "metadata" : { }
    },
    "parametersMetadata" : {
      "metadata" : { }
    },
    "requiredDependencies" : [ ],
    "processedAfter" : [ ]
  }, {
    "majorSchemaVersion" : 3,
    "name" : "location-tracker-db",
    "type" : "com.sap.xs.hdi-container",
    "properties" : { },
    "parameters" : {
      "generated-password" : "********",
      "service-name" : "location-tracker-db",
      "service-plan" : "hdi-shared",
      "service" : "hana",
      "generated-user" : "********",
      "default-xsappname" : "location-tracker-db",
      "type" : "managed-service",
      "default-service-name" : "location-tracker-db",
      "default-container-name" : "8CDC8E79TRIAL_DEV_LOCATION_TRACKER_DB"
    },
    "isActive" : true,
    "isOptional" : false,
    "propertiesMetadata" : {
      "metadata" : { }
    },
    "parametersMetadata" : {
      "metadata" : { }
    },
    "requiredDependencies" : [ ],
    "processedAfter" : [ ]
  } ],
  "parameters" : {
    "mta-id" : "location-tracker",
    "authorization-url" : "********",
    "org-guid" : "e798cb16-a193-4ee4-a228-ba147135aa22",
    "org" : "8cdc8e79trial",
    "deploy-target" : "8cdc8e79trial dev",
    "enable-parallel-deployments" : true,
    "region-primary-domain" : "ap21.hana.ondemand.com",
    "space" : "dev",
    "region-domain" : "ap21.hana.ondemand.com",
    "xs-api-url" : "https://api.cf.ap21.hana.ondemand.com",
    "deploy-url" : "deploy-service.cfapps.ap21.hana.ondemand.com",
    "xs-type" : "CF",
    "default-domain" : "cfapps.ap21.hana.ondemand.com",
    "mta-version" : "1.0.0",
    "xs-auth-url" : "********",
    "space-guid" : "27c06231-ae14-4b56-84fc-67ce3d72ceab",
    "user" : "********",
    "controller-url" : "https://api.cf.ap21.hana.ondemand.com",
    "timestamp" : "20260512035341"
  },
  "parametersMetadata" : {
    "metadata" : { }
  }
}#
#2026 05 12 03:53:56.419#Z#DEBUG#2a4a60f1-4db6-11f1-b47b-eeee0a95f40c.OPERATION#flowable-async-job-executor-thread-3121#
[ProcessDescriptorStep] Merged descriptor properties and parameters resolved#
#2026 05 12 03:53:56.419#Z#DEBUG#2a4a60f1-4db6-11f1-b47b-eeee0a95f40c.OPERATION#flowable-async-job-executor-thread-3121#
Step "Re-Process Descriptor Step" finished#
#2026 05 12 03:53:56.505#Z#DEBUG#2a4a60f1-4db6-11f1-b47b-eeee0a95f40c.OPERATION#flowable-async-job-executor-thread-3122#
[BuildApplicationDeployModelStep] Executing task "buildApplicationDeployModelTask" of process "3325608c-4db6-11f1-94ac-eeee0a908bed"...#
#2026 05 12 03:53:56.509#Z#DEBUG#2a4a60f1-4db6-11f1-b47b-eeee0a95f40c.OPERATION#flowable-async-job-executor-thread-3122#
[BuildApplicationDeployModelStep] Building cloud deployment model for application "location-tracker-approuter"...#
#2026 05 12 03:53:56.516#Z#DEBUG#2a4a60f1-4db6-11f1-b47b-eeee0a95f40c.OPERATION#flowable-async-job-executor-thread-3122#
[BuildApplicationDeployModelStep] Getting routes for application "33b337aa-3f96-4a05-9a6c-5fe500e4f2a3"...#
#2026 05 12 03:53:56.564#Z#DEBUG#2a4a60f1-4db6-11f1-b47b-eeee0a95f40c.OPERATION#flowable-async-job-executor-thread-3122#
[BuildApplicationDeployModelStep] No health-check-type is specified. Setting default type: port#
#2026 05 12 03:53:56.565#Z#INFO#2a4a60f1-4db6-11f1-b47b-eeee0a95f40c.OPERATION#flowable-async-job-executor-thread-3122#
[BuildApplicationDeployModelStep] Building configuration entries for org 8cdc8e79trial, space dev, spaceId 27c06231-ae14-4b56-84fc-67ce3d72ceab and namespace null!#
#2026 05 12 03:53:56.567#Z#DEBUG#2a4a60f1-4db6-11f1-b47b-eeee0a95f40c.OPERATION#flowable-async-job-executor-thread-3122#
[BuildApplicationDeployModelStep] Configuration entries to publish: [ ]#
#2026 05 12 03:53:56.567#Z#DEBUG#2a4a60f1-4db6-11f1-b47b-eeee0a95f40c.OPERATION#flowable-async-job-executor-thread-3122#
[BuildApplicationDeployModelStep] Cloud deployment model for application built#
#2026 05 12 03:53:56.567#Z#DEBUG#2a4a60f1-4db6-11f1-b47b-eeee0a95f40c.OPERATION#flowable-async-job-executor-thread-3122#
Step "Build Application Deploy Model" finished#
#2026 05 12 03:53:56.409#Z#DEBUG#2a4a60f1-4db6-11f1-b47b-eeee0a95f40c.OPERATION#flowable-async-job-executor-thread-14092#
[DetermineApplicationServiceBindingActionsStep] Executing task "determineApplicationServiceBindingActionsTask" of process "331ed034-4db6-11f1-b47b-eeee0a95f40c"...#
#2026 05 12 03:53:56.411#Z#DEBUG#2a4a60f1-4db6-11f1-b47b-eeee0a95f40c.OPERATION#flowable-async-job-executor-thread-14092#
[DetermineApplicationServiceBindingActionsStep] Determine bind/unbind operations of application "location-tracker-db-deployer" to service instance "location-tracker-db"#
#2026 05 12 03:53:56.411#Z#DEBUG#2a4a60f1-4db6-11f1-b47b-eeee0a95f40c.OPERATION#flowable-async-job-executor-thread-14092#
[DetermineApplicationServiceBindingActionsStep] Getting application "location-tracker-db-deployer"...#
#2026 05 12 03:53:56.464#Z#DEBUG#2a4a60f1-4db6-11f1-b47b-eeee0a95f40c.OPERATION#flowable-async-job-executor-thread-14092#
[DetermineApplicationServiceBindingActionsStep] Binding parameters for application "location-tracker-db-deployer": { }#
#2026 05 12 03:53:56.510#Z#DEBUG#2a4a60f1-4db6-11f1-b47b-eeee0a95f40c.OPERATION#flowable-async-job-executor-thread-14092#
[DetermineApplicationServiceBindingActionsStep] Check should rebind application "location-tracker-db-deployer" and service instance "location-tracker-db"#
#2026 05 12 03:53:56.510#Z#DEBUG#2a4a60f1-4db6-11f1-b47b-eeee0a95f40c.OPERATION#flowable-async-job-executor-thread-14092#
[DetermineApplicationServiceBindingActionsStep] Getting GUID of required service instance "location-tracker-db"...#
#2026 05 12 03:53:56.544#Z#DEBUG#2a4a60f1-4db6-11f1-b47b-eeee0a95f40c.OPERATION#flowable-async-job-executor-thread-14092#
[DetermineApplicationServiceBindingActionsStep] Getting binding of service instance "9f1db384-76f3-4e65-9e84-c50afac5bdd2" with application "d8f6db78-8920-425b-9739-2f3f31b01b5b"...#
#2026 05 12 03:53:56.583#Z#DEBUG#2a4a60f1-4db6-11f1-b47b-eeee0a95f40c.OPERATION#flowable-async-job-executor-thread-14092#
[DetermineApplicationServiceBindingActionsStep] Getting parameters of service binding "78641460-fc2d-4b62-9ce8-09f1f6953f47"...#
#2026 05 12 03:53:56.814#Z#INFO#2a4a60f1-4db6-11f1-b47b-eeee0a95f40c.OPERATION#flowable-async-job-executor-thread-14092#
[DetermineApplicationServiceBindingActionsStep] Service instance "location-tracker-db" will not be rebound to application "location-tracker-db-deployer" because the binding parameters are not modified#
#2026 05 12 03:53:56.823#Z#DEBUG#2a4a60f1-4db6-11f1-b47b-eeee0a95f40c.OPERATION#flowable-async-job-executor-thread-14092#
[DetermineApplicationServiceBindingActionsStep] Calculated binding operations between application "location-tracker-db-deployer" and service instance "location-tracker-db": unbind - false bind - false#
#2026 05 12 03:53:56.823#Z#DEBUG#2a4a60f1-4db6-11f1-b47b-eeee0a95f40c.OPERATION#flowable-async-job-executor-thread-14092#
Step "Determine Application Service Binding Actions" finished#
#2026 05 12 03:53:56.940#Z#DEBUG#2a4a60f1-4db6-11f1-b47b-eeee0a95f40c.OPERATION#flowable-async-job-executor-thread-14092#
[DetermineVcapServicesPropertiesChangedStep] Executing task "determineVcapServicesPropertiesChangedTask" of process "3385a86e-4db6-11f1-b47b-eeee0a95f40c"...#
#2026 05 12 03:53:56.941#Z#DEBUG#2a4a60f1-4db6-11f1-b47b-eeee0a95f40c.OPERATION#flowable-async-job-executor-thread-14092#
[DetermineVcapServicesPropertiesChangedStep] VCAP_SERVICES properties for application "location-tracker-db-deployer" changed: false#
#2026 05 12 03:53:56.941#Z#DEBUG#2a4a60f1-4db6-11f1-b47b-eeee0a95f40c.OPERATION#flowable-async-job-executor-thread-14092#
Step "Determine vcap services properties changed" finished#
#2026 05 12 03:53:56.656#Z#DEBUG#2a4a60f1-4db6-11f1-b47b-eeee0a95f40c.OPERATION#flowable-async-job-executor-thread-3123#
[CreateOrUpdateAppStep] Executing task "createAppTask" of process "3325608c-4db6-11f1-94ac-eeee0a908bed"...#
#2026 05 12 03:53:56.659#Z#DEBUG#2a4a60f1-4db6-11f1-b47b-eeee0a95f40c.OPERATION#flowable-async-job-executor-thread-3123#
[CreateOrUpdateAppStep] Getting application "location-tracker-approuter"...#
#2026 05 12 03:53:56.698#Z#INFO#2a4a60f1-4db6-11f1-b47b-eeee0a95f40c.OPERATION#flowable-async-job-executor-thread-3123#
[CreateOrUpdateAppStep] Updating application "location-tracker-approuter"...#
#2026 05 12 03:53:56.712#Z#DEBUG#2a4a60f1-4db6-11f1-b47b-eeee0a95f40c.OPERATION#flowable-async-job-executor-thread-3123#
[CreateOrUpdateAppStep] Getting process for application "33b337aa-3f96-4a05-9a6c-5fe500e4f2a3"...#
#2026 05 12 03:53:56.750#Z#DEBUG#2a4a60f1-4db6-11f1-b47b-eeee0a95f40c.OPERATION#flowable-async-job-executor-thread-3123#
[CreateOrUpdateAppStep] Getting routes for application "33b337aa-3f96-4a05-9a6c-5fe500e4f2a3"...#
#2026 05 12 03:53:56.808#Z#DEBUG#2a4a60f1-4db6-11f1-b47b-eeee0a95f40c.OPERATION#flowable-async-job-executor-thread-3123#
[CreateOrUpdateAppStep] Getting features for application "33b337aa-3f96-4a05-9a6c-5fe500e4f2a3"#
#2026 05 12 03:53:56.839#Z#DEBUG#2a4a60f1-4db6-11f1-b47b-eeee0a95f40c.OPERATION#flowable-async-job-executor-thread-3123#
[CreateOrUpdateAppStep] Updating staging of application "location-tracker-approuter" to: {
  "isReadinessHealthCheckEnabled" : true,
  "buildpacks" : [ "nodejs_buildpack" ],
  "healthCheckType" : "port",
  "appFeatures" : { }
}#
#2026 05 12 03:53:57.101#Z#DEBUG#2a4a60f1-4db6-11f1-b47b-eeee0a95f40c.OPERATION#flowable-async-job-executor-thread-3123#
[CreateOrUpdateAppStep] Application "location-tracker-approuter" updated#
#2026 05 12 03:53:57.101#Z#DEBUG#2a4a60f1-4db6-11f1-b47b-eeee0a95f40c.OPERATION#flowable-async-job-executor-thread-3123#
[CreateOrUpdateAppStep] Getting environment of application "33b337aa-3f96-4a05-9a6c-5fe500e4f2a3"...#
#2026 05 12 03:53:57.202#Z#DEBUG#2a4a60f1-4db6-11f1-b47b-eeee0a95f40c.OPERATION#flowable-async-job-executor-thread-3123#
[CreateOrUpdateAppStep] Application "location-tracker-approuter" updated#
#2026 05 12 03:53:57.202#Z#DEBUG#2a4a60f1-4db6-11f1-b47b-eeee0a95f40c.OPERATION#flowable-async-job-executor-thread-3123#
Step "Create App" finished#
#2026 05 12 03:53:56.975#Z#DEBUG#2a4a60f1-4db6-11f1-b47b-eeee0a95f40c.OPERATION#flowable-async-job-executor-thread-14092#
[UploadAppStep] Executing task "uploadAppTask" of process "3385a86e-4db6-11f1-b47b-eeee0a95f40c"...#
#2026 05 12 03:53:56.978#Z#DEBUG#2a4a60f1-4db6-11f1-b47b-eeee0a95f40c.OPERATION#flowable-async-job-executor-thread-14092#
[UploadAppStep] Application upload timeout is default one: 3,600 seconds#
#2026 05 12 03:53:56.978#Z#INFO#2a4a60f1-4db6-11f1-b47b-eeee0a95f40c.OPERATION#flowable-async-job-executor-thread-14092#
[UploadAppStep] Uploading application "location-tracker-db-deployer"...#
#2026 05 12 03:53:56.987#Z#DEBUG#2a4a60f1-4db6-11f1-b47b-eeee0a95f40c.OPERATION#flowable-async-job-executor-thread-14092#
[UploadAppStep] Getting application "location-tracker-db-deployer"...#
#2026 05 12 03:53:57.028#Z#DEBUG#2a4a60f1-4db6-11f1-b47b-eeee0a95f40c.OPERATION#flowable-async-job-executor-thread-14092#
[UploadAppStep] Getting environment of application "d8f6db78-8920-425b-9739-2f3f31b01b5b"...#
#2026 05 12 03:53:57.077#Z#INFO#2a4a60f1-4db6-11f1-b47b-eeee0a95f40c.OPERATION#flowable-async-job-executor-thread-14092#
[UploadAppStep] Calculating application digest: "location-tracker-db-deployer"#
#2026 05 12 03:53:57.231#Z#DEBUG#2a4a60f1-4db6-11f1-b47b-eeee0a95f40c.OPERATION#flowable-async-job-executor-thread-14092#
Step "Upload App" finished#
#2026 05 12 03:53:57.399#Z#DEBUG#2a4a60f1-4db6-11f1-b47b-eeee0a95f40c.OPERATION#flowable-async-job-executor-thread-4177#
[ProcessDescriptorStep] Executing task "reprocessDescriptorTask" of process "33c0415b-4db6-11f1-bedb-eeee0a8627e0"...#
#2026 05 12 03:53:57.400#Z#DEBUG#2a4a60f1-4db6-11f1-b47b-eeee0a95f40c.OPERATION#flowable-async-job-executor-thread-4177#
[ProcessDescriptorStep] Resolving properties and parameters in merged descriptor...#
#2026 05 12 03:53:57.404#Z#DEBUG#2a4a60f1-4db6-11f1-b47b-eeee0a95f40c.OPERATION#flowable-async-job-executor-thread-4177#
[ProcessDescriptorStep] Subscriptions: [ ]#
#2026 05 12 03:53:57.411#Z#DEBUG#2a4a60f1-4db6-11f1-b47b-eeee0a95f40c.OPERATION#flowable-async-job-executor-thread-4177#
[ProcessDescriptorStep] MTA modules: [location-tracker-db-deployer, location-tracker-approuter, location-tracker-srv]#
#2026 05 12 03:53:57.414#Z#DEBUG#2a4a60f1-4db6-11f1-b47b-eeee0a95f40c.OPERATION#flowable-async-job-executor-thread-4177#
[ProcessDescriptorStep] Resolved deployment descriptor: {
  "majorSchemaVersion" : 3,
  "schemaVersion" : "3.3.0",
  "id" : "location-tracker",
  "version" : "1.0.0",
  "modules" : [ {
    "majorSchemaVersion" : 3,
    "name" : "location-tracker-srv",
    "type" : "javascript.nodejs",
    "path" : "location-tracker-srv",
    "properties" : { },
    "parameters" : {
      "default-url" : "https://8cdc8e79trial-dev-location-tracker-srv.cfapps.ap21.hana.ondemand.com",
      "default-app-name" : "location-tracker-srv",
      "generated-password" : "********",
      "default-live-url" : "https://8cdc8e79trial-dev-location-tracker-srv.cfapps.ap21.hana.ondemand.com",
      "default-uri" : "8cdc8e79trial-dev-location-tracker-srv.cfapps.ap21.hana.ondemand.com",
      "default-instances" : 1,
      "default-live-host" : "8cdc8e79trial-dev-location-tracker-srv",
      "instances" : 1,
      "buildpack" : "nodejs_buildpack",
      "default-host" : "8cdc8e79trial-dev-location-tracker-srv",
      "app-name" : "location-tracker-srv",
      "default-live-uri" : "8cdc8e79trial-dev-location-tracker-srv.cfapps.ap21.hana.ondemand.com",
      "protocol" : "https",
      "default-live-app-name" : "location-tracker-srv",
      "default-live-domain" : "cfapps.ap21.hana.ondemand.com",
      "domain" : "cfapps.ap21.hana.ondemand.com",
      "host" : "8cdc8e79trial-dev-location-tracker-srv",
      "generated-user" : "********"
    },
    "requiredDependencies" : [ {
      "majorSchemaVersion" : 3,
      "name" : "********",
      "properties" : { },
      "parameters" : { },
      "propertiesMetadata" : {
        "metadata" : { }
      },
      "parametersMetadata" : {
        "metadata" : { }
      }
    }, {
      "majorSchemaVersion" : 3,
      "name" : "location-tracker-db",
      "properties" : { },
      "parameters" : { },
      "propertiesMetadata" : {
        "metadata" : { }
      },
      "parametersMetadata" : {
        "metadata" : { }
      }
    } ],
    "providedDependencies" : [ {
      "majorSchemaVersion" : 3,
      "name" : "srv-api",
      "isPublic" : false,
      "properties" : {
        "srv-url" : "https://8cdc8e79trial-dev-location-tracker-srv.cfapps.ap21.hana.ondemand.com"
      },
      "parameters" : { },
      "propertiesMetadata" : {
        "metadata" : { }
      },
      "parametersMetadata" : {
        "metadata" : { }
      }
    }, {
      "majorSchemaVersion" : 3,
      "name" : "location-tracker-srv",
      "isPublic" : false,
      "properties" : { },
      "parameters" : { },
      "propertiesMetadata" : {
        "metadata" : { }
      },
      "parametersMetadata" : {
        "metadata" : { }
      }
    } ],
    "propertiesMetadata" : {
      "metadata" : { }
    },
    "parametersMetadata" : {
      "metadata" : { }
    },
    "hooks" : [ ]
  }, {
    "majorSchemaVersion" : 3,
    "name" : "location-tracker-db-deployer",
    "type" : "com.sap.xs.hdi",
    "path" : "location-tracker-db-deployer",
    "properties" : {
      "EXIT" : 1
    },
    "parameters" : {
      "default-url" : "https://8cdc8e79trial-dev-location-tracker-db-deployer.cfapps.ap21.hana.ondemand.com",
      "default-app-name" : "location-tracker-db-deployer",
      "generated-password" : "********",
      "default-live-url" : "https://8cdc8e79trial-dev-location-tracker-db-deployer.cfapps.ap21.hana.ondemand.com",
      "default-uri" : "8cdc8e79trial-dev-location-tracker-db-deployer.cfapps.ap21.hana.ondemand.com",
      "memory" : "256M",
      "default-instances" : 1,
      "no-route" : true,
      "default-live-host" : "8cdc8e79trial-dev-location-tracker-db-deployer",
      "instances" : 1,
      "buildpack" : "nodejs_buildpack",
      "default-host" : "8cdc8e79trial-dev-location-tracker-db-deployer",
      "app-name" : "location-tracker-db-deployer",
      "default-live-uri" : "8cdc8e79trial-dev-location-tracker-db-deployer.cfapps.ap21.hana.ondemand.com",
      "protocol" : "https",
      "default-live-app-name" : "location-tracker-db-deployer",
      "default-live-domain" : "cfapps.ap21.hana.ondemand.com",
      "dependency-type" : "hard",
      "domain" : "cfapps.ap21.hana.ondemand.com",
      "host" : "8cdc8e79trial-dev-location-tracker-db-deployer",
      "generated-user" : "********",
      "tasks" : [ {
        "command" : "npm start",
        "memory" : "256M",
        "name" : "deploy"
      } ],
      "no-start" : true
    },
    "requiredDependencies" : [ {
      "majorSchemaVersion" : 3,
      "name" : "location-tracker-db",
      "properties" : { },
      "parameters" : { },
      "propertiesMetadata" : {
        "metadata" : { }
      },
      "parametersMetadata" : {
        "metadata" : { }
      }
    } ],
    "providedDependencies" : [ {
      "majorSchemaVersion" : 3,
      "name" : "location-tracker-db-deployer",
      "isPublic" : false,
      "properties" : { },
      "parameters" : { },
      "propertiesMetadata" : {
        "metadata" : { }
      },
      "parametersMetadata" : {
        "metadata" : { }
      }
    } ],
    "propertiesMetadata" : {
      "metadata" : { }
    },
    "parametersMetadata" : {
      "metadata" : { }
    },
    "hooks" : [ ]
  }, {
    "majorSchemaVersion" : 3,
    "name" : "location-tracker-approuter",
    "type" : "javascript.nodejs",
    "path" : "location-tracker-approuter",
    "properties" : { },
    "parameters" : {
      "default-url" : "https://8cdc8e79trial-dev-location-tracker-approuter.cfapps.ap21.hana.ondemand.com",
      "default-app-name" : "location-tracker-approuter",
      "generated-password" : "********",
      "default-live-url" : "https://8cdc8e79trial-dev-location-tracker-approuter.cfapps.ap21.hana.ondemand.com",
      "default-uri" : "8cdc8e79trial-dev-location-tracker-approuter.cfapps.ap21.hana.ondemand.com",
      "default-instances" : 1,
      "default-live-host" : "8cdc8e79trial-dev-location-tracker-approuter",
      "instances" : 1,
      "buildpack" : "nodejs_buildpack",
      "default-host" : "8cdc8e79trial-dev-location-tracker-approuter",
      "keep-existing-routes" : true,
      "app-name" : "location-tracker-approuter",
      "default-live-uri" : "8cdc8e79trial-dev-location-tracker-approuter.cfapps.ap21.hana.ondemand.com",
      "protocol" : "https",
      "default-live-app-name" : "location-tracker-approuter",
      "default-live-domain" : "cfapps.ap21.hana.ondemand.com",
      "domain" : "cfapps.ap21.hana.ondemand.com",
      "host" : "8cdc8e79trial-dev-location-tracker-approuter",
      "generated-user" : "********"
    },
    "requiredDependencies" : [ {
      "majorSchemaVersion" : 3,
      "name" : "********",
      "properties" : { },
      "parameters" : { },
      "propertiesMetadata" : {
        "metadata" : { }
      },
      "parametersMetadata" : {
        "metadata" : { }
      }
    }, {
      "majorSchemaVersion" : 3,
      "name" : "srv-api",
      "group" : "destinations",
      "properties" : {
        "name" : "srv-api",
        "forwardAuthToken" : "********",
        "url" : "https://8cdc8e79trial-dev-location-tracker-srv.cfapps.ap21.hana.ondemand.com"
      },
      "parameters" : { },
      "propertiesMetadata" : {
        "metadata" : { }
      },
      "parametersMetadata" : {
        "metadata" : { }
      }
    } ],
    "providedDependencies" : [ {
      "majorSchemaVersion" : 3,
      "name" : "location-tracker-approuter",
      "isPublic" : false,
      "properties" : { },
      "parameters" : { },
      "propertiesMetadata" : {
        "metadata" : { }
      },
      "parametersMetadata" : {
        "metadata" : { }
      }
    } ],
    "propertiesMetadata" : {
      "metadata" : { }
    },
    "parametersMetadata" : {
      "metadata" : { }
    },
    "hooks" : [ ]
  } ],
  "resources" : [ {
    "majorSchemaVersion" : 3,
    "name" : "********",
    "type" : "org.cloudfoundry.managed-service",
    "properties" : { },
    "parameters" : {
      "generated-password" : "********",
      "path" : "./xs-security.json",
      "service-name" : "********",
      "service-plan" : "application",
      "service" : "xsuaa",
      "generated-user" : "********",
      "default-xsappname" : "********",
      "type" : "managed-service",
      "config" : {
        "oauth2-configuration" : "********",
        "role-collections" : [ {
          "description" : "generated",
          "name" : "FleetAdmin (location-tracker 8cdc8e79trial-dev)",
          "role-template-references" : [ "$XSAPPNAME.FleetAdmin" ]
        }, {
          "description" : "generated",
          "name" : "Driver (location-tracker 8cdc8e79trial-dev)",
          "role-template-references" : [ "$XSAPPNAME.Driver" ]
        } ],
        "tenant-mode" : "dedicated",
        "xsappname" : "location-tracker-8cdc8e79trial-dev"
      },
      "default-service-name" : "********",
      "default-container-name" : "********"
    },
    "isActive" : true,
    "isOptional" : false,
    "propertiesMetadata" : {
      "metadata" : { }
    },
    "parametersMetadata" : {
      "metadata" : { }
    },
    "requiredDependencies" : [ ],
    "processedAfter" : [ ]
  }, {
    "majorSchemaVersion" : 3,
    "name" : "location-tracker-db",
    "type" : "com.sap.xs.hdi-container",
    "properties" : { },
    "parameters" : {
      "generated-password" : "********",
      "service-name" : "location-tracker-db",
      "service-plan" : "hdi-shared",
      "service" : "hana",
      "generated-user" : "********",
      "default-xsappname" : "location-tracker-db",
      "type" : "managed-service",
      "default-service-name" : "location-tracker-db",
      "default-container-name" : "8CDC8E79TRIAL_DEV_LOCATION_TRACKER_DB"
    },
    "isActive" : true,
    "isOptional" : false,
    "propertiesMetadata" : {
      "metadata" : { }
    },
    "parametersMetadata" : {
      "metadata" : { }
    },
    "requiredDependencies" : [ ],
    "processedAfter" : [ ]
  } ],
  "parameters" : {
    "mta-id" : "location-tracker",
    "authorization-url" : "********",
    "org-guid" : "e798cb16-a193-4ee4-a228-ba147135aa22",
    "org" : "8cdc8e79trial",
    "deploy-target" : "8cdc8e79trial dev",
    "enable-parallel-deployments" : true,
    "region-primary-domain" : "ap21.hana.ondemand.com",
    "space" : "dev",
    "region-domain" : "ap21.hana.ondemand.com",
    "xs-api-url" : "https://api.cf.ap21.hana.ondemand.com",
    "deploy-url" : "deploy-service.cfapps.ap21.hana.ondemand.com",
    "xs-type" : "CF",
    "default-domain" : "cfapps.ap21.hana.ondemand.com",
    "mta-version" : "1.0.0",
    "xs-auth-url" : "********",
    "space-guid" : "27c06231-ae14-4b56-84fc-67ce3d72ceab",
    "user" : "********",
    "controller-url" : "https://api.cf.ap21.hana.ondemand.com",
    "timestamp" : "20260512035341"
  },
  "parametersMetadata" : {
    "metadata" : { }
  }
}#
#2026 05 12 03:53:57.414#Z#DEBUG#2a4a60f1-4db6-11f1-b47b-eeee0a95f40c.OPERATION#flowable-async-job-executor-thread-4177#
[ProcessDescriptorStep] Merged descriptor properties and parameters resolved#
#2026 05 12 03:53:57.414#Z#DEBUG#2a4a60f1-4db6-11f1-b47b-eeee0a95f40c.OPERATION#flowable-async-job-executor-thread-4177#
Step "Re-Process Descriptor Step" finished#
#2026 05 12 03:53:57.454#Z#DEBUG#2a4a60f1-4db6-11f1-b47b-eeee0a95f40c.OPERATION#flowable-async-job-executor-thread-4178#
[BuildApplicationDeployModelStep] Executing task "buildApplicationDeployModelTask" of process "33c0415b-4db6-11f1-bedb-eeee0a8627e0"...#
#2026 05 12 03:53:57.457#Z#DEBUG#2a4a60f1-4db6-11f1-b47b-eeee0a95f40c.OPERATION#flowable-async-job-executor-thread-4178#
[BuildApplicationDeployModelStep] Building cloud deployment model for application "location-tracker-srv"...#
#2026 05 12 03:53:57.463#Z#DEBUG#2a4a60f1-4db6-11f1-b47b-eeee0a95f40c.OPERATION#flowable-async-job-executor-thread-4178#
[BuildApplicationDeployModelStep] No health-check-type is specified. Setting default type: port#
#2026 05 12 03:53:57.464#Z#INFO#2a4a60f1-4db6-11f1-b47b-eeee0a95f40c.OPERATION#flowable-async-job-executor-thread-4178#
[BuildApplicationDeployModelStep] Building configuration entries for org 8cdc8e79trial, space dev, spaceId 27c06231-ae14-4b56-84fc-67ce3d72ceab and namespace null!#
#2026 05 12 03:53:57.464#Z#DEBUG#2a4a60f1-4db6-11f1-b47b-eeee0a95f40c.OPERATION#flowable-async-job-executor-thread-4178#
[BuildApplicationDeployModelStep] Configuration entries to publish: [ ]#
#2026 05 12 03:53:57.464#Z#DEBUG#2a4a60f1-4db6-11f1-b47b-eeee0a95f40c.OPERATION#flowable-async-job-executor-thread-4178#
[BuildApplicationDeployModelStep] Cloud deployment model for application built#
#2026 05 12 03:53:57.464#Z#DEBUG#2a4a60f1-4db6-11f1-b47b-eeee0a95f40c.OPERATION#flowable-async-job-executor-thread-4178#
Step "Build Application Deploy Model" finished#
#2026 05 12 03:53:57.395#Z#DEBUG#2a4a60f1-4db6-11f1-b47b-eeee0a95f40c.OPERATION#flowable-async-job-executor-thread-3125#
[CheckServiceBindingOperationStep] Executing task "checkForServiceBindingOperationInProgress" of process "33c3e9cf-4db6-11f1-94ac-eeee0a908bed"...#
#2026 05 12 03:53:57.396#Z#DEBUG#2a4a60f1-4db6-11f1-b47b-eeee0a95f40c.OPERATION#flowable-async-job-executor-thread-3125#
[CheckServiceBindingOperationStep] Checking for service binding operation in progress between app "location-tracker-approuter" and service instance "location-tracker-auth"#
#2026 05 12 03:53:57.397#Z#DEBUG#2a4a60f1-4db6-11f1-b47b-eeee0a95f40c.OPERATION#flowable-async-job-executor-thread-3125#
[CheckServiceBindingOperationStep] Getting application guid "location-tracker-approuter"...#
#2026 05 12 03:53:57.441#Z#DEBUG#2a4a60f1-4db6-11f1-b47b-eeee0a95f40c.OPERATION#flowable-async-job-executor-thread-3125#
[CheckServiceBindingOperationStep] Getting GUID of required service instance "location-tracker-auth"...#
#2026 05 12 03:53:57.477#Z#DEBUG#2a4a60f1-4db6-11f1-b47b-eeee0a95f40c.OPERATION#flowable-async-job-executor-thread-3125#
[CheckServiceBindingOperationStep] Getting binding of service instance "f65f8b02-5dca-4437-a03d-a9b5f4b53153" with application "33b337aa-3f96-4a05-9a6c-5fe500e4f2a3"...#
#2026 05 12 03:53:57.509#Z#DEBUG#2a4a60f1-4db6-11f1-b47b-eeee0a95f40c.OPERATION#flowable-async-job-executor-thread-3125#
[CheckServiceBindingOperationStep] Service binding operation "2970bf40-ab69-45d3-a461-7828f9c335ad" with type "create" is in state "succeeded"#
#2026 05 12 03:53:57.509#Z#DEBUG#2a4a60f1-4db6-11f1-b47b-eeee0a95f40c.OPERATION#flowable-async-job-executor-thread-3125#
Step "Check For Service Binding Operation In Progress" finished#
#2026 05 12 03:53:57.564#Z#DEBUG#2a4a60f1-4db6-11f1-b47b-eeee0a95f40c.OPERATION#flowable-async-job-executor-thread-3126#
[DetermineApplicationServiceBindingActionsStep] Executing task "determineApplicationServiceBindingActionsTask" of process "33c3e9cf-4db6-11f1-94ac-eeee0a908bed"...#
#2026 05 12 03:53:57.567#Z#DEBUG#2a4a60f1-4db6-11f1-b47b-eeee0a95f40c.OPERATION#flowable-async-job-executor-thread-3126#
[DetermineApplicationServiceBindingActionsStep] Determine bind/unbind operations of application "location-tracker-approuter" to service instance "location-tracker-auth"#
#2026 05 12 03:53:57.567#Z#DEBUG#2a4a60f1-4db6-11f1-b47b-eeee0a95f40c.OPERATION#flowable-async-job-executor-thread-3126#
[DetermineApplicationServiceBindingActionsStep] Getting application "location-tracker-approuter"...#
#2026 05 12 03:53:57.610#Z#DEBUG#2a4a60f1-4db6-11f1-b47b-eeee0a95f40c.OPERATION#flowable-async-job-executor-thread-3126#
[DetermineApplicationServiceBindingActionsStep] Binding parameters for application "location-tracker-approuter": { }#
#2026 05 12 03:53:57.651#Z#DEBUG#2a4a60f1-4db6-11f1-b47b-eeee0a95f40c.OPERATION#flowable-async-job-executor-thread-3126#
[DetermineApplicationServiceBindingActionsStep] Check should rebind application "location-tracker-approuter" and service instance "location-tracker-auth"#
#2026 05 12 03:53:57.651#Z#DEBUG#2a4a60f1-4db6-11f1-b47b-eeee0a95f40c.OPERATION#flowable-async-job-executor-thread-3126#
[DetermineApplicationServiceBindingActionsStep] Getting GUID of required service instance "location-tracker-auth"...#
#2026 05 12 03:53:57.691#Z#DEBUG#2a4a60f1-4db6-11f1-b47b-eeee0a95f40c.OPERATION#flowable-async-job-executor-thread-3126#
[DetermineApplicationServiceBindingActionsStep] Getting binding of service instance "f65f8b02-5dca-4437-a03d-a9b5f4b53153" with application "33b337aa-3f96-4a05-9a6c-5fe500e4f2a3"...#
#2026 05 12 03:53:57.735#Z#DEBUG#2a4a60f1-4db6-11f1-b47b-eeee0a95f40c.OPERATION#flowable-async-job-executor-thread-3126#
[DetermineApplicationServiceBindingActionsStep] Getting parameters of service binding "2970bf40-ab69-45d3-a461-7828f9c335ad"...#
#2026 05 12 03:53:57.774#Z#WARN#2a4a60f1-4db6-11f1-b47b-eeee0a95f40c.OPERATION#flowable-async-job-executor-thread-3126#
[DetermineApplicationServiceBindingActionsStep] Cannot retrieve parameters of binding between application "location-tracker-approuter" and service instance "location-tracker-auth"#
#2026 05 12 03:53:57.776#Z#DEBUG#2a4a60f1-4db6-11f1-b47b-eeee0a95f40c.OPERATION#flowable-async-job-executor-thread-3126#
[DetermineApplicationServiceBindingActionsStep] Calculated binding operations between application "location-tracker-approuter" and service instance "location-tracker-auth": unbind - true bind - true#
#2026 05 12 03:53:57.776#Z#DEBUG#2a4a60f1-4db6-11f1-b47b-eeee0a95f40c.OPERATION#flowable-async-job-executor-thread-3126#
Step "Determine Application Service Binding Actions" finished#
#2026 05 12 03:53:57.528#Z#DEBUG#2a4a60f1-4db6-11f1-b47b-eeee0a95f40c.OPERATION#flowable-async-job-executor-thread-4179#
[CreateOrUpdateAppStep] Executing task "createAppTask" of process "33c0415b-4db6-11f1-bedb-eeee0a8627e0"...#
#2026 05 12 03:53:57.530#Z#DEBUG#2a4a60f1-4db6-11f1-b47b-eeee0a95f40c.OPERATION#flowable-async-job-executor-thread-4179#
[CreateOrUpdateAppStep] Getting application "location-tracker-srv"...#
#2026 05 12 03:53:57.568#Z#INFO#2a4a60f1-4db6-11f1-b47b-eeee0a95f40c.OPERATION#flowable-async-job-executor-thread-4179#
[CreateOrUpdateAppStep] Updating application "location-tracker-srv"...#
#2026 05 12 03:53:57.578#Z#DEBUG#2a4a60f1-4db6-11f1-b47b-eeee0a95f40c.OPERATION#flowable-async-job-executor-thread-4179#
[CreateOrUpdateAppStep] Getting process for application "89df08ac-9c69-404a-9ee2-4d34f41e6d70"...#
#2026 05 12 03:53:57.620#Z#DEBUG#2a4a60f1-4db6-11f1-b47b-eeee0a95f40c.OPERATION#flowable-async-job-executor-thread-4179#
[CreateOrUpdateAppStep] Getting routes for application "89df08ac-9c69-404a-9ee2-4d34f41e6d70"...#
#2026 05 12 03:53:57.656#Z#DEBUG#2a4a60f1-4db6-11f1-b47b-eeee0a95f40c.OPERATION#flowable-async-job-executor-thread-4179#
[CreateOrUpdateAppStep] Getting features for application "89df08ac-9c69-404a-9ee2-4d34f41e6d70"#
#2026 05 12 03:53:57.683#Z#DEBUG#2a4a60f1-4db6-11f1-b47b-eeee0a95f40c.OPERATION#flowable-async-job-executor-thread-4179#
[CreateOrUpdateAppStep] Updating staging of application "location-tracker-srv" to: {
  "isReadinessHealthCheckEnabled" : true,
  "buildpacks" : [ "nodejs_buildpack" ],
  "healthCheckType" : "port",
  "appFeatures" : { }
}#
#2026 05 12 03:53:57.947#Z#DEBUG#2a4a60f1-4db6-11f1-b47b-eeee0a95f40c.OPERATION#flowable-async-job-executor-thread-4179#
[CreateOrUpdateAppStep] Application "location-tracker-srv" updated#
#2026 05 12 03:53:57.947#Z#DEBUG#2a4a60f1-4db6-11f1-b47b-eeee0a95f40c.OPERATION#flowable-async-job-executor-thread-4179#
[CreateOrUpdateAppStep] Getting environment of application "89df08ac-9c69-404a-9ee2-4d34f41e6d70"...#
#2026 05 12 03:53:58.050#Z#DEBUG#2a4a60f1-4db6-11f1-b47b-eeee0a95f40c.OPERATION#flowable-async-job-executor-thread-4179#
[CreateOrUpdateAppStep] Application "location-tracker-srv" updated#
#2026 05 12 03:53:58.050#Z#DEBUG#2a4a60f1-4db6-11f1-b47b-eeee0a95f40c.OPERATION#flowable-async-job-executor-thread-4179#
Step "Create App" finished#
#2026 05 12 03:53:57.847#Z#DEBUG#2a4a60f1-4db6-11f1-b47b-eeee0a95f40c.OPERATION#flowable-async-job-executor-thread-3120#
[UnbindServiceFromApplicationStep] Executing task "unbindServiceFromApplicationTask" of process "33c3e9cf-4db6-11f1-94ac-eeee0a908bed"...#
#2026 05 12 03:53:57.864#Z#INFO#2a4a60f1-4db6-11f1-b47b-eeee0a95f40c.OPERATION#flowable-async-job-executor-thread-3120#
[UnbindServiceFromApplicationStep] Unbinding service instance "location-tracker-auth" from application "location-tracker-approuter"...#
#2026 05 12 03:53:57.876#Z#DEBUG#2a4a60f1-4db6-11f1-b47b-eeee0a95f40c.OPERATION#flowable-async-job-executor-thread-3120#
[UnbindServiceFromApplicationStep] Unbinding application "location-tracker-approuter" from service instance "location-tracker-auth"...#
#2026 05 12 03:53:58.089#Z#DEBUG#2a4a60f1-4db6-11f1-b47b-eeee0a95f40c.OPERATION#flowable-async-job-executor-thread-3120#
Step "Unbind Service from Application" finished#
#2026 05 12 03:53:58.180#Z#DEBUG#2a4a60f1-4db6-11f1-b47b-eeee0a95f40c.OPERATION#flowable-async-job-executor-thread-4179#
[CheckServiceBindingOperationStep] Executing task "checkForServiceBindingOperationInProgress" of process "34415793-4db6-11f1-bedb-eeee0a8627e0"...#
#2026 05 12 03:53:58.181#Z#DEBUG#2a4a60f1-4db6-11f1-b47b-eeee0a95f40c.OPERATION#flowable-async-job-executor-thread-4179#
[CheckServiceBindingOperationStep] Checking for service binding operation in progress between app "location-tracker-srv" and service instance "location-tracker-auth"#
#2026 05 12 03:53:58.182#Z#DEBUG#2a4a60f1-4db6-11f1-b47b-eeee0a95f40c.OPERATION#flowable-async-job-executor-thread-4179#
[CheckServiceBindingOperationStep] Getting application guid "location-tracker-srv"...#
#2026 05 12 03:53:58.218#Z#DEBUG#2a4a60f1-4db6-11f1-b47b-eeee0a95f40c.OPERATION#flowable-async-job-executor-thread-4179#
[CheckServiceBindingOperationStep] Getting GUID of required service instance "location-tracker-auth"...#
#2026 05 12 03:53:58.255#Z#DEBUG#2a4a60f1-4db6-11f1-b47b-eeee0a95f40c.OPERATION#flowable-async-job-executor-thread-4179#
[CheckServiceBindingOperationStep] Getting binding of service instance "f65f8b02-5dca-4437-a03d-a9b5f4b53153" with application "89df08ac-9c69-404a-9ee2-4d34f41e6d70"...#
#2026 05 12 03:53:58.292#Z#DEBUG#2a4a60f1-4db6-11f1-b47b-eeee0a95f40c.OPERATION#flowable-async-job-executor-thread-4179#
[CheckServiceBindingOperationStep] Service binding operation "36746de3-e566-4345-9591-972e1cbcfeea" with type "create" is in state "succeeded"#
#2026 05 12 03:53:58.292#Z#DEBUG#2a4a60f1-4db6-11f1-b47b-eeee0a95f40c.OPERATION#flowable-async-job-executor-thread-4179#
Step "Check For Service Binding Operation In Progress" finished#
#2026 05 12 03:53:58.342#Z#DEBUG#2a4a60f1-4db6-11f1-b47b-eeee0a95f40c.OPERATION#flowable-async-job-executor-thread-4179#
[DetermineApplicationServiceBindingActionsStep] Executing task "determineApplicationServiceBindingActionsTask" of process "34415793-4db6-11f1-bedb-eeee0a8627e0"...#
#2026 05 12 03:53:58.349#Z#DEBUG#2a4a60f1-4db6-11f1-b47b-eeee0a95f40c.OPERATION#flowable-async-job-executor-thread-4179#
[DetermineApplicationServiceBindingActionsStep] Determine bind/unbind operations of application "location-tracker-srv" to service instance "location-tracker-auth"#
#2026 05 12 03:53:58.349#Z#DEBUG#2a4a60f1-4db6-11f1-b47b-eeee0a95f40c.OPERATION#flowable-async-job-executor-thread-4179#
[DetermineApplicationServiceBindingActionsStep] Getting application "location-tracker-srv"...#
#2026 05 12 03:53:58.387#Z#DEBUG#2a4a60f1-4db6-11f1-b47b-eeee0a95f40c.OPERATION#flowable-async-job-executor-thread-4179#
[DetermineApplicationServiceBindingActionsStep] Binding parameters for application "location-tracker-srv": { }#
#2026 05 12 03:53:58.428#Z#DEBUG#2a4a60f1-4db6-11f1-b47b-eeee0a95f40c.OPERATION#flowable-async-job-executor-thread-4179#
[DetermineApplicationServiceBindingActionsStep] Check should rebind application "location-tracker-srv" and service instance "location-tracker-auth"#
#2026 05 12 03:53:58.428#Z#DEBUG#2a4a60f1-4db6-11f1-b47b-eeee0a95f40c.OPERATION#flowable-async-job-executor-thread-4179#
[DetermineApplicationServiceBindingActionsStep] Getting GUID of required service instance "location-tracker-auth"...#
#2026 05 12 03:53:58.478#Z#DEBUG#2a4a60f1-4db6-11f1-b47b-eeee0a95f40c.OPERATION#flowable-async-job-executor-thread-4179#
[DetermineApplicationServiceBindingActionsStep] Getting binding of service instance "f65f8b02-5dca-4437-a03d-a9b5f4b53153" with application "89df08ac-9c69-404a-9ee2-4d34f41e6d70"...#
#2026 05 12 03:53:58.515#Z#DEBUG#2a4a60f1-4db6-11f1-b47b-eeee0a95f40c.OPERATION#flowable-async-job-executor-thread-4179#
[DetermineApplicationServiceBindingActionsStep] Getting parameters of service binding "36746de3-e566-4345-9591-972e1cbcfeea"...#
#2026 05 12 03:53:58.551#Z#WARN#2a4a60f1-4db6-11f1-b47b-eeee0a95f40c.OPERATION#flowable-async-job-executor-thread-4179#
[DetermineApplicationServiceBindingActionsStep] Cannot retrieve parameters of binding between application "location-tracker-srv" and service instance "location-tracker-auth"#
#2026 05 12 03:53:58.553#Z#DEBUG#2a4a60f1-4db6-11f1-b47b-eeee0a95f40c.OPERATION#flowable-async-job-executor-thread-4179#
[DetermineApplicationServiceBindingActionsStep] Calculated binding operations between application "location-tracker-srv" and service instance "location-tracker-auth": unbind - true bind - true#
#2026 05 12 03:53:58.553#Z#DEBUG#2a4a60f1-4db6-11f1-b47b-eeee0a95f40c.OPERATION#flowable-async-job-executor-thread-4179#
Step "Determine Application Service Binding Actions" finished#
#2026 05 12 03:53:58.609#Z#DEBUG#2a4a60f1-4db6-11f1-b47b-eeee0a95f40c.OPERATION#flowable-async-job-executor-thread-4179#
[UnbindServiceFromApplicationStep] Executing task "unbindServiceFromApplicationTask" of process "34415793-4db6-11f1-bedb-eeee0a8627e0"...#
#2026 05 12 03:53:58.612#Z#INFO#2a4a60f1-4db6-11f1-b47b-eeee0a95f40c.OPERATION#flowable-async-job-executor-thread-4179#
[UnbindServiceFromApplicationStep] Unbinding service instance "location-tracker-auth" from application "location-tracker-srv"...#
#2026 05 12 03:53:58.621#Z#DEBUG#2a4a60f1-4db6-11f1-b47b-eeee0a95f40c.OPERATION#flowable-async-job-executor-thread-4179#
[UnbindServiceFromApplicationStep] Unbinding application "location-tracker-srv" from service instance "location-tracker-auth"...#
#2026 05 12 03:53:58.807#Z#DEBUG#2a4a60f1-4db6-11f1-b47b-eeee0a95f40c.OPERATION#flowable-async-job-executor-thread-4179#
Step "Unbind Service from Application" finished#
#2026 05 12 03:53:59.338#Z#DEBUG#2a4a60f1-4db6-11f1-b47b-eeee0a95f40c.OPERATION#flowable-async-job-executor-thread-3119#
[CheckServiceBindingOperationStep] Executing task "checkForServiceBindingOperationInProgress" of process "34ec3d71-4db6-11f1-94ac-eeee0a908bed"...#
#2026 05 12 03:53:59.338#Z#DEBUG#2a4a60f1-4db6-11f1-b47b-eeee0a95f40c.OPERATION#flowable-async-job-executor-thread-3119#
[CheckServiceBindingOperationStep] Checking for service binding operation in progress between app "location-tracker-srv" and service instance "location-tracker-db"#
#2026 05 12 03:53:59.340#Z#DEBUG#2a4a60f1-4db6-11f1-b47b-eeee0a95f40c.OPERATION#flowable-async-job-executor-thread-3119#
[CheckServiceBindingOperationStep] Getting application guid "location-tracker-srv"...#
#2026 05 12 03:53:59.379#Z#DEBUG#2a4a60f1-4db6-11f1-b47b-eeee0a95f40c.OPERATION#flowable-async-job-executor-thread-3119#
[CheckServiceBindingOperationStep] Getting GUID of required service instance "location-tracker-db"...#
#2026 05 12 03:53:59.423#Z#DEBUG#2a4a60f1-4db6-11f1-b47b-eeee0a95f40c.OPERATION#flowable-async-job-executor-thread-3119#
[CheckServiceBindingOperationStep] Getting binding of service instance "9f1db384-76f3-4e65-9e84-c50afac5bdd2" with application "89df08ac-9c69-404a-9ee2-4d34f41e6d70"...#
#2026 05 12 03:53:59.482#Z#DEBUG#2a4a60f1-4db6-11f1-b47b-eeee0a95f40c.OPERATION#flowable-async-job-executor-thread-3119#
[CheckServiceBindingOperationStep] Service binding operation "58a618a6-7656-4854-82d4-aa50bbf20980" with type "create" is in state "succeeded"#
#2026 05 12 03:53:59.482#Z#DEBUG#2a4a60f1-4db6-11f1-b47b-eeee0a95f40c.OPERATION#flowable-async-job-executor-thread-3119#
Step "Check For Service Binding Operation In Progress" finished#
#2026 05 12 03:53:59.541#Z#DEBUG#2a4a60f1-4db6-11f1-b47b-eeee0a95f40c.OPERATION#flowable-async-job-executor-thread-3119#
[DetermineApplicationServiceBindingActionsStep] Executing task "determineApplicationServiceBindingActionsTask" of process "34ec3d71-4db6-11f1-94ac-eeee0a908bed"...#
#2026 05 12 03:53:59.544#Z#DEBUG#2a4a60f1-4db6-11f1-b47b-eeee0a95f40c.OPERATION#flowable-async-job-executor-thread-3119#
[DetermineApplicationServiceBindingActionsStep] Determine bind/unbind operations of application "location-tracker-srv" to service instance "location-tracker-db"#
#2026 05 12 03:53:59.544#Z#DEBUG#2a4a60f1-4db6-11f1-b47b-eeee0a95f40c.OPERATION#flowable-async-job-executor-thread-3119#
[DetermineApplicationServiceBindingActionsStep] Getting application "location-tracker-srv"...#
#2026 05 12 03:53:59.590#Z#DEBUG#2a4a60f1-4db6-11f1-b47b-eeee0a95f40c.OPERATION#flowable-async-job-executor-thread-3119#
[DetermineApplicationServiceBindingActionsStep] Binding parameters for application "location-tracker-srv": { }#
#2026 05 12 03:53:59.638#Z#DEBUG#2a4a60f1-4db6-11f1-b47b-eeee0a95f40c.OPERATION#flowable-async-job-executor-thread-3119#
[DetermineApplicationServiceBindingActionsStep] Check should rebind application "location-tracker-srv" and service instance "location-tracker-db"#
#2026 05 12 03:53:59.638#Z#DEBUG#2a4a60f1-4db6-11f1-b47b-eeee0a95f40c.OPERATION#flowable-async-job-executor-thread-3119#
[DetermineApplicationServiceBindingActionsStep] Getting GUID of required service instance "location-tracker-db"...#
#2026 05 12 03:53:59.672#Z#DEBUG#2a4a60f1-4db6-11f1-b47b-eeee0a95f40c.OPERATION#flowable-async-job-executor-thread-3119#
[DetermineApplicationServiceBindingActionsStep] Getting binding of service instance "9f1db384-76f3-4e65-9e84-c50afac5bdd2" with application "89df08ac-9c69-404a-9ee2-4d34f41e6d70"...#
#2026 05 12 03:53:59.719#Z#DEBUG#2a4a60f1-4db6-11f1-b47b-eeee0a95f40c.OPERATION#flowable-async-job-executor-thread-3119#
[DetermineApplicationServiceBindingActionsStep] Getting parameters of service binding "58a618a6-7656-4854-82d4-aa50bbf20980"...#
#2026 05 12 03:53:59.959#Z#INFO#2a4a60f1-4db6-11f1-b47b-eeee0a95f40c.OPERATION#flowable-async-job-executor-thread-3119#
[DetermineApplicationServiceBindingActionsStep] Service instance "location-tracker-db" will not be rebound to application "location-tracker-srv" because the binding parameters are not modified#
#2026 05 12 03:53:59.970#Z#DEBUG#2a4a60f1-4db6-11f1-b47b-eeee0a95f40c.OPERATION#flowable-async-job-executor-thread-3119#
[DetermineApplicationServiceBindingActionsStep] Calculated binding operations between application "location-tracker-srv" and service instance "location-tracker-db": unbind - false bind - false#
#2026 05 12 03:53:59.970#Z#DEBUG#2a4a60f1-4db6-11f1-b47b-eeee0a95f40c.OPERATION#flowable-async-job-executor-thread-3119#
Step "Determine Application Service Binding Actions" finished#
#2026 05 12 03:54:04.979#Z#DEBUG#2a4a60f1-4db6-11f1-b47b-eeee0a95f40c.OPERATION#flowable-async-job-executor-thread-14096#
[UnbindServiceFromApplicationStep] Executing task "unbindServiceFromApplicationTask" of process "34415793-4db6-11f1-bedb-eeee0a8627e0"...#
#2026 05 12 03:54:04.981#Z#DEBUG#2a4a60f1-4db6-11f1-b47b-eeee0a95f40c.OPERATION#flowable-async-job-executor-thread-14096#
[UnbindServiceFromApplicationStep] Getting async job "203f88a5-e979-4537-ba90-000c5dcf00f0"#
#2026 05 12 03:54:04.996#Z#DEBUG#2a4a60f1-4db6-11f1-b47b-eeee0a95f40c.OPERATION#flowable-async-job-executor-thread-14100#
[UnbindServiceFromApplicationStep] Executing task "unbindServiceFromApplicationTask" of process "33c3e9cf-4db6-11f1-94ac-eeee0a908bed"...#
#2026 05 12 03:54:04.997#Z#DEBUG#2a4a60f1-4db6-11f1-b47b-eeee0a95f40c.OPERATION#flowable-async-job-executor-thread-14100#
[UnbindServiceFromApplicationStep] Getting async job "5099512d-2d0b-4805-87a6-8c27fc7220d7"#
#2026 05 12 03:54:05.015#Z#DEBUG#2a4a60f1-4db6-11f1-b47b-eeee0a95f40c.OPERATION#flowable-async-job-executor-thread-14096#
[UnbindServiceFromApplicationStep] Getting service instance "location-tracker-auth"...#
#2026 05 12 03:54:05.046#Z#DEBUG#2a4a60f1-4db6-11f1-b47b-eeee0a95f40c.OPERATION#flowable-async-job-executor-thread-14100#
[UnbindServiceFromApplicationStep] Getting service instance "location-tracker-auth"...#
#2026 05 12 03:54:05.172#Z#DEBUG#2a4a60f1-4db6-11f1-b47b-eeee0a95f40c.OPERATION#flowable-async-job-executor-thread-14096#
[UnbindServiceFromApplicationStep] Async service binding operation with id "203f88a5-e979-4537-ba90-000c5dcf00f0" finished#
#2026 05 12 03:54:05.173#Z#DEBUG#2a4a60f1-4db6-11f1-b47b-eeee0a95f40c.OPERATION#flowable-async-job-executor-thread-14096#
Step "Unbind Service from Application" finished#
#2026 05 12 03:54:05.224#Z#DEBUG#2a4a60f1-4db6-11f1-b47b-eeee0a95f40c.OPERATION#flowable-async-job-executor-thread-14100#
[UnbindServiceFromApplicationStep] Async service binding operation with id "5099512d-2d0b-4805-87a6-8c27fc7220d7" finished#
#2026 05 12 03:54:05.224#Z#DEBUG#2a4a60f1-4db6-11f1-b47b-eeee0a95f40c.OPERATION#flowable-async-job-executor-thread-14100#
Step "Unbind Service from Application" finished#
#2026 05 12 03:54:05.211#Z#DEBUG#2a4a60f1-4db6-11f1-b47b-eeee0a95f40c.OPERATION#flowable-async-job-executor-thread-14096#
[BindServiceToApplicationStep] Executing task "bindServiceToApplicationTask" of process "34415793-4db6-11f1-bedb-eeee0a8627e0"...#
#2026 05 12 03:54:05.212#Z#INFO#2a4a60f1-4db6-11f1-b47b-eeee0a95f40c.OPERATION#flowable-async-job-executor-thread-14096#
[BindServiceToApplicationStep] Binding service instance "location-tracker-auth" to application "location-tracker-srv"...#
#2026 05 12 03:54:05.226#Z#DEBUG#2a4a60f1-4db6-11f1-b47b-eeee0a95f40c.OPERATION#flowable-async-job-executor-thread-14096#
[BindServiceToApplicationStep] Binding service instance "location-tracker-auth" to application "location-tracker-srv" with parameters: { }#
#2026 05 12 03:54:05.257#Z#DEBUG#2a4a60f1-4db6-11f1-b47b-eeee0a95f40c.OPERATION#flowable-async-job-executor-thread-14100#
[BindServiceToApplicationStep] Executing task "bindServiceToApplicationTask" of process "33c3e9cf-4db6-11f1-94ac-eeee0a908bed"...#
#2026 05 12 03:54:05.259#Z#INFO#2a4a60f1-4db6-11f1-b47b-eeee0a95f40c.OPERATION#flowable-async-job-executor-thread-14100#
[BindServiceToApplicationStep] Binding service instance "location-tracker-auth" to application "location-tracker-approuter"...#
#2026 05 12 03:54:05.267#Z#DEBUG#2a4a60f1-4db6-11f1-b47b-eeee0a95f40c.OPERATION#flowable-async-job-executor-thread-14100#
[BindServiceToApplicationStep] Binding service instance "location-tracker-auth" to application "location-tracker-approuter" with parameters: { }#
#2026 05 12 03:54:05.390#Z#DEBUG#2a4a60f1-4db6-11f1-b47b-eeee0a95f40c.OPERATION#flowable-async-job-executor-thread-14096#
Step "Bind Service to Application" finished#
#2026 05 12 03:54:05.438#Z#DEBUG#2a4a60f1-4db6-11f1-b47b-eeee0a95f40c.OPERATION#flowable-async-job-executor-thread-14100#
Step "Bind Service to Application" finished#
#2026 05 12 03:54:04.970#Z#DEBUG#2a4a60f1-4db6-11f1-b47b-eeee0a95f40c.OPERATION#flowable-async-job-executor-thread-14095#
[UploadAppStep] Executing task "uploadAppTask" of process "3385a86e-4db6-11f1-b47b-eeee0a95f40c"...#
#2026 05 12 03:54:04.972#Z#DEBUG#2a4a60f1-4db6-11f1-b47b-eeee0a95f40c.OPERATION#flowable-async-job-executor-thread-14095#
[UploadAppStep] Application upload timeout is default one: 3,600 seconds#
#2026 05 12 03:54:04.973#Z#DEBUG#2a4a60f1-4db6-11f1-b47b-eeee0a95f40c.OPERATION#pool-21-thread-3#
[UploadAppStep] Upload of application: location-tracker-db-deployer started on instance: 2#
#2026 05 12 03:54:04.973#Z#DEBUG#2a4a60f1-4db6-11f1-b47b-eeee0a95f40c.OPERATION#pool-21-thread-3#
[UploadAppStep] Uploading file "location-tracker-db-deployer/data.zip" for application "location-tracker-db-deployer"#
#2026 05 12 03:54:05.136#Z#INFO#2a4a60f1-4db6-11f1-b47b-eeee0a95f40c.OPERATION#pool-21-thread-3#
[UploadAppStep] Time elapsed for app binary download: 162 in millis#
#2026 05 12 03:54:05.136#Z#INFO#2a4a60f1-4db6-11f1-b47b-eeee0a95f40c.OPERATION#pool-21-thread-3#
[UploadAppStep] Size of app location-tracker-db-deployer is 2,432,110 bytes#
#2026 05 12 03:54:05.136#Z#DEBUG#2a4a60f1-4db6-11f1-b47b-eeee0a95f40c.OPERATION#pool-21-thread-3#
[UploadAppStep] Asynchronously uploading binaries for application "location-tracker-db-deployer"...#
#2026 05 12 03:54:05.369#Z#INFO#2a4a60f1-4db6-11f1-b47b-eeee0a95f40c.OPERATION#pool-21-thread-3#
[UploadAppStep] Started async upload of application "location-tracker-db-deployer"#
#2026 05 12 03:54:05.378#Z#INFO#2a4a60f1-4db6-11f1-b47b-eeee0a95f40c.OPERATION#flowable-async-job-executor-thread-14095#
[UploadAppStep] Time elapsed for upload: 405 in millis#
#2026 05 12 03:54:05.378#Z#DEBUG#2a4a60f1-4db6-11f1-b47b-eeee0a95f40c.OPERATION#flowable-async-job-executor-thread-14095#
[UploadAppStep] Getting application "location-tracker-db-deployer"...#
#2026 05 12 03:54:05.403#Z#DEBUG#2a4a60f1-4db6-11f1-b47b-eeee0a95f40c.OPERATION#App upload monitor: 41009167-36d2-49cb-8278-052710c5229f#
[UploadAppStep] Upload status: PROCESSING_UPLOAD#
#2026 05 12 03:54:05.420#Z#DEBUG#2a4a60f1-4db6-11f1-b47b-eeee0a95f40c.OPERATION#flowable-async-job-executor-thread-14095#
[UploadAppStep] Getting environment of application "d8f6db78-8920-425b-9739-2f3f31b01b5b"...#
#2026 05 12 03:54:05.465#Z#DEBUG#2a4a60f1-4db6-11f1-b47b-eeee0a95f40c.OPERATION#flowable-async-job-executor-thread-14095#
[UploadAppStep] Updating environment of application "location-tracker-db-deployer"#
#2026 05 12 03:54:05.574#Z#DEBUG#2a4a60f1-4db6-11f1-b47b-eeee0a95f40c.OPERATION#flowable-async-job-executor-thread-14095#
Step "Upload App" finished#
#2026 05 12 03:54:10.436#Z#DEBUG#2a4a60f1-4db6-11f1-b47b-eeee0a95f40c.OPERATION#App upload monitor: 41009167-36d2-49cb-8278-052710c5229f#
[UploadAppStep] Upload status: READY#
#2026 05 12 03:54:15.029#Z#DEBUG#2a4a60f1-4db6-11f1-b47b-eeee0a95f40c.OPERATION#flowable-async-job-executor-thread-14104#
[UploadAppStep] Executing task "uploadAppTask" of process "3385a86e-4db6-11f1-b47b-eeee0a95f40c"...#
#2026 05 12 03:54:15.031#Z#DEBUG#2a4a60f1-4db6-11f1-b47b-eeee0a95f40c.OPERATION#flowable-async-job-executor-thread-14104#
[UploadAppStep] Application upload timeout is default one: 3,600 seconds#
#2026 05 12 03:54:15.031#Z#DEBUG#2a4a60f1-4db6-11f1-b47b-eeee0a95f40c.OPERATION#flowable-async-job-executor-thread-14104#
[UploadAppStep] Checking upload status of application "location-tracker-db-deployer"...#
#2026 05 12 03:54:15.032#Z#DEBUG#2a4a60f1-4db6-11f1-b47b-eeee0a95f40c.OPERATION#flowable-async-job-executor-thread-14104#
[UploadAppStep] Getting package "41009167-36d2-49cb-8278-052710c5229f"...#
#2026 05 12 03:54:15.062#Z#DEBUG#2a4a60f1-4db6-11f1-b47b-eeee0a95f40c.OPERATION#flowable-async-job-executor-thread-14104#
[UploadAppStep] Application "location-tracker-db-deployer" uploaded#
#2026 05 12 03:54:15.063#Z#DEBUG#2a4a60f1-4db6-11f1-b47b-eeee0a95f40c.OPERATION#flowable-async-job-executor-thread-14104#
Step "Upload App" finished#
#2026 05 12 03:54:15.027#Z#DEBUG#2a4a60f1-4db6-11f1-b47b-eeee0a95f40c.OPERATION#flowable-async-job-executor-thread-14103#
[BindServiceToApplicationStep] Executing task "bindServiceToApplicationTask" of process "34415793-4db6-11f1-bedb-eeee0a8627e0"...#
#2026 05 12 03:54:15.028#Z#DEBUG#2a4a60f1-4db6-11f1-b47b-eeee0a95f40c.OPERATION#flowable-async-job-executor-thread-14103#
[BindServiceToApplicationStep] Getting async job "f6e9ffda-e743-4d39-ab2f-47e29acac15b"#
#2026 05 12 03:54:15.040#Z#DEBUG#2a4a60f1-4db6-11f1-b47b-eeee0a95f40c.OPERATION#flowable-async-job-executor-thread-14108#
[BindServiceToApplicationStep] Executing task "bindServiceToApplicationTask" of process "33c3e9cf-4db6-11f1-94ac-eeee0a908bed"...#
#2026 05 12 03:54:15.041#Z#DEBUG#2a4a60f1-4db6-11f1-b47b-eeee0a95f40c.OPERATION#flowable-async-job-executor-thread-14108#
[BindServiceToApplicationStep] Getting async job "5db42d61-8f0b-4a32-90dd-18e8e2b5e574"#
#2026 05 12 03:54:15.062#Z#DEBUG#2a4a60f1-4db6-11f1-b47b-eeee0a95f40c.OPERATION#flowable-async-job-executor-thread-14103#
[BindServiceToApplicationStep] Getting service instance "location-tracker-auth"...#
#2026 05 12 03:54:15.072#Z#DEBUG#2a4a60f1-4db6-11f1-b47b-eeee0a95f40c.OPERATION#flowable-async-job-executor-thread-14108#
[BindServiceToApplicationStep] Getting service instance "location-tracker-auth"...#
#2026 05 12 03:54:15.175#Z#DEBUG#2a4a60f1-4db6-11f1-b47b-eeee0a95f40c.OPERATION#flowable-async-job-executor-thread-14103#
[BindServiceToApplicationStep] Async service binding operation with id "f6e9ffda-e743-4d39-ab2f-47e29acac15b" finished#
#2026 05 12 03:54:15.176#Z#DEBUG#2a4a60f1-4db6-11f1-b47b-eeee0a95f40c.OPERATION#flowable-async-job-executor-thread-14103#
Step "Bind Service to Application" finished#
#2026 05 12 03:54:15.103#Z#DEBUG#2a4a60f1-4db6-11f1-b47b-eeee0a95f40c.OPERATION#flowable-async-job-executor-thread-14104#
[ScaleAppStep] Executing task "scaleAppTask" of process "3385a86e-4db6-11f1-b47b-eeee0a95f40c"...#
#2026 05 12 03:54:15.105#Z#DEBUG#2a4a60f1-4db6-11f1-b47b-eeee0a95f40c.OPERATION#flowable-async-job-executor-thread-14104#
[ScaleAppStep] Scaling application "location-tracker-db-deployer"...#
#2026 05 12 03:54:15.105#Z#DEBUG#2a4a60f1-4db6-11f1-b47b-eeee0a95f40c.OPERATION#flowable-async-job-executor-thread-14104#
[ScaleAppStep] Getting application guid "location-tracker-db-deployer"...#
#2026 05 12 03:54:15.146#Z#DEBUG#2a4a60f1-4db6-11f1-b47b-eeee0a95f40c.OPERATION#flowable-async-job-executor-thread-14104#
[ScaleAppStep] Getting process for application "d8f6db78-8920-425b-9739-2f3f31b01b5b"...#
#2026 05 12 03:54:15.178#Z#DEBUG#2a4a60f1-4db6-11f1-b47b-eeee0a95f40c.OPERATION#flowable-async-job-executor-thread-14104#
[ScaleAppStep] Application "location-tracker-db-deployer" scaled#
#2026 05 12 03:54:15.178#Z#DEBUG#2a4a60f1-4db6-11f1-b47b-eeee0a95f40c.OPERATION#flowable-async-job-executor-thread-14104#
Step "Scale App" finished#
#2026 05 12 03:54:15.190#Z#DEBUG#2a4a60f1-4db6-11f1-b47b-eeee0a95f40c.OPERATION#flowable-async-job-executor-thread-14108#
[BindServiceToApplicationStep] Async service binding operation with id "5db42d61-8f0b-4a32-90dd-18e8e2b5e574" finished#
#2026 05 12 03:54:15.190#Z#DEBUG#2a4a60f1-4db6-11f1-b47b-eeee0a95f40c.OPERATION#flowable-async-job-executor-thread-14108#
Step "Bind Service to Application" finished#
#2026 05 12 03:54:15.214#Z#DEBUG#2a4a60f1-4db6-11f1-b47b-eeee0a95f40c.OPERATION#flowable-async-job-executor-thread-14104#
[DetermineDesiredStateAchievingActionsStep] Executing task "determineDesiredStateAchievingActionsTask" of process "3385a86e-4db6-11f1-b47b-eeee0a95f40c"...#
#2026 05 12 03:54:15.215#Z#DEBUG#2a4a60f1-4db6-11f1-b47b-eeee0a95f40c.OPERATION#flowable-async-job-executor-thread-14104#
[DetermineDesiredStateAchievingActionsStep] Getting application "location-tracker-db-deployer"...#
#2026 05 12 03:54:15.258#Z#DEBUG#2a4a60f1-4db6-11f1-b47b-eeee0a95f40c.OPERATION#flowable-async-job-executor-thread-14104#
[DetermineDesiredStateAchievingActionsStep] Getting instances for application "location-tracker-db-deployer"...#
#2026 05 12 03:54:15.258#Z#DEBUG#2a4a60f1-4db6-11f1-b47b-eeee0a95f40c.OPERATION#flowable-async-job-executor-thread-14104#
[DetermineDesiredStateAchievingActionsStep] Getting environment of application "d8f6db78-8920-425b-9739-2f3f31b01b5b"...#
#2026 05 12 03:54:15.306#Z#DEBUG#2a4a60f1-4db6-11f1-b47b-eeee0a95f40c.OPERATION#flowable-async-job-executor-thread-14104#
[DetermineDesiredStateAchievingActionsStep] Current state of application location-tracker-db-deployer: STOPPED#
#2026 05 12 03:54:15.306#Z#DEBUG#2a4a60f1-4db6-11f1-b47b-eeee0a95f40c.OPERATION#flowable-async-job-executor-thread-14104#
[DetermineDesiredStateAchievingActionsStep] Desired state of application location-tracker-db-deployer: STOPPED#
#2026 05 12 03:54:15.306#Z#DEBUG#2a4a60f1-4db6-11f1-b47b-eeee0a95f40c.OPERATION#flowable-async-job-executor-thread-14104#
[DetermineDesiredStateAchievingActionsStep] Actions that should be executed on application location-tracker-db-deployer: [STAGE]#
#2026 05 12 03:54:15.307#Z#DEBUG#2a4a60f1-4db6-11f1-b47b-eeee0a95f40c.OPERATION#flowable-async-job-executor-thread-14104#
Step "Determine Desired State Achieving Actions" finished#
#2026 05 12 03:54:15.313#Z#DEBUG#2a4a60f1-4db6-11f1-b47b-eeee0a95f40c.OPERATION#flowable-async-job-executor-thread-14108#
[DetermineVcapServicesPropertiesChangedStep] Executing task "determineVcapServicesPropertiesChangedTask" of process "3e76905f-4db6-11f1-b47b-eeee0a95f40c"...#
#2026 05 12 03:54:15.315#Z#DEBUG#2a4a60f1-4db6-11f1-b47b-eeee0a95f40c.OPERATION#flowable-async-job-executor-thread-14108#
[DetermineVcapServicesPropertiesChangedStep] VCAP_SERVICES properties for application "location-tracker-approuter" changed: true#
#2026 05 12 03:54:15.316#Z#DEBUG#2a4a60f1-4db6-11f1-b47b-eeee0a95f40c.OPERATION#flowable-async-job-executor-thread-14108#
Step "Determine vcap services properties changed" finished#
#2026 05 12 03:54:15.347#Z#DEBUG#2a4a60f1-4db6-11f1-b47b-eeee0a95f40c.OPERATION#flowable-async-job-executor-thread-14102#
[DetermineVcapServicesPropertiesChangedStep] Executing task "determineVcapServicesPropertiesChangedTask" of process "3e76dd83-4db6-11f1-b47b-eeee0a95f40c"...#
#2026 05 12 03:54:15.349#Z#DEBUG#2a4a60f1-4db6-11f1-b47b-eeee0a95f40c.OPERATION#flowable-async-job-executor-thread-14102#
[DetermineVcapServicesPropertiesChangedStep] VCAP_SERVICES properties for application "location-tracker-srv" changed: true#
#2026 05 12 03:54:15.349#Z#DEBUG#2a4a60f1-4db6-11f1-b47b-eeee0a95f40c.OPERATION#flowable-async-job-executor-thread-14102#
Step "Determine vcap services properties changed" finished#
#2026 05 12 03:54:15.357#Z#DEBUG#2a4a60f1-4db6-11f1-b47b-eeee0a95f40c.OPERATION#flowable-async-job-executor-thread-14108#
[UploadAppStep] Executing task "uploadAppTask" of process "3e76905f-4db6-11f1-b47b-eeee0a95f40c"...#
#2026 05 12 03:54:15.359#Z#DEBUG#2a4a60f1-4db6-11f1-b47b-eeee0a95f40c.OPERATION#flowable-async-job-executor-thread-14108#
[UploadAppStep] Application upload timeout is default one: 3,600 seconds#
#2026 05 12 03:54:15.359#Z#INFO#2a4a60f1-4db6-11f1-b47b-eeee0a95f40c.OPERATION#flowable-async-job-executor-thread-14108#
[UploadAppStep] Uploading application "location-tracker-approuter"...#
#2026 05 12 03:54:15.379#Z#DEBUG#2a4a60f1-4db6-11f1-b47b-eeee0a95f40c.OPERATION#flowable-async-job-executor-thread-14108#
[UploadAppStep] Getting application "location-tracker-approuter"...#
#2026 05 12 03:54:15.391#Z#DEBUG#2a4a60f1-4db6-11f1-b47b-eeee0a95f40c.OPERATION#flowable-async-job-executor-thread-14102#
[UploadAppStep] Executing task "uploadAppTask" of process "3e76dd83-4db6-11f1-b47b-eeee0a95f40c"...#
#2026 05 12 03:54:15.393#Z#DEBUG#2a4a60f1-4db6-11f1-b47b-eeee0a95f40c.OPERATION#flowable-async-job-executor-thread-14102#
[UploadAppStep] Application upload timeout is default one: 3,600 seconds#
#2026 05 12 03:54:15.393#Z#INFO#2a4a60f1-4db6-11f1-b47b-eeee0a95f40c.OPERATION#flowable-async-job-executor-thread-14102#
[UploadAppStep] Uploading application "location-tracker-srv"...#
#2026 05 12 03:54:15.401#Z#DEBUG#2a4a60f1-4db6-11f1-b47b-eeee0a95f40c.OPERATION#flowable-async-job-executor-thread-14102#
[UploadAppStep] Getting application "location-tracker-srv"...#
#2026 05 12 03:54:15.425#Z#DEBUG#2a4a60f1-4db6-11f1-b47b-eeee0a95f40c.OPERATION#flowable-async-job-executor-thread-14108#
[UploadAppStep] Getting environment of application "33b337aa-3f96-4a05-9a6c-5fe500e4f2a3"...#
#2026 05 12 03:54:15.436#Z#DEBUG#2a4a60f1-4db6-11f1-b47b-eeee0a95f40c.OPERATION#flowable-async-job-executor-thread-14102#
[UploadAppStep] Getting environment of application "89df08ac-9c69-404a-9ee2-4d34f41e6d70"...#
#2026 05 12 03:54:15.472#Z#INFO#2a4a60f1-4db6-11f1-b47b-eeee0a95f40c.OPERATION#flowable-async-job-executor-thread-14108#
[UploadAppStep] Calculating application digest: "location-tracker-approuter"#
#2026 05 12 03:54:15.483#Z#INFO#2a4a60f1-4db6-11f1-b47b-eeee0a95f40c.OPERATION#flowable-async-job-executor-thread-14102#
[UploadAppStep] Calculating application digest: "location-tracker-srv"#
#2026 05 12 03:54:15.500#Z#DEBUG#2a4a60f1-4db6-11f1-b47b-eeee0a95f40c.OPERATION#flowable-async-job-executor-thread-14108#
Step "Upload App" finished#
#2026 05 12 03:54:15.601#Z#DEBUG#2a4a60f1-4db6-11f1-b47b-eeee0a95f40c.OPERATION#flowable-async-job-executor-thread-14102#
Step "Upload App" finished#
#2026 05 12 03:54:15.360#Z#DEBUG#2a4a60f1-4db6-11f1-b47b-eeee0a95f40c.OPERATION#flowable-async-job-executor-thread-14104#
[StageAppStep] Executing task "stageAppTask" of process "3385a86e-4db6-11f1-b47b-eeee0a95f40c"...#
#2026 05 12 03:54:15.371#Z#DEBUG#2a4a60f1-4db6-11f1-b47b-eeee0a95f40c.OPERATION#flowable-async-job-executor-thread-14104#
[StageAppStep] Application stage timeout is default one: 3,600 seconds#
#2026 05 12 03:54:15.372#Z#INFO#2a4a60f1-4db6-11f1-b47b-eeee0a95f40c.OPERATION#flowable-async-job-executor-thread-14104#
[StageAppStep] Staging application "location-tracker-db-deployer"...#
#2026 05 12 03:54:15.382#Z#DEBUG#2a4a60f1-4db6-11f1-b47b-eeee0a95f40c.OPERATION#flowable-async-job-executor-thread-14104#
[StageAppStep] Creating build for package "41009167-36d2-49cb-8278-052710c5229f"...#
#2026 05 12 03:54:15.741#Z#DEBUG#2a4a60f1-4db6-11f1-b47b-eeee0a95f40c.OPERATION#flowable-async-job-executor-thread-14104#
Step "Stage App" finished#
#2026 05 12 03:54:25.078#Z#DEBUG#2a4a60f1-4db6-11f1-b47b-eeee0a95f40c.OPERATION#flowable-async-job-executor-thread-14116#
[StageAppStep] Executing task "stageAppTask" of process "3385a86e-4db6-11f1-b47b-eeee0a95f40c"...#
#2026 05 12 03:54:25.079#Z#DEBUG#2a4a60f1-4db6-11f1-b47b-eeee0a95f40c.OPERATION#flowable-async-job-executor-thread-14116#
[StageAppStep] Application stage timeout is default one: 3,600 seconds#
#2026 05 12 03:54:25.080#Z#DEBUG#2a4a60f1-4db6-11f1-b47b-eeee0a95f40c.OPERATION#flowable-async-job-executor-thread-14116#
[StageAppStep] Checking status of application "location-tracker-db-deployer"...#
#2026 05 12 03:54:25.080#Z#DEBUG#2a4a60f1-4db6-11f1-b47b-eeee0a95f40c.OPERATION#flowable-async-job-executor-thread-14116#
[StageAppStep] Getting build "61d16897-42c6-49ff-8163-0a103435b556"...#
#2026 05 12 03:54:25.119#Z#DEBUG#2a4a60f1-4db6-11f1-b47b-eeee0a95f40c.OPERATION#flowable-async-job-executor-thread-14116#
[StageAppStep] Staging status of application "location-tracker-db-deployer": PENDING#
#2026 05 12 03:54:25.120#Z#DEBUG#2a4a60f1-4db6-11f1-b47b-eeee0a95f40c.OPERATION#flowable-async-job-executor-thread-14116#
[StageAppStep] Getting application guid "location-tracker-db-deployer"...#
#2026 05 12 03:54:25.347#Z#DEBUG#2a4a60f1-4db6-11f1-b47b-eeee0a95f40c.OPERATION#flowable-async-job-executor-thread-14116#
Step "Stage App" finished#
#2026 05 12 03:54:25.067#Z#DEBUG#2a4a60f1-4db6-11f1-b47b-eeee0a95f40c.OPERATION#flowable-async-job-executor-thread-14113#
[UploadAppStep] Executing task "uploadAppTask" of process "3e76905f-4db6-11f1-b47b-eeee0a95f40c"...#
#2026 05 12 03:54:25.070#Z#DEBUG#2a4a60f1-4db6-11f1-b47b-eeee0a95f40c.OPERATION#flowable-async-job-executor-thread-14113#
[UploadAppStep] Application upload timeout is default one: 3,600 seconds#
#2026 05 12 03:54:25.071#Z#DEBUG#2a4a60f1-4db6-11f1-b47b-eeee0a95f40c.OPERATION#pool-21-thread-3#
[UploadAppStep] Upload of application: location-tracker-approuter started on instance: 2#
#2026 05 12 03:54:25.071#Z#DEBUG#2a4a60f1-4db6-11f1-b47b-eeee0a95f40c.OPERATION#pool-21-thread-3#
[UploadAppStep] Uploading file "location-tracker-approuter/data.zip" for application "location-tracker-approuter"#
#2026 05 12 03:54:25.096#Z#INFO#2a4a60f1-4db6-11f1-b47b-eeee0a95f40c.OPERATION#pool-21-thread-3#
[UploadAppStep] Time elapsed for app binary download: 24 in millis#
#2026 05 12 03:54:25.096#Z#INFO#2a4a60f1-4db6-11f1-b47b-eeee0a95f40c.OPERATION#pool-21-thread-3#
[UploadAppStep] Size of app location-tracker-approuter is 19,307 bytes#
#2026 05 12 03:54:25.096#Z#DEBUG#2a4a60f1-4db6-11f1-b47b-eeee0a95f40c.OPERATION#pool-21-thread-3#
[UploadAppStep] Asynchronously uploading binaries for application "location-tracker-approuter"...#
#2026 05 12 03:54:25.109#Z#DEBUG#2a4a60f1-4db6-11f1-b47b-eeee0a95f40c.OPERATION#flowable-async-job-executor-thread-14109#
[UploadAppStep] Executing task "uploadAppTask" of process "3e76dd83-4db6-11f1-b47b-eeee0a95f40c"...#
#2026 05 12 03:54:25.111#Z#DEBUG#2a4a60f1-4db6-11f1-b47b-eeee0a95f40c.OPERATION#flowable-async-job-executor-thread-14109#
[UploadAppStep] Application upload timeout is default one: 3,600 seconds#
#2026 05 12 03:54:25.113#Z#DEBUG#2a4a60f1-4db6-11f1-b47b-eeee0a95f40c.OPERATION#pool-21-thread-4#
[UploadAppStep] Upload of application: location-tracker-srv started on instance: 2#
#2026 05 12 03:54:25.113#Z#DEBUG#2a4a60f1-4db6-11f1-b47b-eeee0a95f40c.OPERATION#pool-21-thread-4#
[UploadAppStep] Uploading file "location-tracker-srv/data.zip" for application "location-tracker-srv"#
#2026 05 12 03:54:25.347#Z#INFO#2a4a60f1-4db6-11f1-b47b-eeee0a95f40c.OPERATION#pool-21-thread-4#
[UploadAppStep] Time elapsed for app binary download: 233 in millis#
#2026 05 12 03:54:25.347#Z#INFO#2a4a60f1-4db6-11f1-b47b-eeee0a95f40c.OPERATION#pool-21-thread-4#
[UploadAppStep] Size of app location-tracker-srv is 5,663,890 bytes#
#2026 05 12 03:54:25.347#Z#DEBUG#2a4a60f1-4db6-11f1-b47b-eeee0a95f40c.OPERATION#pool-21-thread-4#
[UploadAppStep] Asynchronously uploading binaries for application "location-tracker-srv"...#
#2026 05 12 03:54:25.374#Z#INFO#2a4a60f1-4db6-11f1-b47b-eeee0a95f40c.OPERATION#pool-21-thread-3#
[UploadAppStep] Started async upload of application "location-tracker-approuter"#
#2026 05 12 03:54:25.387#Z#INFO#2a4a60f1-4db6-11f1-b47b-eeee0a95f40c.OPERATION#flowable-async-job-executor-thread-14113#
[UploadAppStep] Time elapsed for upload: 316 in millis#
#2026 05 12 03:54:25.387#Z#DEBUG#2a4a60f1-4db6-11f1-b47b-eeee0a95f40c.OPERATION#flowable-async-job-executor-thread-14113#
[UploadAppStep] Getting application "location-tracker-approuter"...#
#2026 05 12 03:54:25.409#Z#DEBUG#2a4a60f1-4db6-11f1-b47b-eeee0a95f40c.OPERATION#App upload monitor: c03f37eb-5890-4797-930a-57b0a6024504#
[UploadAppStep] Upload status: PROCESSING_UPLOAD#
#2026 05 12 03:54:25.439#Z#DEBUG#2a4a60f1-4db6-11f1-b47b-eeee0a95f40c.OPERATION#flowable-async-job-executor-thread-14113#
[UploadAppStep] Getting environment of application "33b337aa-3f96-4a05-9a6c-5fe500e4f2a3"...#
#2026 05 12 03:54:25.484#Z#DEBUG#2a4a60f1-4db6-11f1-b47b-eeee0a95f40c.OPERATION#flowable-async-job-executor-thread-14113#
[UploadAppStep] Updating environment of application "location-tracker-approuter"#
#2026 05 12 03:54:25.577#Z#DEBUG#2a4a60f1-4db6-11f1-b47b-eeee0a95f40c.OPERATION#flowable-async-job-executor-thread-14113#
Step "Upload App" finished#
#2026 05 12 03:54:25.622#Z#INFO#2a4a60f1-4db6-11f1-b47b-eeee0a95f40c.OPERATION#pool-21-thread-4#
[UploadAppStep] Started async upload of application "location-tracker-srv"#
#2026 05 12 03:54:25.630#Z#INFO#2a4a60f1-4db6-11f1-b47b-eeee0a95f40c.OPERATION#flowable-async-job-executor-thread-14109#
[UploadAppStep] Time elapsed for upload: 518 in millis#
#2026 05 12 03:54:25.631#Z#DEBUG#2a4a60f1-4db6-11f1-b47b-eeee0a95f40c.OPERATION#flowable-async-job-executor-thread-14109#
[UploadAppStep] Getting application "location-tracker-srv"...#
#2026 05 12 03:54:25.655#Z#DEBUG#2a4a60f1-4db6-11f1-b47b-eeee0a95f40c.OPERATION#App upload monitor: eed53f5b-0c8b-473c-93f2-04c121a787cc#
[UploadAppStep] Upload status: PROCESSING_UPLOAD#
#2026 05 12 03:54:25.671#Z#DEBUG#2a4a60f1-4db6-11f1-b47b-eeee0a95f40c.OPERATION#flowable-async-job-executor-thread-14109#
[UploadAppStep] Getting environment of application "89df08ac-9c69-404a-9ee2-4d34f41e6d70"...#
#2026 05 12 03:54:25.717#Z#DEBUG#2a4a60f1-4db6-11f1-b47b-eeee0a95f40c.OPERATION#flowable-async-job-executor-thread-14109#
[UploadAppStep] Updating environment of application "location-tracker-srv"#
#2026 05 12 03:54:25.817#Z#DEBUG#2a4a60f1-4db6-11f1-b47b-eeee0a95f40c.OPERATION#flowable-async-job-executor-thread-14109#
Step "Upload App" finished#
#2026 05 12 03:54:30.442#Z#DEBUG#2a4a60f1-4db6-11f1-b47b-eeee0a95f40c.OPERATION#App upload monitor: c03f37eb-5890-4797-930a-57b0a6024504#
[UploadAppStep] Upload status: READY#
#2026 05 12 03:54:30.690#Z#DEBUG#2a4a60f1-4db6-11f1-b47b-eeee0a95f40c.OPERATION#App upload monitor: eed53f5b-0c8b-473c-93f2-04c121a787cc#
[UploadAppStep] Upload status: PROCESSING_UPLOAD#
#2026 05 12 03:54:35.157#Z#DEBUG#2a4a60f1-4db6-11f1-b47b-eeee0a95f40c.OPERATION#flowable-async-job-executor-thread-14124#
[UploadAppStep] Executing task "uploadAppTask" of process "3e76dd83-4db6-11f1-b47b-eeee0a95f40c"...#
#2026 05 12 03:54:35.159#Z#DEBUG#2a4a60f1-4db6-11f1-b47b-eeee0a95f40c.OPERATION#flowable-async-job-executor-thread-14124#
[UploadAppStep] Application upload timeout is default one: 3,600 seconds#
#2026 05 12 03:54:35.159#Z#DEBUG#2a4a60f1-4db6-11f1-b47b-eeee0a95f40c.OPERATION#flowable-async-job-executor-thread-14124#
[UploadAppStep] Checking upload status of application "location-tracker-srv"...#
#2026 05 12 03:54:35.160#Z#DEBUG#2a4a60f1-4db6-11f1-b47b-eeee0a95f40c.OPERATION#flowable-async-job-executor-thread-14124#
[UploadAppStep] Getting package "eed53f5b-0c8b-473c-93f2-04c121a787cc"...#
#2026 05 12 03:54:35.192#Z#DEBUG#2a4a60f1-4db6-11f1-b47b-eeee0a95f40c.OPERATION#flowable-async-job-executor-thread-14124#
[UploadAppStep] Application "location-tracker-srv" uploaded#
#2026 05 12 03:54:35.193#Z#DEBUG#2a4a60f1-4db6-11f1-b47b-eeee0a95f40c.OPERATION#flowable-async-job-executor-thread-14124#
Step "Upload App" finished#
#2026 05 12 03:54:35.215#Z#DEBUG#2a4a60f1-4db6-11f1-b47b-eeee0a95f40c.OPERATION#flowable-async-job-executor-thread-14118#
[UploadAppStep] Executing task "uploadAppTask" of process "3e76905f-4db6-11f1-b47b-eeee0a95f40c"...#
#2026 05 12 03:54:35.217#Z#DEBUG#2a4a60f1-4db6-11f1-b47b-eeee0a95f40c.OPERATION#flowable-async-job-executor-thread-14118#
[UploadAppStep] Application upload timeout is default one: 3,600 seconds#
#2026 05 12 03:54:35.217#Z#DEBUG#2a4a60f1-4db6-11f1-b47b-eeee0a95f40c.OPERATION#flowable-async-job-executor-thread-14118#
[UploadAppStep] Checking upload status of application "location-tracker-approuter"...#
#2026 05 12 03:54:35.218#Z#DEBUG#2a4a60f1-4db6-11f1-b47b-eeee0a95f40c.OPERATION#flowable-async-job-executor-thread-14118#
[UploadAppStep] Getting package "c03f37eb-5890-4797-930a-57b0a6024504"...#
#2026 05 12 03:54:35.250#Z#DEBUG#2a4a60f1-4db6-11f1-b47b-eeee0a95f40c.OPERATION#flowable-async-job-executor-thread-14118#
[UploadAppStep] Application "location-tracker-approuter" uploaded#
#2026 05 12 03:54:35.252#Z#DEBUG#2a4a60f1-4db6-11f1-b47b-eeee0a95f40c.OPERATION#flowable-async-job-executor-thread-14118#
Step "Upload App" finished#
#2026 05 12 03:54:35.235#Z#DEBUG#2a4a60f1-4db6-11f1-b47b-eeee0a95f40c.OPERATION#flowable-async-job-executor-thread-14124#
[ScaleAppStep] Executing task "scaleAppTask" of process "3e76dd83-4db6-11f1-b47b-eeee0a95f40c"...#
#2026 05 12 03:54:35.237#Z#DEBUG#2a4a60f1-4db6-11f1-b47b-eeee0a95f40c.OPERATION#flowable-async-job-executor-thread-14124#
[ScaleAppStep] Scaling application "location-tracker-srv"...#
#2026 05 12 03:54:35.237#Z#DEBUG#2a4a60f1-4db6-11f1-b47b-eeee0a95f40c.OPERATION#flowable-async-job-executor-thread-14124#
[ScaleAppStep] Getting application guid "location-tracker-srv"...#
#2026 05 12 03:54:35.272#Z#DEBUG#2a4a60f1-4db6-11f1-b47b-eeee0a95f40c.OPERATION#flowable-async-job-executor-thread-14124#
[ScaleAppStep] Getting process for application "89df08ac-9c69-404a-9ee2-4d34f41e6d70"...#
#2026 05 12 03:54:35.290#Z#DEBUG#2a4a60f1-4db6-11f1-b47b-eeee0a95f40c.OPERATION#flowable-async-job-executor-thread-14118#
[ScaleAppStep] Executing task "scaleAppTask" of process "3e76905f-4db6-11f1-b47b-eeee0a95f40c"...#
#2026 05 12 03:54:35.292#Z#DEBUG#2a4a60f1-4db6-11f1-b47b-eeee0a95f40c.OPERATION#flowable-async-job-executor-thread-14118#
[ScaleAppStep] Scaling application "location-tracker-approuter"...#
#2026 05 12 03:54:35.292#Z#DEBUG#2a4a60f1-4db6-11f1-b47b-eeee0a95f40c.OPERATION#flowable-async-job-executor-thread-14118#
[ScaleAppStep] Getting application guid "location-tracker-approuter"...#
#2026 05 12 03:54:35.312#Z#DEBUG#2a4a60f1-4db6-11f1-b47b-eeee0a95f40c.OPERATION#flowable-async-job-executor-thread-14124#
[ScaleAppStep] Application "location-tracker-srv" scaled#
#2026 05 12 03:54:35.312#Z#DEBUG#2a4a60f1-4db6-11f1-b47b-eeee0a95f40c.OPERATION#flowable-async-job-executor-thread-14124#
Step "Scale App" finished#
#2026 05 12 03:54:35.155#Z#DEBUG#2a4a60f1-4db6-11f1-b47b-eeee0a95f40c.OPERATION#flowable-async-job-executor-thread-14122#
[StageAppStep] Executing task "stageAppTask" of process "3385a86e-4db6-11f1-b47b-eeee0a95f40c"...#
#2026 05 12 03:54:35.158#Z#DEBUG#2a4a60f1-4db6-11f1-b47b-eeee0a95f40c.OPERATION#flowable-async-job-executor-thread-14122#
[StageAppStep] Application stage timeout is default one: 3,600 seconds#
#2026 05 12 03:54:35.158#Z#DEBUG#2a4a60f1-4db6-11f1-b47b-eeee0a95f40c.OPERATION#flowable-async-job-executor-thread-14122#
[StageAppStep] Checking status of application "location-tracker-db-deployer"...#
#2026 05 12 03:54:35.158#Z#DEBUG#2a4a60f1-4db6-11f1-b47b-eeee0a95f40c.OPERATION#flowable-async-job-executor-thread-14122#
[StageAppStep] Getting build "61d16897-42c6-49ff-8163-0a103435b556"...#
#2026 05 12 03:54:35.198#Z#DEBUG#2a4a60f1-4db6-11f1-b47b-eeee0a95f40c.OPERATION#flowable-async-job-executor-thread-14122#
[StageAppStep] Staging status of application "location-tracker-db-deployer": PENDING#
#2026 05 12 03:54:35.200#Z#DEBUG#2a4a60f1-4db6-11f1-b47b-eeee0a95f40c.OPERATION#flowable-async-job-executor-thread-14122#
[StageAppStep] Getting application guid "location-tracker-db-deployer"...#
#2026 05 12 03:54:35.324#Z#DEBUG#2a4a60f1-4db6-11f1-b47b-eeee0a95f40c.OPERATION#flowable-async-job-executor-thread-14122#
Step "Stage App" finished#
#2026 05 12 03:54:35.335#Z#DEBUG#2a4a60f1-4db6-11f1-b47b-eeee0a95f40c.OPERATION#flowable-async-job-executor-thread-14118#
[ScaleAppStep] Getting process for application "33b337aa-3f96-4a05-9a6c-5fe500e4f2a3"...#
#2026 05 12 03:54:35.380#Z#DEBUG#2a4a60f1-4db6-11f1-b47b-eeee0a95f40c.OPERATION#flowable-async-job-executor-thread-14118#
[ScaleAppStep] Application "location-tracker-approuter" scaled#
#2026 05 12 03:54:35.380#Z#DEBUG#2a4a60f1-4db6-11f1-b47b-eeee0a95f40c.OPERATION#flowable-async-job-executor-thread-14118#
Step "Scale App" finished#
#2026 05 12 03:54:35.353#Z#DEBUG#2a4a60f1-4db6-11f1-b47b-eeee0a95f40c.OPERATION#flowable-async-job-executor-thread-14124#
[DetermineDesiredStateAchievingActionsStep] Executing task "determineDesiredStateAchievingActionsTask" of process "3e76dd83-4db6-11f1-b47b-eeee0a95f40c"...#
#2026 05 12 03:54:35.354#Z#DEBUG#2a4a60f1-4db6-11f1-b47b-eeee0a95f40c.OPERATION#flowable-async-job-executor-thread-14124#
[DetermineDesiredStateAchievingActionsStep] Getting application "location-tracker-srv"...#
#2026 05 12 03:54:35.393#Z#DEBUG#2a4a60f1-4db6-11f1-b47b-eeee0a95f40c.OPERATION#flowable-async-job-executor-thread-14124#
[DetermineDesiredStateAchievingActionsStep] Getting instances for application "location-tracker-srv"...#
#2026 05 12 03:54:35.414#Z#DEBUG#2a4a60f1-4db6-11f1-b47b-eeee0a95f40c.OPERATION#flowable-async-job-executor-thread-14118#
[DetermineDesiredStateAchievingActionsStep] Executing task "determineDesiredStateAchievingActionsTask" of process "3e76905f-4db6-11f1-b47b-eeee0a95f40c"...#
#2026 05 12 03:54:35.415#Z#DEBUG#2a4a60f1-4db6-11f1-b47b-eeee0a95f40c.OPERATION#flowable-async-job-executor-thread-14118#
[DetermineDesiredStateAchievingActionsStep] Getting application "location-tracker-approuter"...#
#2026 05 12 03:54:35.464#Z#DEBUG#2a4a60f1-4db6-11f1-b47b-eeee0a95f40c.OPERATION#flowable-async-job-executor-thread-14124#
[DetermineDesiredStateAchievingActionsStep] Getting environment of application "89df08ac-9c69-404a-9ee2-4d34f41e6d70"...#
#2026 05 12 03:54:35.464#Z#DEBUG#2a4a60f1-4db6-11f1-b47b-eeee0a95f40c.OPERATION#flowable-async-job-executor-thread-14118#
[DetermineDesiredStateAchievingActionsStep] Getting instances for application "location-tracker-approuter"...#
#2026 05 12 03:54:35.532#Z#DEBUG#2a4a60f1-4db6-11f1-b47b-eeee0a95f40c.OPERATION#flowable-async-job-executor-thread-14124#
[DetermineDesiredStateAchievingActionsStep] Current state of application location-tracker-srv: INCONSISTENT#
#2026 05 12 03:54:35.532#Z#DEBUG#2a4a60f1-4db6-11f1-b47b-eeee0a95f40c.OPERATION#flowable-async-job-executor-thread-14124#
[DetermineDesiredStateAchievingActionsStep] Desired state of application location-tracker-srv: STARTED#
#2026 05 12 03:54:35.532#Z#DEBUG#2a4a60f1-4db6-11f1-b47b-eeee0a95f40c.OPERATION#flowable-async-job-executor-thread-14124#
[DetermineDesiredStateAchievingActionsStep] Actions that should be executed on application location-tracker-srv: [STOP, STAGE, START]#
#2026 05 12 03:54:35.532#Z#DEBUG#2a4a60f1-4db6-11f1-b47b-eeee0a95f40c.OPERATION#flowable-async-job-executor-thread-14124#
Step "Determine Desired State Achieving Actions" finished#
#2026 05 12 03:54:35.563#Z#DEBUG#2a4a60f1-4db6-11f1-b47b-eeee0a95f40c.OPERATION#flowable-async-job-executor-thread-14118#
[DetermineDesiredStateAchievingActionsStep] Getting environment of application "33b337aa-3f96-4a05-9a6c-5fe500e4f2a3"...#
#2026 05 12 03:54:35.603#Z#DEBUG#2a4a60f1-4db6-11f1-b47b-eeee0a95f40c.OPERATION#flowable-async-job-executor-thread-14118#
[DetermineDesiredStateAchievingActionsStep] Current state of application location-tracker-approuter: STARTED#
#2026 05 12 03:54:35.603#Z#DEBUG#2a4a60f1-4db6-11f1-b47b-eeee0a95f40c.OPERATION#flowable-async-job-executor-thread-14118#
[DetermineDesiredStateAchievingActionsStep] Desired state of application location-tracker-approuter: STARTED#
#2026 05 12 03:54:35.603#Z#DEBUG#2a4a60f1-4db6-11f1-b47b-eeee0a95f40c.OPERATION#flowable-async-job-executor-thread-14118#
[DetermineDesiredStateAchievingActionsStep] Actions that should be executed on application location-tracker-approuter: [STOP, STAGE, START]#
#2026 05 12 03:54:35.603#Z#DEBUG#2a4a60f1-4db6-11f1-b47b-eeee0a95f40c.OPERATION#flowable-async-job-executor-thread-14118#
Step "Determine Desired State Achieving Actions" finished#
#2026 05 12 03:54:35.726#Z#DEBUG#2a4a60f1-4db6-11f1-b47b-eeee0a95f40c.OPERATION#App upload monitor: eed53f5b-0c8b-473c-93f2-04c121a787cc#
[UploadAppStep] Upload status: READY#
#2026 05 12 03:54:35.585#Z#DEBUG#2a4a60f1-4db6-11f1-b47b-eeee0a95f40c.OPERATION#flowable-async-job-executor-thread-14124#
[StopAppStep] Executing task "stopAppTask" of process "3e76dd83-4db6-11f1-b47b-eeee0a95f40c"...#
#2026 05 12 03:54:35.588#Z#INFO#2a4a60f1-4db6-11f1-b47b-eeee0a95f40c.OPERATION#flowable-async-job-executor-thread-14124#
[StopAppStep] Stopping application "location-tracker-srv"...#
#2026 05 12 03:54:35.601#Z#DEBUG#2a4a60f1-4db6-11f1-b47b-eeee0a95f40c.OPERATION#flowable-async-job-executor-thread-14124#
[StopAppStep] Stopping application "location-tracker-srv"...#
#2026 05 12 03:54:35.659#Z#DEBUG#2a4a60f1-4db6-11f1-b47b-eeee0a95f40c.OPERATION#flowable-async-job-executor-thread-14118#
[StopAppStep] Executing task "stopAppTask" of process "3e76905f-4db6-11f1-b47b-eeee0a95f40c"...#
#2026 05 12 03:54:35.662#Z#INFO#2a4a60f1-4db6-11f1-b47b-eeee0a95f40c.OPERATION#flowable-async-job-executor-thread-14118#
[StopAppStep] Stopping application "location-tracker-approuter"...#
#2026 05 12 03:54:35.671#Z#DEBUG#2a4a60f1-4db6-11f1-b47b-eeee0a95f40c.OPERATION#flowable-async-job-executor-thread-14118#
[StopAppStep] Stopping application "location-tracker-approuter"...#
#2026 05 12 03:54:35.806#Z#DEBUG#2a4a60f1-4db6-11f1-b47b-eeee0a95f40c.OPERATION#flowable-async-job-executor-thread-14124#
[StopAppStep] Application "location-tracker-srv" stopped#
#2026 05 12 03:54:35.807#Z#DEBUG#2a4a60f1-4db6-11f1-b47b-eeee0a95f40c.OPERATION#flowable-async-job-executor-thread-14124#
[StopAppStep] Getting environment of application "89df08ac-9c69-404a-9ee2-4d34f41e6d70"...#
#2026 05 12 03:54:35.825#Z#DEBUG#2a4a60f1-4db6-11f1-b47b-eeee0a95f40c.OPERATION#flowable-async-job-executor-thread-14118#
[StopAppStep] Application "location-tracker-approuter" stopped#
#2026 05 12 03:54:35.826#Z#DEBUG#2a4a60f1-4db6-11f1-b47b-eeee0a95f40c.OPERATION#flowable-async-job-executor-thread-14118#
[StopAppStep] Getting environment of application "33b337aa-3f96-4a05-9a6c-5fe500e4f2a3"...#
#2026 05 12 03:54:35.854#Z#DEBUG#2a4a60f1-4db6-11f1-b47b-eeee0a95f40c.OPERATION#flowable-async-job-executor-thread-14124#
Step "Stop App" finished#
#2026 05 12 03:54:35.870#Z#DEBUG#2a4a60f1-4db6-11f1-b47b-eeee0a95f40c.OPERATION#flowable-async-job-executor-thread-14118#
Step "Stop App" finished#
#2026 05 12 03:54:35.915#Z#DEBUG#2a4a60f1-4db6-11f1-b47b-eeee0a95f40c.OPERATION#flowable-async-job-executor-thread-14124#
[StageAppStep] Executing task "stageAppTask" of process "4abef054-4db6-11f1-b47b-eeee0a95f40c"...#
#2026 05 12 03:54:35.917#Z#DEBUG#2a4a60f1-4db6-11f1-b47b-eeee0a95f40c.OPERATION#flowable-async-job-executor-thread-14124#
[StageAppStep] Application stage timeout is default one: 3,600 seconds#
#2026 05 12 03:54:35.919#Z#INFO#2a4a60f1-4db6-11f1-b47b-eeee0a95f40c.OPERATION#flowable-async-job-executor-thread-14124#
[StageAppStep] Staging application "location-tracker-srv"...#
#2026 05 12 03:54:35.927#Z#DEBUG#2a4a60f1-4db6-11f1-b47b-eeee0a95f40c.OPERATION#flowable-async-job-executor-thread-14118#
[StageAppStep] Executing task "stageAppTask" of process "4ac0ec30-4db6-11f1-b47b-eeee0a95f40c"...#
#2026 05 12 03:54:35.928#Z#DEBUG#2a4a60f1-4db6-11f1-b47b-eeee0a95f40c.OPERATION#flowable-async-job-executor-thread-14124#
[StageAppStep] Creating build for package "eed53f5b-0c8b-473c-93f2-04c121a787cc"...#
#2026 05 12 03:54:35.929#Z#DEBUG#2a4a60f1-4db6-11f1-b47b-eeee0a95f40c.OPERATION#flowable-async-job-executor-thread-14118#
[StageAppStep] Application stage timeout is default one: 3,600 seconds#
#2026 05 12 03:54:35.931#Z#INFO#2a4a60f1-4db6-11f1-b47b-eeee0a95f40c.OPERATION#flowable-async-job-executor-thread-14118#
[StageAppStep] Staging application "location-tracker-approuter"...#
#2026 05 12 03:54:35.938#Z#DEBUG#2a4a60f1-4db6-11f1-b47b-eeee0a95f40c.OPERATION#flowable-async-job-executor-thread-14118#
[StageAppStep] Creating build for package "c03f37eb-5890-4797-930a-57b0a6024504"...#
#2026 05 12 03:54:36.320#Z#DEBUG#2a4a60f1-4db6-11f1-b47b-eeee0a95f40c.OPERATION#flowable-async-job-executor-thread-14124#
Step "Stage App" finished#
#2026 05 12 03:54:36.325#Z#DEBUG#2a4a60f1-4db6-11f1-b47b-eeee0a95f40c.OPERATION#flowable-async-job-executor-thread-14118#
Step "Stage App" finished#
#2026 05 12 03:54:45.215#Z#DEBUG#2a4a60f1-4db6-11f1-b47b-eeee0a95f40c.OPERATION#flowable-async-job-executor-thread-14128#
[StageAppStep] Executing task "stageAppTask" of process "4abef054-4db6-11f1-b47b-eeee0a95f40c"...#
#2026 05 12 03:54:45.217#Z#DEBUG#2a4a60f1-4db6-11f1-b47b-eeee0a95f40c.OPERATION#flowable-async-job-executor-thread-14128#
[StageAppStep] Application stage timeout is default one: 3,600 seconds#
#2026 05 12 03:54:45.219#Z#DEBUG#2a4a60f1-4db6-11f1-b47b-eeee0a95f40c.OPERATION#flowable-async-job-executor-thread-14128#
[StageAppStep] Checking status of application "location-tracker-srv"...#
#2026 05 12 03:54:45.219#Z#DEBUG#2a4a60f1-4db6-11f1-b47b-eeee0a95f40c.OPERATION#flowable-async-job-executor-thread-14128#
[StageAppStep] Getting build "f4cb3e5e-37f2-4df7-a418-d4c2c9abaa30"...#
#2026 05 12 03:54:45.240#Z#DEBUG#2a4a60f1-4db6-11f1-b47b-eeee0a95f40c.OPERATION#flowable-async-job-executor-thread-14126#
[StageAppStep] Executing task "stageAppTask" of process "4ac0ec30-4db6-11f1-b47b-eeee0a95f40c"...#
#2026 05 12 03:54:45.241#Z#DEBUG#2a4a60f1-4db6-11f1-b47b-eeee0a95f40c.OPERATION#flowable-async-job-executor-thread-14126#
[StageAppStep] Application stage timeout is default one: 3,600 seconds#
#2026 05 12 03:54:45.242#Z#DEBUG#2a4a60f1-4db6-11f1-b47b-eeee0a95f40c.OPERATION#flowable-async-job-executor-thread-14126#
[StageAppStep] Checking status of application "location-tracker-approuter"...#
#2026 05 12 03:54:45.242#Z#DEBUG#2a4a60f1-4db6-11f1-b47b-eeee0a95f40c.OPERATION#flowable-async-job-executor-thread-14126#
[StageAppStep] Getting build "ca939bb1-e071-45ca-a364-442f626ad6b2"...#
#2026 05 12 03:54:45.247#Z#DEBUG#2a4a60f1-4db6-11f1-b47b-eeee0a95f40c.OPERATION#flowable-async-job-executor-thread-14130#
[StageAppStep] Executing task "stageAppTask" of process "3385a86e-4db6-11f1-b47b-eeee0a95f40c"...#
#2026 05 12 03:54:45.249#Z#DEBUG#2a4a60f1-4db6-11f1-b47b-eeee0a95f40c.OPERATION#flowable-async-job-executor-thread-14130#
[StageAppStep] Application stage timeout is default one: 3,600 seconds#
#2026 05 12 03:54:45.250#Z#DEBUG#2a4a60f1-4db6-11f1-b47b-eeee0a95f40c.OPERATION#flowable-async-job-executor-thread-14130#
[StageAppStep] Checking status of application "location-tracker-db-deployer"...#
#2026 05 12 03:54:45.250#Z#DEBUG#2a4a60f1-4db6-11f1-b47b-eeee0a95f40c.OPERATION#flowable-async-job-executor-thread-14130#
[StageAppStep] Getting build "61d16897-42c6-49ff-8163-0a103435b556"...#
#2026 05 12 03:54:45.264#Z#DEBUG#2a4a60f1-4db6-11f1-b47b-eeee0a95f40c.OPERATION#flowable-async-job-executor-thread-14128#
[StageAppStep] Staging status of application "location-tracker-srv": PENDING#
#2026 05 12 03:54:45.265#Z#DEBUG#2a4a60f1-4db6-11f1-b47b-eeee0a95f40c.OPERATION#flowable-async-job-executor-thread-14128#
[StageAppStep] Getting application guid "location-tracker-srv"...#
#2026 05 12 03:54:45.283#Z#DEBUG#2a4a60f1-4db6-11f1-b47b-eeee0a95f40c.OPERATION#flowable-async-job-executor-thread-14126#
[StageAppStep] Staging status of application "location-tracker-approuter": PENDING#
#2026 05 12 03:54:45.284#Z#DEBUG#2a4a60f1-4db6-11f1-b47b-eeee0a95f40c.OPERATION#flowable-async-job-executor-thread-14126#
[StageAppStep] Getting application guid "location-tracker-approuter"...#
#2026 05 12 03:54:45.289#Z#DEBUG#2a4a60f1-4db6-11f1-b47b-eeee0a95f40c.OPERATION#flowable-async-job-executor-thread-14130#
[StageAppStep] Staging status of application "location-tracker-db-deployer": PENDING#
#2026 05 12 03:54:45.291#Z#DEBUG#2a4a60f1-4db6-11f1-b47b-eeee0a95f40c.OPERATION#flowable-async-job-executor-thread-14130#
[StageAppStep] Getting application guid "location-tracker-db-deployer"...#
#2026 05 12 03:54:45.398#Z#DEBUG#2a4a60f1-4db6-11f1-b47b-eeee0a95f40c.OPERATION#flowable-async-job-executor-thread-14130#
Step "Stage App" finished#
#2026 05 12 03:54:45.417#Z#DEBUG#2a4a60f1-4db6-11f1-b47b-eeee0a95f40c.OPERATION#flowable-async-job-executor-thread-14126#
Step "Stage App" finished#
#2026 05 12 03:54:45.447#Z#DEBUG#2a4a60f1-4db6-11f1-b47b-eeee0a95f40c.OPERATION#flowable-async-job-executor-thread-14128#
Step "Stage App" finished#
#2026 05 12 03:54:55.265#Z#DEBUG#2a4a60f1-4db6-11f1-b47b-eeee0a95f40c.OPERATION#flowable-async-job-executor-thread-14137#
[StageAppStep] Executing task "stageAppTask" of process "3385a86e-4db6-11f1-b47b-eeee0a95f40c"...#
#2026 05 12 03:54:55.267#Z#DEBUG#2a4a60f1-4db6-11f1-b47b-eeee0a95f40c.OPERATION#flowable-async-job-executor-thread-14137#
[StageAppStep] Application stage timeout is default one: 3,600 seconds#
#2026 05 12 03:54:55.269#Z#DEBUG#2a4a60f1-4db6-11f1-b47b-eeee0a95f40c.OPERATION#flowable-async-job-executor-thread-14137#
[StageAppStep] Checking status of application "location-tracker-db-deployer"...#
#2026 05 12 03:54:55.269#Z#DEBUG#2a4a60f1-4db6-11f1-b47b-eeee0a95f40c.OPERATION#flowable-async-job-executor-thread-14137#
[StageAppStep] Getting build "61d16897-42c6-49ff-8163-0a103435b556"...#
#2026 05 12 03:54:55.306#Z#DEBUG#2a4a60f1-4db6-11f1-b47b-eeee0a95f40c.OPERATION#flowable-async-job-executor-thread-14137#
[StageAppStep] Staging status of application "location-tracker-db-deployer": STAGED#
#2026 05 12 03:54:55.307#Z#DEBUG#2a4a60f1-4db6-11f1-b47b-eeee0a95f40c.OPERATION#flowable-async-job-executor-thread-14137#
[StageAppStep] Getting application guid "location-tracker-db-deployer"...#
#2026 05 12 03:54:55.317#Z#DEBUG#2a4a60f1-4db6-11f1-b47b-eeee0a95f40c.OPERATION#flowable-async-job-executor-thread-14135#
[StageAppStep] Executing task "stageAppTask" of process "4abef054-4db6-11f1-b47b-eeee0a95f40c"...#
#2026 05 12 03:54:55.319#Z#DEBUG#2a4a60f1-4db6-11f1-b47b-eeee0a95f40c.OPERATION#flowable-async-job-executor-thread-14135#
[StageAppStep] Application stage timeout is default one: 3,600 seconds#
#2026 05 12 03:54:55.320#Z#DEBUG#2a4a60f1-4db6-11f1-b47b-eeee0a95f40c.OPERATION#flowable-async-job-executor-thread-14135#
[StageAppStep] Checking status of application "location-tracker-srv"...#
#2026 05 12 03:54:55.320#Z#DEBUG#2a4a60f1-4db6-11f1-b47b-eeee0a95f40c.OPERATION#flowable-async-job-executor-thread-14135#
[StageAppStep] Getting build "f4cb3e5e-37f2-4df7-a418-d4c2c9abaa30"...#
#2026 05 12 03:54:55.371#Z#DEBUG#2a4a60f1-4db6-11f1-b47b-eeee0a95f40c.OPERATION#flowable-async-job-executor-thread-14134#
[StageAppStep] Executing task "stageAppTask" of process "4ac0ec30-4db6-11f1-b47b-eeee0a95f40c"...#
#2026 05 12 03:54:55.375#Z#DEBUG#2a4a60f1-4db6-11f1-b47b-eeee0a95f40c.OPERATION#flowable-async-job-executor-thread-14134#
[StageAppStep] Application stage timeout is default one: 3,600 seconds#
#2026 05 12 03:54:55.376#Z#DEBUG#2a4a60f1-4db6-11f1-b47b-eeee0a95f40c.OPERATION#flowable-async-job-executor-thread-14134#
[StageAppStep] Checking status of application "location-tracker-approuter"...#
#2026 05 12 03:54:55.376#Z#DEBUG#2a4a60f1-4db6-11f1-b47b-eeee0a95f40c.OPERATION#flowable-async-job-executor-thread-14134#
[StageAppStep] Getting build "ca939bb1-e071-45ca-a364-442f626ad6b2"...#
#2026 05 12 03:54:55.411#Z#DEBUG#2a4a60f1-4db6-11f1-b47b-eeee0a95f40c.OPERATION#flowable-async-job-executor-thread-14137#
[StageAppStep] Getting build "61d16897-42c6-49ff-8163-0a103435b556"...#
#2026 05 12 03:54:55.417#Z#DEBUG#2a4a60f1-4db6-11f1-b47b-eeee0a95f40c.OPERATION#flowable-async-job-executor-thread-14135#
[StageAppStep] Staging status of application "location-tracker-srv": PENDING#
#2026 05 12 03:54:55.419#Z#DEBUG#2a4a60f1-4db6-11f1-b47b-eeee0a95f40c.OPERATION#flowable-async-job-executor-thread-14135#
[StageAppStep] Getting application guid "location-tracker-srv"...#
#2026 05 12 03:54:55.420#Z#DEBUG#2a4a60f1-4db6-11f1-b47b-eeee0a95f40c.OPERATION#flowable-async-job-executor-thread-14134#
[StageAppStep] Staging status of application "location-tracker-approuter": PENDING#
#2026 05 12 03:54:55.422#Z#DEBUG#2a4a60f1-4db6-11f1-b47b-eeee0a95f40c.OPERATION#flowable-async-job-executor-thread-14134#
[StageAppStep] Getting application guid "location-tracker-approuter"...#
#2026 05 12 03:54:55.453#Z#DEBUG#2a4a60f1-4db6-11f1-b47b-eeee0a95f40c.OPERATION#flowable-async-job-executor-thread-14137#
[StageAppStep] Binding droplet "4ccc0c59-fb21-42d3-acc9-d4df1a49342b" to application "d8f6db78-8920-425b-9739-2f3f31b01b5b"...#
#2026 05 12 03:54:55.509#Z#DEBUG#2a4a60f1-4db6-11f1-b47b-eeee0a95f40c.OPERATION#flowable-async-job-executor-thread-14135#
Step "Stage App" finished#
#2026 05 12 03:54:55.519#Z#INFO#2a4a60f1-4db6-11f1-b47b-eeee0a95f40c.OPERATION#flowable-async-job-executor-thread-14137#
[StageAppStep] Application "location-tracker-db-deployer" staged#
#2026 05 12 03:54:55.528#Z#DEBUG#2a4a60f1-4db6-11f1-b47b-eeee0a95f40c.OPERATION#flowable-async-job-executor-thread-14134#
Step "Stage App" finished#
#2026 05 12 03:54:55.530#Z#DEBUG#2a4a60f1-4db6-11f1-b47b-eeee0a95f40c.OPERATION#flowable-async-job-executor-thread-14137#
Step "Stage App" finished#
#2026 05 12 03:54:55.618#Z#DEBUG#2a4a60f1-4db6-11f1-b47b-eeee0a95f40c.OPERATION#flowable-async-job-executor-thread-14137#
[PrepareToExecuteTasksStep] Executing task "prepareToExecuteTasksTask" of process "567f3598-4db6-11f1-b47b-eeee0a95f40c"...#
#2026 05 12 03:54:55.620#Z#DEBUG#2a4a60f1-4db6-11f1-b47b-eeee0a95f40c.OPERATION#flowable-async-job-executor-thread-14137#
Step "Prepare To Execute Tasks" finished#
#2026 05 12 03:54:55.655#Z#DEBUG#2a4a60f1-4db6-11f1-b47b-eeee0a95f40c.OPERATION#flowable-async-job-executor-thread-14137#
[ExecuteTaskStep] Executing task "executeTaskTask" of process "567f3598-4db6-11f1-b47b-eeee0a95f40c"...#
#2026 05 12 03:54:55.658#Z#DEBUG#2a4a60f1-4db6-11f1-b47b-eeee0a95f40c.OPERATION#flowable-async-job-executor-thread-14137#
[ExecuteTaskStep] Application task execution timeout is default one: 43,200 seconds#
#2026 05 12 03:54:55.659#Z#INFO#2a4a60f1-4db6-11f1-b47b-eeee0a95f40c.OPERATION#flowable-async-job-executor-thread-14137#
[ExecuteTaskStep] Executing task "deploy" on application "location-tracker-db-deployer"...#
#2026 05 12 03:54:55.674#Z#DEBUG#2a4a60f1-4db6-11f1-b47b-eeee0a95f40c.OPERATION#flowable-async-job-executor-thread-14137#
[ExecuteTaskStep] Running task on application "location-tracker-db-deployer": {
  "name" : "deploy",
  "command" : "npm start",
  "limits" : {
    "memory" : 256
  }
}#
#2026 05 12 03:54:55.984#Z#DEBUG#2a4a60f1-4db6-11f1-b47b-eeee0a95f40c.OPERATION#flowable-async-job-executor-thread-14137#
Step "Execute Task" finished#
#2026 05 12 03:55:05.375#Z#DEBUG#2a4a60f1-4db6-11f1-b47b-eeee0a95f40c.OPERATION#flowable-async-job-executor-thread-14144#
[StageAppStep] Executing task "stageAppTask" of process "4abef054-4db6-11f1-b47b-eeee0a95f40c"...#
#2026 05 12 03:55:05.376#Z#DEBUG#2a4a60f1-4db6-11f1-b47b-eeee0a95f40c.OPERATION#flowable-async-job-executor-thread-14144#
[StageAppStep] Application stage timeout is default one: 3,600 seconds#
#2026 05 12 03:55:05.377#Z#DEBUG#2a4a60f1-4db6-11f1-b47b-eeee0a95f40c.OPERATION#flowable-async-job-executor-thread-14144#
[StageAppStep] Checking status of application "location-tracker-srv"...#
#2026 05 12 03:55:05.377#Z#DEBUG#2a4a60f1-4db6-11f1-b47b-eeee0a95f40c.OPERATION#flowable-async-job-executor-thread-14144#
[StageAppStep] Getting build "f4cb3e5e-37f2-4df7-a418-d4c2c9abaa30"...#
#2026 05 12 03:55:05.425#Z#DEBUG#2a4a60f1-4db6-11f1-b47b-eeee0a95f40c.OPERATION#flowable-async-job-executor-thread-14144#
[StageAppStep] Staging status of application "location-tracker-srv": PENDING#
#2026 05 12 03:55:05.426#Z#DEBUG#2a4a60f1-4db6-11f1-b47b-eeee0a95f40c.OPERATION#flowable-async-job-executor-thread-14144#
[StageAppStep] Getting application guid "location-tracker-srv"...#
#2026 05 12 03:55:05.534#Z#DEBUG#2a4a60f1-4db6-11f1-b47b-eeee0a95f40c.OPERATION#flowable-async-job-executor-thread-14144#
Step "Stage App" finished#
#2026 05 12 03:55:05.360#Z#DEBUG#2a4a60f1-4db6-11f1-b47b-eeee0a95f40c.OPERATION#flowable-async-job-executor-thread-14146#
[ExecuteTaskStep] Executing task "executeTaskTask" of process "567f3598-4db6-11f1-b47b-eeee0a95f40c"...#
#2026 05 12 03:55:05.363#Z#DEBUG#2a4a60f1-4db6-11f1-b47b-eeee0a95f40c.OPERATION#flowable-async-job-executor-thread-14146#
[ExecuteTaskStep] Application task execution timeout is default one: 43,200 seconds#
#2026 05 12 03:55:05.365#Z#DEBUG#2a4a60f1-4db6-11f1-b47b-eeee0a95f40c.OPERATION#flowable-async-job-executor-thread-14146#
[ExecuteTaskStep] Getting task "a669717c-956d-4701-9ddc-f0eca33c8ed9"...#
#2026 05 12 03:55:05.412#Z#DEBUG#2a4a60f1-4db6-11f1-b47b-eeee0a95f40c.OPERATION#flowable-async-job-executor-thread-14146#
[ExecuteTaskStep] Task execution status: running#
#2026 05 12 03:55:05.414#Z#DEBUG#2a4a60f1-4db6-11f1-b47b-eeee0a95f40c.OPERATION#flowable-async-job-executor-thread-14146#
[ExecuteTaskStep] Getting application guid "location-tracker-db-deployer"...#
#2026 05 12 03:55:05.515#Z#DEBUG#2a4a60f1-4db6-11f1-b47b-eeee0a95f40c.OPERATION#flowable-async-job-executor-thread-14146#
Step "Execute Task" finished#
#2026 05 12 03:55:05.407#Z#DEBUG#2a4a60f1-4db6-11f1-b47b-eeee0a95f40c.OPERATION#flowable-async-job-executor-thread-3136#
[StageAppStep] Executing task "stageAppTask" of process "4ac0ec30-4db6-11f1-b47b-eeee0a95f40c"...#
#2026 05 12 03:55:05.412#Z#DEBUG#2a4a60f1-4db6-11f1-b47b-eeee0a95f40c.OPERATION#flowable-async-job-executor-thread-3136#
[StageAppStep] Application stage timeout is default one: 3,600 seconds#
#2026 05 12 03:55:05.414#Z#DEBUG#2a4a60f1-4db6-11f1-b47b-eeee0a95f40c.OPERATION#flowable-async-job-executor-thread-3136#
[StageAppStep] Checking status of application "location-tracker-approuter"...#
#2026 05 12 03:55:05.414#Z#DEBUG#2a4a60f1-4db6-11f1-b47b-eeee0a95f40c.OPERATION#flowable-async-job-executor-thread-3136#
[StageAppStep] Getting build "ca939bb1-e071-45ca-a364-442f626ad6b2"...#
#2026 05 12 03:55:05.455#Z#DEBUG#2a4a60f1-4db6-11f1-b47b-eeee0a95f40c.OPERATION#flowable-async-job-executor-thread-3136#
[StageAppStep] Staging status of application "location-tracker-approuter": PENDING#
#2026 05 12 03:55:05.457#Z#DEBUG#2a4a60f1-4db6-11f1-b47b-eeee0a95f40c.OPERATION#flowable-async-job-executor-thread-3136#
[StageAppStep] Getting application guid "location-tracker-approuter"...#
#2026 05 12 03:55:05.565#Z#DEBUG#2a4a60f1-4db6-11f1-b47b-eeee0a95f40c.OPERATION#flowable-async-job-executor-thread-3136#
Step "Stage App" finished#
#2026 05 12 03:55:15.489#Z#DEBUG#2a4a60f1-4db6-11f1-b47b-eeee0a95f40c.OPERATION#flowable-async-job-executor-thread-14149#
[ExecuteTaskStep] Executing task "executeTaskTask" of process "567f3598-4db6-11f1-b47b-eeee0a95f40c"...#
#2026 05 12 03:55:15.492#Z#DEBUG#2a4a60f1-4db6-11f1-b47b-eeee0a95f40c.OPERATION#flowable-async-job-executor-thread-14149#
[ExecuteTaskStep] Application task execution timeout is default one: 43,200 seconds#
#2026 05 12 03:55:15.494#Z#DEBUG#2a4a60f1-4db6-11f1-b47b-eeee0a95f40c.OPERATION#flowable-async-job-executor-thread-14149#
[ExecuteTaskStep] Getting task "a669717c-956d-4701-9ddc-f0eca33c8ed9"...#
#2026 05 12 03:55:15.531#Z#DEBUG#2a4a60f1-4db6-11f1-b47b-eeee0a95f40c.OPERATION#flowable-async-job-executor-thread-14149#
[ExecuteTaskStep] Task execution status: succeeded#
#2026 05 12 03:55:15.533#Z#DEBUG#2a4a60f1-4db6-11f1-b47b-eeee0a95f40c.OPERATION#flowable-async-job-executor-thread-14149#
[ExecuteTaskStep] Getting application guid "location-tracker-db-deployer"...#
#2026 05 12 03:55:15.611#Z#DEBUG#2a4a60f1-4db6-11f1-b47b-eeee0a95f40c.OPERATION#flowable-async-job-executor-thread-14149#
Step "Execute Task" finished#
#2026 05 12 03:55:15.651#Z#DEBUG#2a4a60f1-4db6-11f1-b47b-eeee0a95f40c.OPERATION#flowable-async-job-executor-thread-14149#
[IncrementIndexStep] Executing task "incrementTaskIndexTask" of process "567f3598-4db6-11f1-b47b-eeee0a95f40c"...#
#2026 05 12 03:55:15.653#Z#DEBUG#2a4a60f1-4db6-11f1-b47b-eeee0a95f40c.OPERATION#flowable-async-job-executor-thread-14149#
Step "Increment Task Index" finished#
#2026 05 12 03:55:15.413#Z#DEBUG#2a4a60f1-4db6-11f1-b47b-eeee0a95f40c.OPERATION#flowable-async-job-executor-thread-14152#
[StageAppStep] Executing task "stageAppTask" of process "4ac0ec30-4db6-11f1-b47b-eeee0a95f40c"...#
#2026 05 12 03:55:15.415#Z#DEBUG#2a4a60f1-4db6-11f1-b47b-eeee0a95f40c.OPERATION#flowable-async-job-executor-thread-14152#
[StageAppStep] Application stage timeout is default one: 3,600 seconds#
#2026 05 12 03:55:15.416#Z#DEBUG#2a4a60f1-4db6-11f1-b47b-eeee0a95f40c.OPERATION#flowable-async-job-executor-thread-14152#
[StageAppStep] Checking status of application "location-tracker-approuter"...#
#2026 05 12 03:55:15.416#Z#DEBUG#2a4a60f1-4db6-11f1-b47b-eeee0a95f40c.OPERATION#flowable-async-job-executor-thread-14152#
[StageAppStep] Getting build "ca939bb1-e071-45ca-a364-442f626ad6b2"...#
#2026 05 12 03:55:15.456#Z#DEBUG#2a4a60f1-4db6-11f1-b47b-eeee0a95f40c.OPERATION#flowable-async-job-executor-thread-14152#
[StageAppStep] Staging status of application "location-tracker-approuter": STAGED#
#2026 05 12 03:55:15.459#Z#DEBUG#2a4a60f1-4db6-11f1-b47b-eeee0a95f40c.OPERATION#flowable-async-job-executor-thread-14152#
[StageAppStep] Getting application guid "location-tracker-approuter"...#
#2026 05 12 03:55:15.471#Z#DEBUG#2a4a60f1-4db6-11f1-b47b-eeee0a95f40c.OPERATION#flowable-async-job-executor-thread-14154#
[StageAppStep] Executing task "stageAppTask" of process "4abef054-4db6-11f1-b47b-eeee0a95f40c"...#
#2026 05 12 03:55:15.473#Z#DEBUG#2a4a60f1-4db6-11f1-b47b-eeee0a95f40c.OPERATION#flowable-async-job-executor-thread-14154#
[StageAppStep] Application stage timeout is default one: 3,600 seconds#
#2026 05 12 03:55:15.474#Z#DEBUG#2a4a60f1-4db6-11f1-b47b-eeee0a95f40c.OPERATION#flowable-async-job-executor-thread-14154#
[StageAppStep] Checking status of application "location-tracker-srv"...#
#2026 05 12 03:55:15.474#Z#DEBUG#2a4a60f1-4db6-11f1-b47b-eeee0a95f40c.OPERATION#flowable-async-job-executor-thread-14154#
[StageAppStep] Getting build "f4cb3e5e-37f2-4df7-a418-d4c2c9abaa30"...#
#2026 05 12 03:55:15.518#Z#DEBUG#2a4a60f1-4db6-11f1-b47b-eeee0a95f40c.OPERATION#flowable-async-job-executor-thread-14154#
[StageAppStep] Staging status of application "location-tracker-srv": STAGED#
#2026 05 12 03:55:15.520#Z#DEBUG#2a4a60f1-4db6-11f1-b47b-eeee0a95f40c.OPERATION#flowable-async-job-executor-thread-14154#
[StageAppStep] Getting application guid "location-tracker-srv"...#
#2026 05 12 03:55:15.563#Z#DEBUG#2a4a60f1-4db6-11f1-b47b-eeee0a95f40c.OPERATION#flowable-async-job-executor-thread-14152#
[StageAppStep] Getting build "ca939bb1-e071-45ca-a364-442f626ad6b2"...#
#2026 05 12 03:55:15.591#Z#DEBUG#2a4a60f1-4db6-11f1-b47b-eeee0a95f40c.OPERATION#flowable-async-job-executor-thread-14154#
[StageAppStep] Getting build "f4cb3e5e-37f2-4df7-a418-d4c2c9abaa30"...#
#2026 05 12 03:55:15.594#Z#DEBUG#2a4a60f1-4db6-11f1-b47b-eeee0a95f40c.OPERATION#flowable-async-job-executor-thread-14152#
[StageAppStep] Binding droplet "ecd7c5c7-7277-4f45-83af-592cb4cf0213" to application "33b337aa-3f96-4a05-9a6c-5fe500e4f2a3"...#
#2026 05 12 03:55:15.632#Z#DEBUG#2a4a60f1-4db6-11f1-b47b-eeee0a95f40c.OPERATION#flowable-async-job-executor-thread-14154#
[StageAppStep] Binding droplet "1683e580-9c00-4f20-bd37-0db0b9f78a9a" to application "89df08ac-9c69-404a-9ee2-4d34f41e6d70"...#
#2026 05 12 03:55:15.662#Z#INFO#2a4a60f1-4db6-11f1-b47b-eeee0a95f40c.OPERATION#flowable-async-job-executor-thread-14152#
[StageAppStep] Application "location-tracker-approuter" staged#
#2026 05 12 03:55:15.675#Z#DEBUG#2a4a60f1-4db6-11f1-b47b-eeee0a95f40c.OPERATION#flowable-async-job-executor-thread-14152#
Step "Stage App" finished#
#2026 05 12 03:55:15.695#Z#INFO#2a4a60f1-4db6-11f1-b47b-eeee0a95f40c.OPERATION#flowable-async-job-executor-thread-14154#
[StageAppStep] Application "location-tracker-srv" staged#
#2026 05 12 03:55:15.718#Z#DEBUG#2a4a60f1-4db6-11f1-b47b-eeee0a95f40c.OPERATION#flowable-async-job-executor-thread-14154#
Step "Stage App" finished#
#2026 05 12 03:55:15.808#Z#DEBUG#2a4a60f1-4db6-11f1-b47b-eeee0a95f40c.OPERATION#flowable-async-job-executor-thread-14149#
[PublishConfigurationEntriesStep] Executing task "publishProvidedDependenciesTask" of process "3385a86e-4db6-11f1-b47b-eeee0a95f40c"...#
#2026 05 12 03:55:15.809#Z#DEBUG#2a4a60f1-4db6-11f1-b47b-eeee0a95f40c.OPERATION#flowable-async-job-executor-thread-14149#
[PublishConfigurationEntriesStep] Publishing public provided dependencies for application "location-tracker-db-deployer"...#
#2026 05 12 03:55:15.810#Z#DEBUG#2a4a60f1-4db6-11f1-b47b-eeee0a95f40c.OPERATION#flowable-async-job-executor-thread-14149#
[PublishConfigurationEntriesStep] No public provided dependencies for publishing#
#2026 05 12 03:55:15.810#Z#DEBUG#2a4a60f1-4db6-11f1-b47b-eeee0a95f40c.OPERATION#flowable-async-job-executor-thread-14149#
Step "Publish Provided Dependencies" finished#
#2026 05 12 03:55:15.863#Z#DEBUG#2a4a60f1-4db6-11f1-b47b-eeee0a95f40c.OPERATION#flowable-async-job-executor-thread-14149#
[CreateOrUpdateServiceBrokerStep] Executing task "createOrUpdateServiceBrokerTask" of process "3385a86e-4db6-11f1-b47b-eeee0a95f40c"...#
#2026 05 12 03:55:15.864#Z#DEBUG#2a4a60f1-4db6-11f1-b47b-eeee0a95f40c.OPERATION#flowable-async-job-executor-thread-14149#
[CreateOrUpdateServiceBrokerStep] Creating service brokers...#
#2026 05 12 03:55:15.865#Z#DEBUG#2a4a60f1-4db6-11f1-b47b-eeee0a95f40c.OPERATION#flowable-async-job-executor-thread-14149#
Step "Create Or Update Service Broker " finished#
#2026 05 12 03:55:15.753#Z#DEBUG#2a4a60f1-4db6-11f1-b47b-eeee0a95f40c.OPERATION#flowable-async-job-executor-thread-14151#
[RestartAppStep] Executing task "startAppTask" of process "4ac0ec30-4db6-11f1-b47b-eeee0a95f40c"...#
#2026 05 12 03:55:15.759#Z#DEBUG#2a4a60f1-4db6-11f1-b47b-eeee0a95f40c.OPERATION#flowable-async-job-executor-thread-14151#
[RestartAppStep] Application start timeout is default one: 3,600 seconds#
#2026 05 12 03:55:15.767#Z#DEBUG#2a4a60f1-4db6-11f1-b47b-eeee0a95f40c.OPERATION#flowable-async-job-executor-thread-14151#
[RestartAppStep] Getting application "location-tracker-approuter"...#
#2026 05 12 03:55:15.791#Z#DEBUG#2a4a60f1-4db6-11f1-b47b-eeee0a95f40c.OPERATION#flowable-async-job-executor-thread-14154#
[RestartAppStep] Executing task "startAppTask" of process "4abef054-4db6-11f1-b47b-eeee0a95f40c"...#
#2026 05 12 03:55:15.795#Z#DEBUG#2a4a60f1-4db6-11f1-b47b-eeee0a95f40c.OPERATION#flowable-async-job-executor-thread-14154#
[RestartAppStep] Application start timeout is default one: 3,600 seconds#
#2026 05 12 03:55:15.800#Z#DEBUG#2a4a60f1-4db6-11f1-b47b-eeee0a95f40c.OPERATION#flowable-async-job-executor-thread-14154#
[RestartAppStep] Getting application "location-tracker-srv"...#
#2026 05 12 03:55:15.806#Z#INFO#2a4a60f1-4db6-11f1-b47b-eeee0a95f40c.OPERATION#flowable-async-job-executor-thread-14151#
[RestartAppStep] Starting application "location-tracker-approuter"...#
#2026 05 12 03:55:15.814#Z#DEBUG#2a4a60f1-4db6-11f1-b47b-eeee0a95f40c.OPERATION#flowable-async-job-executor-thread-14151#
[RestartAppStep] Starting application "location-tracker-approuter"...#
#2026 05 12 03:55:15.845#Z#INFO#2a4a60f1-4db6-11f1-b47b-eeee0a95f40c.OPERATION#flowable-async-job-executor-thread-14154#
[RestartAppStep] Starting application "location-tracker-srv"...#
#2026 05 12 03:55:15.856#Z#DEBUG#2a4a60f1-4db6-11f1-b47b-eeee0a95f40c.OPERATION#flowable-async-job-executor-thread-14154#
[RestartAppStep] Starting application "location-tracker-srv"...#
#2026 05 12 03:55:16.194#Z#DEBUG#2a4a60f1-4db6-11f1-b47b-eeee0a95f40c.OPERATION#flowable-async-job-executor-thread-14151#
Step "Start App" finished#
#2026 05 12 03:55:16.228#Z#DEBUG#2a4a60f1-4db6-11f1-b47b-eeee0a95f40c.OPERATION#flowable-async-job-executor-thread-14154#
Step "Start App" finished#
#2026 05 12 03:55:25.504#Z#DEBUG#2a4a60f1-4db6-11f1-b47b-eeee0a95f40c.OPERATION#flowable-async-job-executor-thread-14163#
[RestartAppStep] Executing task "startAppTask" of process "62ca0835-4db6-11f1-b47b-eeee0a95f40c"...#
#2026 05 12 03:55:25.506#Z#DEBUG#2a4a60f1-4db6-11f1-b47b-eeee0a95f40c.OPERATION#flowable-async-job-executor-thread-14163#
[RestartAppStep] Application start timeout is default one: 3,600 seconds#
#2026 05 12 03:55:25.506#Z#DEBUG#2a4a60f1-4db6-11f1-b47b-eeee0a95f40c.OPERATION#flowable-async-job-executor-thread-14163#
[RestartAppStep] Checking status of application "location-tracker-approuter"...#
#2026 05 12 03:55:25.506#Z#DEBUG#2a4a60f1-4db6-11f1-b47b-eeee0a95f40c.OPERATION#flowable-async-job-executor-thread-14163#
[RestartAppStep] Getting application "location-tracker-approuter"...#
#2026 05 12 03:55:25.532#Z#DEBUG#2a4a60f1-4db6-11f1-b47b-eeee0a95f40c.OPERATION#flowable-async-job-executor-thread-14162#
[RestartAppStep] Executing task "startAppTask" of process "62cf114f-4db6-11f1-b47b-eeee0a95f40c"...#
#2026 05 12 03:55:25.535#Z#DEBUG#2a4a60f1-4db6-11f1-b47b-eeee0a95f40c.OPERATION#flowable-async-job-executor-thread-14162#
[RestartAppStep] Application start timeout is default one: 3,600 seconds#
#2026 05 12 03:55:25.535#Z#DEBUG#2a4a60f1-4db6-11f1-b47b-eeee0a95f40c.OPERATION#flowable-async-job-executor-thread-14162#
[RestartAppStep] Checking status of application "location-tracker-srv"...#
#2026 05 12 03:55:25.535#Z#DEBUG#2a4a60f1-4db6-11f1-b47b-eeee0a95f40c.OPERATION#flowable-async-job-executor-thread-14162#
[RestartAppStep] Getting application "location-tracker-srv"...#
#2026 05 12 03:55:25.543#Z#DEBUG#2a4a60f1-4db6-11f1-b47b-eeee0a95f40c.OPERATION#flowable-async-job-executor-thread-14163#
[RestartAppStep] Getting instances for application "location-tracker-approuter"...#
#2026 05 12 03:55:25.574#Z#DEBUG#2a4a60f1-4db6-11f1-b47b-eeee0a95f40c.OPERATION#flowable-async-job-executor-thread-14162#
[RestartAppStep] Getting instances for application "location-tracker-srv"...#
#2026 05 12 03:55:25.625#Z#DEBUG#2a4a60f1-4db6-11f1-b47b-eeee0a95f40c.OPERATION#flowable-async-job-executor-thread-14163#
[RestartAppStep] Application "location-tracker-approuter": 0 of 1 instances running (1 starting)#
#2026 05 12 03:55:25.634#Z#DEBUG#2a4a60f1-4db6-11f1-b47b-eeee0a95f40c.OPERATION#flowable-async-job-executor-thread-14162#
[RestartAppStep] Application "location-tracker-srv": 1 of 1 instances running (1 running)#
#2026 05 12 03:55:25.659#Z#DEBUG#2a4a60f1-4db6-11f1-b47b-eeee0a95f40c.OPERATION#flowable-async-job-executor-thread-14163#
Step "Start App" finished#
#2026 05 12 03:55:25.670#Z#DEBUG#2a4a60f1-4db6-11f1-b47b-eeee0a95f40c.OPERATION#flowable-async-job-executor-thread-14162#
[RestartAppStep] Getting routes for application "89df08ac-9c69-404a-9ee2-4d34f41e6d70"...#
#2026 05 12 03:55:25.712#Z#INFO#2a4a60f1-4db6-11f1-b47b-eeee0a95f40c.OPERATION#flowable-async-job-executor-thread-14162#
[RestartAppStep] Application "location-tracker-srv" started and available at "8cdc8e79trial-dev-location-tracker-srv.cfapps.ap21.hana.ondemand.com"#
#2026 05 12 03:55:25.721#Z#DEBUG#2a4a60f1-4db6-11f1-b47b-eeee0a95f40c.OPERATION#flowable-async-job-executor-thread-14162#
Step "Start App" finished#
#2026 05 12 03:55:35.577#Z#DEBUG#2a4a60f1-4db6-11f1-b47b-eeee0a95f40c.OPERATION#flowable-async-job-executor-thread-14169#
[RestartAppStep] Executing task "startAppTask" of process "686df7e5-4db6-11f1-b47b-eeee0a95f40c"...#
#2026 05 12 03:55:35.579#Z#DEBUG#2a4a60f1-4db6-11f1-b47b-eeee0a95f40c.OPERATION#flowable-async-job-executor-thread-14169#
[RestartAppStep] Application start timeout is default one: 3,600 seconds#
#2026 05 12 03:55:35.580#Z#DEBUG#2a4a60f1-4db6-11f1-b47b-eeee0a95f40c.OPERATION#flowable-async-job-executor-thread-14169#
[RestartAppStep] Checking status of application "location-tracker-approuter"...#
#2026 05 12 03:55:35.581#Z#DEBUG#2a4a60f1-4db6-11f1-b47b-eeee0a95f40c.OPERATION#flowable-async-job-executor-thread-14169#
[RestartAppStep] Getting instances for application "location-tracker-approuter"...#
#2026 05 12 03:55:35.589#Z#DEBUG#2a4a60f1-4db6-11f1-b47b-eeee0a95f40c.OPERATION#flowable-async-job-executor-thread-14171#
[RestartAppStep] Executing task "startAppTask" of process "687794de-4db6-11f1-b47b-eeee0a95f40c"...#
#2026 05 12 03:55:35.601#Z#DEBUG#2a4a60f1-4db6-11f1-b47b-eeee0a95f40c.OPERATION#flowable-async-job-executor-thread-14171#
[RestartAppStep] Application start timeout is default one: 3,600 seconds#
#2026 05 12 03:55:35.603#Z#DEBUG#2a4a60f1-4db6-11f1-b47b-eeee0a95f40c.OPERATION#flowable-async-job-executor-thread-14171#
Step "Start App" finished#
#2026 05 12 03:55:35.704#Z#DEBUG#2a4a60f1-4db6-11f1-b47b-eeee0a95f40c.OPERATION#flowable-async-job-executor-thread-14171#
[PrepareToExecuteTasksStep] Executing task "prepareToExecuteTasksTask" of process "6e631617-4db6-11f1-b47b-eeee0a95f40c"...#
#2026 05 12 03:55:35.707#Z#DEBUG#2a4a60f1-4db6-11f1-b47b-eeee0a95f40c.OPERATION#flowable-async-job-executor-thread-14171#
Step "Prepare To Execute Tasks" finished#
#2026 05 12 03:55:35.659#Z#DEBUG#2a4a60f1-4db6-11f1-b47b-eeee0a95f40c.OPERATION#flowable-async-job-executor-thread-14169#
[RestartAppStep] Application "location-tracker-approuter": 1 of 1 instances running (1 running)#
#2026 05 12 03:55:35.704#Z#DEBUG#2a4a60f1-4db6-11f1-b47b-eeee0a95f40c.OPERATION#flowable-async-job-executor-thread-14169#
[RestartAppStep] Getting routes for application "33b337aa-3f96-4a05-9a6c-5fe500e4f2a3"...#
#2026 05 12 03:55:35.746#Z#INFO#2a4a60f1-4db6-11f1-b47b-eeee0a95f40c.OPERATION#flowable-async-job-executor-thread-14169#
[RestartAppStep] Application "location-tracker-approuter" started and available at "8cdc8e79trial-dev-location-tracker-approuter.cfapps.ap21.hana.ondemand.com"#
#2026 05 12 03:55:35.761#Z#DEBUG#2a4a60f1-4db6-11f1-b47b-eeee0a95f40c.OPERATION#flowable-async-job-executor-thread-14169#
Step "Start App" finished#
#2026 05 12 03:55:35.796#Z#DEBUG#2a4a60f1-4db6-11f1-b47b-eeee0a95f40c.OPERATION#flowable-async-job-executor-thread-14171#
[PublishConfigurationEntriesStep] Executing task "publishProvidedDependenciesTask" of process "6e5b4da8-4db6-11f1-b47b-eeee0a95f40c"...#
#2026 05 12 03:55:35.796#Z#DEBUG#2a4a60f1-4db6-11f1-b47b-eeee0a95f40c.OPERATION#flowable-async-job-executor-thread-14171#
[PublishConfigurationEntriesStep] Publishing public provided dependencies for application "location-tracker-srv"...#
#2026 05 12 03:55:35.797#Z#DEBUG#2a4a60f1-4db6-11f1-b47b-eeee0a95f40c.OPERATION#flowable-async-job-executor-thread-14171#
[PublishConfigurationEntriesStep] No public provided dependencies for publishing#
#2026 05 12 03:55:35.797#Z#DEBUG#2a4a60f1-4db6-11f1-b47b-eeee0a95f40c.OPERATION#flowable-async-job-executor-thread-14171#
Step "Publish Provided Dependencies" finished#
#2026 05 12 03:55:35.861#Z#DEBUG#2a4a60f1-4db6-11f1-b47b-eeee0a95f40c.OPERATION#flowable-async-job-executor-thread-14171#
[CreateOrUpdateServiceBrokerStep] Executing task "createOrUpdateServiceBrokerTask" of process "6e5b4da8-4db6-11f1-b47b-eeee0a95f40c"...#
#2026 05 12 03:55:35.863#Z#DEBUG#2a4a60f1-4db6-11f1-b47b-eeee0a95f40c.OPERATION#flowable-async-job-executor-thread-14171#
[CreateOrUpdateServiceBrokerStep] Creating service brokers...#
#2026 05 12 03:55:35.864#Z#DEBUG#2a4a60f1-4db6-11f1-b47b-eeee0a95f40c.OPERATION#flowable-async-job-executor-thread-14171#
Step "Create Or Update Service Broker " finished#
#2026 05 12 03:55:45.605#Z#DEBUG#2a4a60f1-4db6-11f1-b47b-eeee0a95f40c.OPERATION#flowable-async-job-executor-thread-14177#
[RestartAppStep] Executing task "startAppTask" of process "6e739101-4db6-11f1-b47b-eeee0a95f40c"...#
#2026 05 12 03:55:45.607#Z#DEBUG#2a4a60f1-4db6-11f1-b47b-eeee0a95f40c.OPERATION#flowable-async-job-executor-thread-14177#
[RestartAppStep] Application start timeout is default one: 3,600 seconds#
#2026 05 12 03:55:45.609#Z#DEBUG#2a4a60f1-4db6-11f1-b47b-eeee0a95f40c.OPERATION#flowable-async-job-executor-thread-14177#
Step "Start App" finished#
#2026 05 12 03:55:45.692#Z#DEBUG#2a4a60f1-4db6-11f1-b47b-eeee0a95f40c.OPERATION#flowable-async-job-executor-thread-14177#
[PrepareToExecuteTasksStep] Executing task "prepareToExecuteTasksTask" of process "7457e5c4-4db6-11f1-b47b-eeee0a95f40c"...#
#2026 05 12 03:55:45.694#Z#DEBUG#2a4a60f1-4db6-11f1-b47b-eeee0a95f40c.OPERATION#flowable-async-job-executor-thread-14177#
Step "Prepare To Execute Tasks" finished#
#2026 05 12 03:55:45.755#Z#DEBUG#2a4a60f1-4db6-11f1-b47b-eeee0a95f40c.OPERATION#flowable-async-job-executor-thread-14177#
[PublishConfigurationEntriesStep] Executing task "publishProvidedDependenciesTask" of process "7451f229-4db6-11f1-b47b-eeee0a95f40c"...#
#2026 05 12 03:55:45.756#Z#DEBUG#2a4a60f1-4db6-11f1-b47b-eeee0a95f40c.OPERATION#flowable-async-job-executor-thread-14177#
[PublishConfigurationEntriesStep] Publishing public provided dependencies for application "location-tracker-approuter"...#
#2026 05 12 03:55:45.757#Z#DEBUG#2a4a60f1-4db6-11f1-b47b-eeee0a95f40c.OPERATION#flowable-async-job-executor-thread-14177#
[PublishConfigurationEntriesStep] No public provided dependencies for publishing#
#2026 05 12 03:55:45.757#Z#DEBUG#2a4a60f1-4db6-11f1-b47b-eeee0a95f40c.OPERATION#flowable-async-job-executor-thread-14177#
Step "Publish Provided Dependencies" finished#
#2026 05 12 03:55:45.810#Z#DEBUG#2a4a60f1-4db6-11f1-b47b-eeee0a95f40c.OPERATION#flowable-async-job-executor-thread-14177#
[CreateOrUpdateServiceBrokerStep] Executing task "createOrUpdateServiceBrokerTask" of process "7451f229-4db6-11f1-b47b-eeee0a95f40c"...#
#2026 05 12 03:55:45.811#Z#DEBUG#2a4a60f1-4db6-11f1-b47b-eeee0a95f40c.OPERATION#flowable-async-job-executor-thread-14177#
[CreateOrUpdateServiceBrokerStep] Creating service brokers...#
#2026 05 12 03:55:45.812#Z#DEBUG#2a4a60f1-4db6-11f1-b47b-eeee0a95f40c.OPERATION#flowable-async-job-executor-thread-14177#
Step "Create Or Update Service Broker " finished#
#2026 05 12 03:55:45.994#Z#DEBUG#2a4a60f1-4db6-11f1-b47b-eeee0a95f40c.OPERATION#flowable-async-job-executor-thread-14177#
[CreateSubscriptionsStep] Executing task "createSubscriptionsTask" of process "747d2096-4db6-11f1-b47b-eeee0a95f40c"...#
#2026 05 12 03:55:45.995#Z#DEBUG#2a4a60f1-4db6-11f1-b47b-eeee0a95f40c.OPERATION#flowable-async-job-executor-thread-14177#
[CreateSubscriptionsStep] Creating subscriptions...#
#2026 05 12 03:55:45.996#Z#DEBUG#2a4a60f1-4db6-11f1-b47b-eeee0a95f40c.OPERATION#flowable-async-job-executor-thread-14177#
[CreateSubscriptionsStep] Subscriptions created#
#2026 05 12 03:55:45.996#Z#DEBUG#2a4a60f1-4db6-11f1-b47b-eeee0a95f40c.OPERATION#flowable-async-job-executor-thread-14177#
Step "Create Subscriptions" finished#
#2026 05 12 03:55:46.024#Z#DEBUG#2a4a60f1-4db6-11f1-b47b-eeee0a95f40c.OPERATION#flowable-async-job-executor-thread-14177#
[DeleteSubscriptionsStep] Executing task "deleteSubscriptionsTask" of process "747d2096-4db6-11f1-b47b-eeee0a95f40c"...#
#2026 05 12 03:55:46.025#Z#DEBUG#2a4a60f1-4db6-11f1-b47b-eeee0a95f40c.OPERATION#flowable-async-job-executor-thread-14177#
[DeleteSubscriptionsStep] Deleting discontinued subscriptions...#
#2026 05 12 03:55:46.026#Z#DEBUG#2a4a60f1-4db6-11f1-b47b-eeee0a95f40c.OPERATION#flowable-async-job-executor-thread-14177#
[DeleteSubscriptionsStep] Subscriptions to delete: [ ]#
#2026 05 12 03:55:46.026#Z#DEBUG#2a4a60f1-4db6-11f1-b47b-eeee0a95f40c.OPERATION#flowable-async-job-executor-thread-14177#
[DeleteSubscriptionsStep] Deleted discontinued subscriptions#
#2026 05 12 03:55:46.026#Z#DEBUG#2a4a60f1-4db6-11f1-b47b-eeee0a95f40c.OPERATION#flowable-async-job-executor-thread-14177#
Step "Delete Subscriptions" finished#
#2026 05 12 03:55:46.077#Z#DEBUG#2a4a60f1-4db6-11f1-b47b-eeee0a95f40c.OPERATION#flowable-async-job-executor-thread-14177#
[DeleteDiscontinuedConfigurationEntriesStep] Executing task "deleteDiscontinuedConfigurationEntriesTask" of process "747d2096-4db6-11f1-b47b-eeee0a95f40c"...#
#2026 05 12 03:55:46.078#Z#DEBUG#2a4a60f1-4db6-11f1-b47b-eeee0a95f40c.OPERATION#flowable-async-job-executor-thread-14177#
[DeleteDiscontinuedConfigurationEntriesStep] Deleting discontinued published dependencies...#
#2026 05 12 03:55:46.107#Z#DEBUG#2a4a60f1-4db6-11f1-b47b-eeee0a95f40c.OPERATION#flowable-async-job-executor-thread-14177#
[DeleteDiscontinuedConfigurationEntriesStep] Deleted entries: [ ]#
#2026 05 12 03:55:46.107#Z#DEBUG#2a4a60f1-4db6-11f1-b47b-eeee0a95f40c.OPERATION#flowable-async-job-executor-thread-14177#
[DeleteDiscontinuedConfigurationEntriesStep] Discontinued published dependencies deleted#
#2026 05 12 03:55:46.107#Z#DEBUG#2a4a60f1-4db6-11f1-b47b-eeee0a95f40c.OPERATION#flowable-async-job-executor-thread-14177#
Step "Delete Discontinued Configuration Entries" finished#
#2026 05 12 03:55:46.112#Z#WARN#2a4a60f1-4db6-11f1-b47b-eeee0a95f40c.OPERATION#flowable-async-job-executor-thread-14177#
[DoNotDeleteServicesListener] Skipping deletion of services, because the command line option "--delete-services" is not specified.#
#2026 05 12 03:55:46.174#Z#DEBUG#2a4a60f1-4db6-11f1-b47b-eeee0a95f40c.OPERATION#flowable-async-job-executor-thread-14177#
[DetachServicesFromMtaStep] Executing task "detachServicesFromMtaTask" of process "749e646b-4db6-11f1-b47b-eeee0a95f40c"...#
#2026 05 12 03:55:46.175#Z#DEBUG#2a4a60f1-4db6-11f1-b47b-eeee0a95f40c.OPERATION#flowable-async-job-executor-thread-14177#
[DetachServicesFromMtaStep] Detaching services from MTA...#
#2026 05 12 03:55:46.176#Z#DEBUG#2a4a60f1-4db6-11f1-b47b-eeee0a95f40c.OPERATION#flowable-async-job-executor-thread-14177#
[DetachServicesFromMtaStep] Getting service instances without auxiliary content by names []...#
#2026 05 12 03:55:46.176#Z#DEBUG#2a4a60f1-4db6-11f1-b47b-eeee0a95f40c.OPERATION#flowable-async-job-executor-thread-14177#
[DetachServicesFromMtaStep] Detached services from MTA#
#2026 05 12 03:55:46.176#Z#DEBUG#2a4a60f1-4db6-11f1-b47b-eeee0a95f40c.OPERATION#flowable-async-job-executor-thread-14177#
Step "Detach Services from MTA" finished#
#2026 05 12 03:55:46.207#Z#DEBUG#2a4a60f1-4db6-11f1-b47b-eeee0a95f40c.OPERATION#flowable-async-job-executor-thread-14177#
[UpdateSubscribersStep] Executing task "updateSubscribersTask" of process "749e646b-4db6-11f1-b47b-eeee0a95f40c"...#
#2026 05 12 03:55:46.208#Z#DEBUG#2a4a60f1-4db6-11f1-b47b-eeee0a95f40c.OPERATION#flowable-async-job-executor-thread-14177#
[UpdateSubscribersStep] Updating subscribers...#
#2026 05 12 03:55:46.251#Z#DEBUG#2a4a60f1-4db6-11f1-b47b-eeee0a95f40c.OPERATION#flowable-async-job-executor-thread-14177#
[UpdateSubscribersStep] Subscribers updated#
#2026 05 12 03:55:46.251#Z#DEBUG#2a4a60f1-4db6-11f1-b47b-eeee0a95f40c.OPERATION#flowable-async-job-executor-thread-14177#
Step "Update Subscribers" finished#
#2026 05 12 03:55:46.290#Z#DEBUG#2a4a60f1-4db6-11f1-b47b-eeee0a95f40c.OPERATION#flowable-async-job-executor-thread-14177#
[RestartSubscribersStep] Executing task "restartSubscribersTask" of process "749e646b-4db6-11f1-b47b-eeee0a95f40c"...#
#2026 05 12 03:55:46.291#Z#DEBUG#2a4a60f1-4db6-11f1-b47b-eeee0a95f40c.OPERATION#flowable-async-job-executor-thread-14177#
Step "Restart Subscribers" finished#
#2026 05 12 03:55:46.321#Z#DEBUG#2a4a60f1-4db6-11f1-b47b-eeee0a95f40c.OPERATION#flowable-async-job-executor-thread-14177#
[PrepareToRestartServiceBrokerSubscribersStep] Executing task "prepareToRestartServiceBrokerSubscribersTask" of process "749e646b-4db6-11f1-b47b-eeee0a95f40c"...#
#2026 05 12 03:55:46.323#Z#DEBUG#2a4a60f1-4db6-11f1-b47b-eeee0a95f40c.OPERATION#flowable-async-job-executor-thread-14177#
Step "Prepare To Restart Service Brokers Subscribers" finished#
